text,true emotion,GPT 4.1,GPT 4.1 mini,Gemini 2.5 Flash
你要不要去吃午餐？,平淡語氣,疑問語調,疑問語調,疑問語調
誒誒誒！我甄選上了！,開心語調,開心語調,開心語調,開心語調
我幾天身體好像有點不太舒服，肚子好痛,悲傷語調,關切語調,關切語調,關切語調
我的小專題組員都不做事，幹!超後悔跟他一組,憤怒語調,憤怒語調,憤怒語調,憤怒語調
他們是不是吵架了？不會打起來吧？,平淡語氣,疑問語調,疑問語調,關切語調
你知道嗎?我們班有人交女朋友誒!,驚奇語調,驚奇語調,驚奇語調,驚奇語調
幹！他真的有夠噁心，衛生習慣有夠差。,厭惡語調,厭惡語調,厭惡語調,厭惡語調
啊今天騎腳踏車你去不去？,平淡語氣,疑問語調,疑問語調,疑問語調
我們今天班際籃球賽贏了！！！,開心語調,開心語調,開心語調,開心語調
今天我跟我朋友吵架了,悲傷語調,悲傷語調,悲傷語調,悲傷語調
有人在背後說我胖！幹!,憤怒語調,憤怒語調,憤怒語調,憤怒語調
我好像被我喜歡的人討厭了。,平淡語氣,悲傷語調,悲傷語調,悲傷語調
我剛剛看到有人的眉毛像是蠟筆小新！,驚奇語調,驚奇語調,驚奇語調,驚奇語調
為什麼我的便當裡面都是青椒啦！真的吵討厭吃青椒的！,厭惡語調,憤怒語調,憤怒語調,厭惡語調
這禮拜要去圖書館嗎？,平淡語氣,疑問語調,疑問語調,疑問語調
我這禮拜就要出國玩了!,開心語調,開心語調,開心語調,開心語調
我覺得我好像要被當了...,悲傷語調,悲傷語調,悲傷語調,悲傷語調
你知道嗎?他們竟然分手了!,驚奇語調,驚奇語調,驚奇語調,驚奇語調
我昨天夢到有一隻超大蜘蛛在追著我跑！,平淡語氣,驚奇語調,驚奇語調,驚奇語調
今天去吃的那家餐廳真的蠻髒的。,厭惡語調,厭惡語調,厭惡語調,厭惡語調
我這次終於把程式寫出來了！,開心語調,開心語調,開心語調,開心語調
我今天被老師罵了..,悲傷語調,悲傷語調,悲傷語調,悲傷語調
今年的夏天好像比較晚來,平淡語氣,平淡語氣,平淡語氣,平淡語氣
為什麼他們可以在背後這樣批評人超沒禮貌的。,憤怒語調,憤怒語調,憤怒語調,憤怒語調
他們兩個竟然牽手了!,驚奇語調,驚奇語調,驚奇語調,驚奇語調
你覺得我今天哪裡不一樣？,平淡語氣,疑問語調,疑問語調,疑問語調
今年的聖誕節又要到了！,開心語調,開心語調,開心語調,開心語調
竟然有人會在交換禮物送小番茄？,驚奇語調,驚奇語調,驚奇語調,驚奇語調
明天就要比賽了，真的好緊張。,平淡語氣,關切語調,關切語調,關切語調
這次聖誕節禮物抽到了盜版的東西，煩死了。,厭惡語調,憤怒語調,憤怒語調,憤怒語調
我剛剛座位抽到我好朋友的旁邊！,開心語調,開心語調,驚奇語調,開心語調
黑豹的演員過世了...,悲傷語調,悲傷語調,悲傷語調,悲傷語調
有人在背後說我的壞話！,憤怒語調,憤怒語調,憤怒語調,悲傷語調
你覺得今年我有可能中樂透嗎？,平淡語氣,疑問語調,疑問語調,疑問語調
聽說我們科裡有老師要退休了。,驚奇語調,關切語調,疑問語調,平淡語氣
啊我不小心吃到肉了！,平淡語氣,驚奇語調,驚奇語調,驚奇語調
我媽終於要讓我養狗了！,開心語調,開心語調,開心語調,開心語調
今天的天氣真的超悶。,厭惡語調,平淡語氣,平淡語氣,厭惡語調
這次的表演我犯了一個超大的錯誤，我搞砸了。,悲傷語調,悲傷語調,悲傷語調,悲傷語調
我的同學一直嗆我的飲食習慣。,憤怒語調,憤怒語調,關切語調,關切語調
你知道嗎?國防老師今年已經四十幾歲!,驚奇語調,驚奇語調,驚奇語調,平淡語氣
最近好像有颱風要來誒！,驚奇語調,驚奇語調,驚奇語調,平淡語氣
我終於弄懂了基本電學！,開心語調,開心語調,開心語調,開心語調
這個老師的規定也太奇怪了吧。,厭惡語調,驚奇語調,憤怒語調,厭惡語調
昨天騎腳踏車的時候，我差一點就被車撞了。,平淡語氣,驚奇語調,關切語調,關切語調
我養了三年的魚今天死了...,悲傷語調,悲傷語調,悲傷語調,悲傷語調
你覺得今年的流行趨勢會是什麼?,平淡語氣,疑問語調,疑問語調,疑問語調
有人在公車上對老人家沒禮貌!,憤怒語調,,憤怒語調,憤怒語調
我剛剛在路上看到一個超級像明星的人!,驚奇語調,驚奇語調,驚奇語調,驚奇語調
我剛剛收到了大學錄取通知書!,開心語調,開心語調,開心語調,開心語調
這部電影的特效真的很爛。,厭惡語調,厭惡語調,厭惡語調,厭惡語調
我覺得我快掛了...,平淡語氣,悲傷語調,悲傷語調,悲傷語調
我最喜歡的咖啡廳要關了。,悲傷語調,悲傷語調,悲傷語調,悲傷語調
你覺得人工智能會影響我們的工作嗎?,平淡語氣,疑問語調,疑問語調,疑問語調
有人在網上盜用我的照片!,憤怒語調,憤怒語調,憤怒語調,憤怒語調
我剛發現我家後院有一棵會結果的蘋果樹噎!,驚奇語調,驚奇語調,驚奇語調,驚奇語調
我剛剛在公園看到一隻會說話的鸚鵡!,驚奇語調,驚奇語調,驚奇語調,驚奇語調
我終於存到錢買了一台新相機!,開心語調,開心語調,開心語調,開心語調
"這家店的衣服品質真的很差,穿沒幾次就壞了。",厭惡語調,憤怒語調,厭惡語調,憤怒語調
"我明天要去見未來的公公婆婆,好緊張...",平淡語氣,疑問語調,關切語調,關切語調
我最喜歡的作家去世了...,悲傷語調,悲傷語調,悲傷語調,悲傷語調
你覺得未來的交通工具會是什麼樣子?,平淡語氣,疑問語調,疑問語調,疑問語調
有人在網上散播我的個人信息!,憤怒語調,憤怒語調,憤怒語調,憤怒語調
"我剛剛在抽屜裡發現了一張舊彩券,居然中了大獎!",驚奇語調,驚奇語調,驚奇語調,
我的論文被東森新聞接受了!,開心語調,開心語調,開心語調,開心語調
這個政客的言論真的很令人反感。,厭惡語調,厭惡語調,厭惡語調,厭惡語調
我好像聽到房子裡有奇怪的聲音...,平淡語氣,驚奇語調,疑問語調,關切語調
"我最好的朋友要移民了,以後可能很難見面了。",悲傷語調,悲傷語調,悲傷語調,悲傷語調
你覺得學習一門新語言重要嗎?,平淡語氣,疑問語調,疑問語調,疑問語調
有人在公共場所亂丟垃圾!,憤怒語調,憤怒語調,憤怒語調,憤怒語調
我剛剛在街上遇到了我的偶像!,驚奇語調,開心語調,驚奇語調,開心語調
我剛剛在後院發現了一個古老的時間膠囊!,驚奇語調,驚奇語調,驚奇語調,驚奇語調
我的寵物狗剛剛學會了一個新把戲!,開心語調,開心語調,開心語調,開心語調
這個網紅的行為真的很惹人厭。,厭惡語調,厭惡語調,厭惡語調,厭惡語調
"我明天要坐雲霄飛車,但我很怕高...",平淡語氣,關切語調,關切語調,關切語調
我最喜歡的餐廳因為疫情關門了...,悲傷語調,悲傷語調,悲傷語調,悲傷語調
你覺得未來人類會移民火星嗎?,平淡語氣,疑問語調,疑問語調,疑問語調
有人在網上冒充我詐騙!,憤怒語調,憤怒語調,憤怒語調,憤怒語調
我剛剛在舊衣服口袋裡找到一張中獎彩券!,驚奇語調,開心語調,驚奇語調,開心語調
我終於完成了我的第一本小說!,開心語調,開心語調,開心語調,開心語調
這家餐廳的衛生條件真的很糟糕。,厭惡語調,厭惡語調,厭惡語調,厭惡語調
我聽說附近可能有食人魚出沒...,平淡語氣,驚奇語調,疑問語調,關切語調
我養了十年的盆栽今天枯萎了。,悲傷語調,悲傷語調,悲傷語調,悲傷語調
你覺得人工智能會取代藝術家嗎?,平淡語氣,疑問語調,疑問語調,疑問語調
有人偷了我辛苦栽種的花!,憤怒語調,憤怒語調,憤怒語調,憤怒語調
我剛剛發現我家附近有一個秘密的地下隧道!,驚奇語調,驚奇語調,驚奇語調,驚奇語調
我今天終於拿到我的畢業證書了！,開心語調,開心語調,開心語調,開心語調
我昨天和陳安羽吵架了，現在很難過。,悲傷語調,悲傷語調,悲傷語調,悲傷語調
今天有個人插我隊，真的很不爽！,憤怒語調,憤怒語調,憤怒語調,憤怒語調
最近工作壓力很大，我擔心自己做不好。,平淡語氣,悲傷語調,關切語調,關切語調
你知道嗎？他居然考上了台科大！,驚奇語調,驚奇語調,驚奇語調,驚奇語調
今天的午餐味道好奇怪，有點想吐。,厭惡語調,厭惡語調,悲傷語調,關切語調
今天要不要一起去看電影？,平淡語氣,疑問語調,疑問語調,疑問語調
我剛剛中了彩卷，雖然只是1000塊錢！,開心語調,開心語調,開心語調,開心語調
最近的工作進度很糟糕，我覺得自己越來越沒自信。,悲傷語調,悲傷語調,悲傷語調,悲傷語調
為什麼那麼多人都只會拖延，害我什麼都做不了！,憤怒語調,憤怒語調,憤怒語調,憤怒語調
這週末要專題報告，我好怕報告的不好。,平淡語氣,悲傷語調,關切語調,悲傷語調
哇，他竟然一天內就完成了這麼多事情！,驚奇語調,驚奇語調,驚奇語調,驚奇語調
這件外套穿起來好不舒服，我真的受不了。,厭惡語調,憤怒語調,憤怒語調,厭惡語調
我終於完成了這個專案，超開心的！,開心語調,開心語調,開心語調,開心語調
我的貓今天走丟了，我好擔心牠。,悲傷語調,關切語調,關切語調,關切語調
那個人竟然在我說話的時候打斷我，有夠白癡！,憤怒語調,憤怒語調,憤怒語調,憤怒語調
我對明天的面試真的很緊張，很怕沒辦法通過。,平淡語氣,關切語調,關切語調,關切語調
你竟然一次就解出這麼難的題！,驚奇語調,驚奇語調,驚奇語調,驚奇語調
這一家的咖啡真的很難喝。,厭惡語調,厭惡語調,厭惡語調,厭惡語調
下班後要不要一起去吃飯？,平淡語氣,疑問語調,開心語調,疑問語調
我真的很想放假，我不想再回到那種環境了。,悲傷語調,悲傷語調,悲傷語調,悲傷語調
我覺得現在這種情況真的很危險。,平淡語氣,關切語調,關切語調,關切語調
為什麼每次都是我被罵？,憤怒語調,悲傷語調,疑問語調,憤怒語調
你想聽一個好消息！,開心語調,開心語調,開心語調,開心語調
今天要做一些整理工作。,平淡語氣,平淡語氣,平淡語氣,平淡語氣
這份報告真的是太差了。,厭惡語調,憤怒語調,憤怒語調,憤怒語調
你覺得我應該要怎麼做才好？,平淡語氣,疑問語調,疑問語調,疑問語調
我居然忘了今天是我們的周年紀念日！,驚奇語調,驚奇語調,驚奇語調,驚奇語調
我真的覺得一切都不順利。,悲傷語調,悲傷語調,悲傷語調,悲傷語調
我剛剛完成了一個大項目，感覺一身輕。,開心語調,開心語調,開心語調,開心語調
我今天又沒考好，真的很失望。,悲傷語調,悲傷語調,悲傷語調,悲傷語調
我對於這個我從未見過的情況感到非常不安。,平淡語氣,關切語調,關切語調,關切語調
我已經告訴他很多次了，他還是一直做錯。,憤怒語調,憤怒語調,憤怒語調,憤怒語調
我剛剛收到了一封很好的消息！,開心語調,開心語調,開心語調,開心語調
我今天打算去超市。,平淡語氣,平淡語氣,平淡語氣,平淡語氣
這部電影的劇情真的不知道在演什麼。,厭惡語調,疑問語調,疑問語調,
你覺得這個主意怎麼樣？,平淡語氣,疑問語調,疑問語調,疑問語調
我竟然在海洋廣場遇到了我國中同學！,驚奇語調,驚奇語調,驚奇語調,驚奇語調
我最近覺得天在跟我作對。,悲傷語調,悲傷語調,悲傷語調,悲傷語調
我今天買到了我很想看的書。,開心語調,開心語調,開心語調,開心語調
我很怕等下的的考試會考很爛。,平淡語氣,悲傷語調,關切語調,關切語調
為什麼每次都是我最後一個被通知。,憤怒語調,悲傷語調,疑問語調,憤怒語調
我打算下週去旅遊。,平淡語氣,平淡語氣,平淡語氣,平淡語氣
我竟然在路上看到一隻熊！,驚奇語調,驚奇語調,驚奇語調,驚奇語調
我覺得我最近的努力都沒有得到回報。,悲傷語調,悲傷語調,悲傷語調,悲傷語調
我剛剛完成了一個很重要的項目。,開心語調,開心語調,開心語調,開心語調
幹！沈浩霖總是打斷我講話。,憤怒語調,憤怒語調,憤怒語調,憤怒語調
今天的天氣如何？,平淡語氣,疑問語調,疑問語調,疑問語調
我聽說最近有一個地方很危險，我有點擔心。,平淡語氣,關切語調,關切語調,關切語調
我真的受不了這種無聊的會議。,厭惡語調,厭惡語調,憤怒語調,憤怒語調
為什麼我的意見總是被忽略？,憤怒語調,疑問語調,疑問語調,悲傷語調
我最近學會了一個新的東西，有點爽。,開心語調,開心語調,開心語調,開心語調
昨天半夜的時候我聽到奇怪的聲音，我有點害怕。,平淡語氣,關切語調,關切語調,關切語調
我今天升主管了，超開心的！,開心語調,開心語調,開心語調,開心語調
我超不爽我王郁潔，他總是把工作推給我！,憤怒語調,憤怒語調,憤怒語調,憤怒語調
那家餐廳的食物真的很難吃，害我一整天的心情都不好。,厭惡語調,,憤怒語調,憤怒語調
最近壓力好大，快死了。,悲傷語調,悲傷語調,悲傷語調,悲傷語調
我剛剛看到一隻貓從樹上跳了下來，還沒事欸！,驚奇語調,驚奇語調,驚奇語調,驚奇語調
我週末可以幹嘛？,平淡語氣,疑問語調,疑問語調,疑問語調
我剛剛完成了我的第一個程式報告！,開心語調,開心語調,開心語調,開心語調
我有點擔心明天的考試，感覺準備得不夠好。,平淡語氣,關切語調,關切語調,關切語調
我真的受夠了他怎麼敢提這種要求啊！到底有沒有動腦？,憤怒語調,憤怒語調,憤怒語調,憤怒語調
我覺得最近大家都好冷淡，都沒人理我。,悲傷語調,悲傷語調,悲傷語調,悲傷語調
哇靠！我剛剛發現我中了發票！,驚奇語調,驚奇語調,驚奇語調,開心語調
我剛剛吃到一個噁心的漢堡，吃下去真的讓我差點吐出來。,厭惡語調,厭惡語調,厭惡語調,厭惡語調
今天的天氣真好，很適合打球。,開心語調,開心語調,開心語調,開心語調
我最近壓力好大，覺得很累。,悲傷語調,悲傷語調,悲傷語調,悲傷語調
你知道嗎？我剛剛碰到了一個我以為再也見不到的人欸！,驚奇語調,驚奇語調,驚奇語調,驚奇語調
最近疫情好像又變嚴重了，我有點擔心。,平淡語氣,關切語調,關切語調,關切語調
我剛剛在比賽中拿到了第一名！,開心語調,開心語調,開心語調,開心語調
我今天去了一家餐廳，媽的！服務態度超差！,厭惡語調,憤怒語調,憤怒語調,憤怒語調
幹！我的手機又壞了，唉！,憤怒語調,憤怒語調,憤怒語調,
我最近感覺自己做什麼都很不順，有點沒自信。,悲傷語調,悲傷語調,悲傷語調,悲傷語調
你知道嗎？我們以前的老師現在變成了作家！,驚奇語調,驚奇語調,驚奇語調,驚奇語調
晚上有空嗎？要不要去看場電影。,平淡語氣,開心語調,關切語調,疑問語調
今天開會的時候，有人一直打斷我的話，真的很不爽。,厭惡語調,憤怒語調,憤怒語調,憤怒語調
我已經訂好了我們下週要住的旅館囉！超期待的！,開心語調,開心語調,開心語調,開心語調
我最近真的覺得生活失去了方向。,悲傷語調,悲傷語調,悲傷語調,悲傷語調
最近聽說公司要裁員，我好怕自己會被波及。,平淡語氣,悲傷語調,關切語調,悲傷語調
我剛收到通知，我錄取了清大！,開心語調,開心語調,開心語調,開心語調
我真的受不了，每次都是我加班，別人都不做事！,憤怒語調,憤怒語調,憤怒語調,憤怒語調
我真的討厭那種一直吹自己有多強的人。,厭惡語調,厭惡語調,厭惡語調,厭惡語調
我的狗狗生病了，我好擔心牠。,悲傷語調,關切語調,關切語調,關切語調
你知道嗎？李維哲居然要去環遊世界了！,驚奇語調,驚奇語調,驚奇語調,驚奇語調
今天晚上吃什麼好呢？,平淡語氣,疑問語調,疑問語調,平淡語氣
我今天遇到的那個人真的很沒品。,厭惡語調,厭惡語調,厭惡語調,憤怒語調
終於完成了這個專案，真是太開心了！,開心語調,開心語調,開心語調,開心語調
最近的事情讓我覺得壓力好大，總是沒有動力做事情。,悲傷語調,悲傷語調,悲傷語調,悲傷語調
我明天要去做健康檢查，有點緊張。,平淡語氣,關切語調,關切語調,關切語調
我終於把我的論文寫完了，真舒服！,開心語調,開心語調,開心語調,開心語調
幹！我的網路又斷了，這已經是今天的第三次了！,憤怒語調,,憤怒語調,憤怒語調
今天去的那家咖啡店，環境真的很糟糕。,厭惡語調,厭惡語調,厭惡語調,厭惡語調
我最近一直覺得心情很低落，什麼事情都提不起勁。,悲傷語調,悲傷語調,悲傷語調,悲傷語調
我剛剛發現我的老同學現在變成了明星！,驚奇語調,驚奇語調,驚奇語調,驚奇語調
這個週末要不要一起去公園走走？,平淡語氣,開心語調,關切語調,疑問語調
那個人每次都說些很噁心的話，我真的很討厭他。,厭惡語調,厭惡語調,厭惡語調,厭惡語調
我剛換了新手機，超級喜歡！,開心語調,開心語調,開心語調,開心語調
最近工作一直不順利，覺得好累。,悲傷語調,悲傷語調,悲傷語調,悲傷語調
我剛才夢到被人追殺，幹超恐怖的！,平淡語氣,驚奇語調,驚奇語調,
我終於買到了那款限量版的鞋子！等了超久的！,開心語調,開心語調,開心語調,開心語調
我跟主管反應問題，結果他完全不想理我！,憤怒語調,憤怒語調,憤怒語調,憤怒語調
那家餐廳的菜真的不行，油膩到不行。,厭惡語調,厭惡語調,厭惡語調,厭惡語調
最近和家人的關係有點緊張，讓我心情很差。,悲傷語調,悲傷語調,悲傷語調,悲傷語調
你知道嗎？張景祥居然辭職去開了自己的公司！,驚奇語調,驚奇語調,驚奇語調,驚奇語調
你明天有空嗎？要不要一起去喝杯咖啡。,平淡語氣,開心語調,疑問語調,疑問語調
我真的無法忍受高芸茜，他真的超愛抱怨，一點小事都可以說一整天。,厭惡語調,厭惡語調,厭惡語調,厭惡語調
我今天終於完成了我的健身目標，我現在超級壯的，哈哈！,開心語調,開心語調,開心語調,開心語調
我朋友要搬到國外了，有點難過。,悲傷語調,悲傷語調,悲傷語調,悲傷語調
我剛剛看到新聞說最近治安不好，我有點怕出門。,平淡語氣,關切語調,關切語調,關切語調
我今天考試拿了滿分！,開心語調,開心語調,開心語調,開心語調
老闆居然讓我加班，明明說好下班就可以走的！,憤怒語調,憤怒語調,憤怒語調,憤怒語調
我剛剛去的那家店服務態度很差，真不想再去。,厭惡語調,憤怒語調,憤怒語調,憤怒語調
我今天真的過得很糟，所有事情都不順。,悲傷語調,悲傷語調,悲傷語調,悲傷語調
你知道嗎？我剛碰到了一個小時候的朋友，真沒想到會在這裡遇見他！,驚奇語調,驚奇語調,驚奇語調,
這週末我們可以去爬山，你覺得怎麼樣？,平淡語氣,開心語調,開心語調,疑問語調
他講話真的有點賤，感覺一直諷刺人。,厭惡語調,厭惡語調,厭惡語調,厭惡語調
我今天完全沒想到她會送我禮物，超級開心的！,開心語調,開心語調,開心語調,開心語調
我感覺最近跟朋友的關係變得有點冷淡。,悲傷語調,悲傷語調,關切語調,悲傷語調
我今天要去看牙醫，從小到現在牙醫都是我的惡夢，好緊張喔！,平淡語氣,關切語調,關切語調,
我剛買了我一直想要的那台筆電，我存了很久的錢終於存到了，超舒服的！,開心語調,開心語調,開心語調,開心語調
我訂的快遞竟然被弄丟了，會不會太誇張！,憤怒語調,憤怒語調,憤怒語調,憤怒語調
今天公司午餐的味道真的不行，有夠難吃。,厭惡語調,厭惡語調,厭惡語調,厭惡語調
我好想我的家人，已經好久沒見到他們了。,悲傷語調,悲傷語調,悲傷語調,悲傷語調
我剛收到一個來自陌生人寄來的包裹！,驚奇語調,驚奇語調,驚奇語調,驚奇語調
下週有沒有時間一起去看展覽？,平淡語氣,疑問語調,疑問語調,疑問語調
那個人真的是超沒禮貌了，我沒辦法想像他父母怎麼教的。,厭惡語調,憤怒語調,憤怒語調,憤怒語調
我剛學會了一個新技能，現在超有成就感！,開心語調,開心語調,開心語調,開心語調
最近壓力好大，感覺自己快撐不住了。,悲傷語調,悲傷語調,悲傷語調,悲傷語調
我剛接到一個陌生電話，感覺是詐騙。,平淡語氣,疑問語調,疑問語調,關切語調
我終於學會游泳了！不會再被笑了！,開心語調,開心語調,開心語調,開心語調
我真的無法忍受他那副自以為是的樣子！,憤怒語調,憤怒語調,憤怒語調,憤怒語調
今天吃的那個點心，真的超難吃的。,厭惡語調,厭惡語調,厭惡語調,厭惡語調
最近的日子過得真是難熬，感覺什麼都不順。,悲傷語調,悲傷語調,悲傷語調,悲傷語調
我剛剛在全家（便利商店）遇到了以前的老師！,驚奇語調,驚奇語調,驚奇語調,驚奇語調
你覺得這件事要怎麼處理比較好？,平淡語氣,疑問語調,疑問語調,疑問語調
這件衣服的材質摸起來不怎麼好，完全不想穿。,厭惡語調,厭惡語調,厭惡語調,厭惡語調
我今天發現了一家超棒的小吃店，食物很讚又便宜！,開心語調,開心語調,開心語調,開心語調
我覺得最近和朋友的關係越來越疏遠，心裡很難過。,悲傷語調,悲傷語調,悲傷語調,悲傷語調
我最近想換個工作。,平淡語氣,平淡語氣,平淡語氣,平淡語氣
我居然在IG上看到了我以前的同學。,驚奇語調,驚奇語調,驚奇語調,驚奇語調
最近好像都是一個人。,悲傷語調,悲傷語調,悲傷語調,悲傷語調
今天晚上有要幹嘛嗎？,平淡語氣,疑問語調,疑問語調,疑問語調
我達成了一個長期的目標，我非常滿意。,開心語調,開心語調,開心語調,開心語調
我很害怕未來要幹嘛。,平淡語氣,悲傷語調,悲傷語調,關切語調
我真的很討厭做這種繁瑣的工作。,厭惡語調,厭惡語調,厭惡語調,厭惡語調
我很不滿意這個決定。,憤怒語調,憤怒語調,憤怒語調,憤怒語調
我今天打算要處理一些文件。,平淡語氣,平淡語氣,平淡語氣,平淡語氣
我沒想到我會得到這個獎項！,驚奇語調,驚奇語調,驚奇語調,驚奇語調
我覺得我沒有拿到應有回報。,悲傷語調,憤怒語調,悲傷語調,憤怒語調
我剛剛收到了一個稱讚，真的很開心。,開心語調,開心語調,開心語調,開心語調
今天的工作還算順利。,平淡語氣,平淡語氣,平淡語氣,開心語調
這次演講我非常緊張。,平淡語氣,關切語調,疑問語調,
我真的不喜歡看無聊的節目。,厭惡語調,厭惡語調,厭惡語調,厭惡語調
為什麼我總是要替別人的錯誤負責？,憤怒語調,疑問語調,疑問語調,憤怒語調
我終於升職了，真的很開心！,開心語調,開心語調,開心語調,開心語調
我最近在學習一門新技能。,平淡語氣,平淡語氣,平淡語氣,平淡語氣
我最近很低落，好像我什麼都做不好。,悲傷語調,悲傷語調,悲傷語調,悲傷語調
我發現陳彥樺竟然會說西班牙語！,驚奇語調,驚奇語調,驚奇語調,驚奇語調
為什麼每次都要在最後一刻才改變計劃？,憤怒語調,疑問語調,疑問語調,憤怒語調
我想了解更多關於海洋生態的資訊。,平淡語氣,疑問語調,關切語調,平淡語氣
我擔心我沒辦法完成這個重要的項目。,平淡語氣,關切語調,關切語調,關切語調
我剛買了一部新的iPhone16 ，感覺真棒！,開心語調,開心語調,開心語調,開心語調
我最近和陳思愷的關係變得很緊張。,悲傷語調,關切語調,關切語調,關切語調
我竟然在旅行中遇到了我以前的同事！,驚奇語調,驚奇語調,驚奇語調,驚奇語調
這裡的食物真的很難吃。,厭惡語調,厭惡語調,厭惡語調,厭惡語調
我最近在整理我的日程表。,平淡語氣,平淡語氣,平淡語氣,平淡語氣
我好怕這次考試失常。,平淡語氣,關切語調,關切語調,悲傷語調
今天的電影蠻好看的。,開心語調,開心語調,開心語調,開心語調
我最近總覺得很孤單。,悲傷語調,悲傷語調,悲傷語調,悲傷語調
我今天在街上看到一隻很大的狗。,驚奇語調,平淡語氣,平淡語氣,平淡語氣
這次的服務態度超爛。,憤怒語調,憤怒語調,憤怒語調,憤怒語調
我在想要不要培養新的技能。,平淡語氣,疑問語調,疑問語調,
我好怕以後沒有工作。,平淡語氣,悲傷語調,悲傷語調,悲傷語調
我今天遇到了一個很久沒見的老朋友。,開心語調,平淡語氣,驚奇語調,開心語調
我覺得最近做什麼都好無助。,悲傷語調,悲傷語調,悲傷語調,悲傷語調
我的媽媽竟然為我準備了一個驚喜派對！,驚奇語調,驚奇語調,驚奇語調,開心語調
我買了新的書。,平淡語氣,平淡語氣,平淡語氣,平淡語氣
今天我收到了我夢寐以求的禮物！,開心語調,開心語調,開心語調,開心語調
我覺得最近的努力都沒有得到想要的結果。,悲傷語調,悲傷語調,悲傷語調,悲傷語調
我昨天在圖書館遇到了一位著名的作家。,驚奇語調,驚奇語調,驚奇語調,平淡語氣
為什麼每次都要等到最後一刻才解決問題？,憤怒語調,憤怒語調,疑問語調,憤怒語調
我在考慮換工作。,平淡語氣,平淡語氣,疑問語調,平淡語氣
我好怕在面試中表現不好。,平淡語氣,關切語調,關切語調,關切語調
我今天試了一個新的食譜，結果超好吃！,開心語調,開心語調,開心語調,開心語調
我最近很難找到可以休息的時間。,悲傷語調,悲傷語調,關切語調,關切語調
我竟然在IG上看到了一個非常奇怪的貼文。,驚奇語調,驚奇語調,驚奇語調,驚奇語調
為什麼我總是被忽視？,憤怒語調,悲傷語調,疑問語調,悲傷語調
我今天做了個關於工作的計劃。,平淡語氣,平淡語氣,平淡語氣,平淡語氣
我對新環境都會感到很不安。,平淡語氣,悲傷語調,關切語調,關切語調
我收到了朋友送的生日禮物，超開心的！,開心語調,開心語調,開心語調,開心語調
我最近感覺自己被朋友孤立了。,悲傷語調,悲傷語調,悲傷語調,悲傷語調
我昨天在街上碰到了我的偶像。,驚奇語調,驚奇語調,驚奇語調,開心語調
我非常反對這個新的政策。,厭惡語調,憤怒語調,憤怒語調,憤怒語調
我今天學到了很多新知識。,平淡語氣,開心語調,開心語調,開心語調
我最近有點擔心我的健康狀況。,平淡語氣,關切語調,關切語調,關切語調
我今天做了一件很有意義的事情。,開心語調,開心語調,開心語調,開心語調
最近一直覺得自己的心情處於低谷。,悲傷語調,悲傷語調,悲傷語調,悲傷語調
我在學校發現了一個非常有趣的社團。,驚奇語調,開心語調,驚奇語調,開心語調
為什麼每次都會有這麼多的麻煩？,憤怒語調,疑問語調,憤怒語調,
我最近在學習怎麼寫程式。,平淡語氣,平淡語氣,平淡語氣,平淡語氣
我和朋友之間的關係變得有點緊張。,悲傷語調,悲傷語調,關切語調,悲傷語調
我終於完成了我一直想做的項目！,開心語調,開心語調,開心語調,開心語調
我最近對我的工作環境非常不滿意。,憤怒語調,憤怒語調,憤怒語調,
我在圖書館找到了一本非常少見的書。,驚奇語調,驚奇語調,開心語調,驚奇語調
我對未來的計劃感到很焦慮。,平淡語氣,關切語調,關切語調,悲傷語調
我真的受夠了這些無聊的會議。,厭惡語調,憤怒語調,憤怒語調,厭惡語調
我正在整理我的書桌。,平淡語氣,平淡語氣,平淡語氣,平淡語氣
我今天獲得了一個獎！,開心語調,開心語調,開心語調,開心語調
我覺得自己在工作上沒有得到應有的認可。,悲傷語調,悲傷語調,悲傷語調,悲傷語調
我昨天看到了一條新聞，它讓我改變了我的生活。,驚奇語調,驚奇語調,關切語調,
總是有人在會議上打斷我的發言。,憤怒語調,憤怒語調,憤怒語調,
我今天去了超市。,平淡語氣,平淡語氣,平淡語氣,平淡語氣
我好怕會錯過截止日期。,平淡語氣,關切語調,關切語調,關切語調
我最近學會了一項新技能。,開心語調,開心語調,開心語調,
我最近很孤單。,悲傷語調,悲傷語調,悲傷語調,悲傷語調
我最近遇到了一位以前的老朋友。,驚奇語調,平淡語氣,平淡語氣,平淡語氣
我覺得自己總是被別人忽略。,憤怒語調,悲傷語調,悲傷語調,悲傷語調
我今天有點累。,平淡語氣,悲傷語調,平淡語氣,關切語調
我最近參加了一個有趣的營隊。,開心語調,開心語調,開心語調,開心語調
我對某些事情感到非常失望。,悲傷語調,悲傷語調,悲傷語調,悲傷語調
我發現了一個我從沒去過的地方。,驚奇語調,驚奇語調,驚奇語調,驚奇語調
我們昨天晚上玩了一個超好玩的桌遊！,開心語調,開心語調。,開心語調,開心語調
我昨天輸了比賽。,悲傷語調,悲傷語調,悲傷語調,悲傷語調
隊友總是把我搞得很生氣。,憤怒語調,憤怒語調,憤怒語調,憤怒語調
最近我在玩一個新遊戲。,平淡語氣,平淡語氣,平淡語氣,平淡語氣
我竟然在遊戲裡獲得了第一名。,驚奇語調,驚奇語調,開心語調,開心語調
我今天打籃球打得非常開心。,開心語調,開心語調,開心語調,開心語調
那個裁判真的很不公平，完全偏心對方。,憤怒語調,憤怒語調,憤怒語調,憤怒語調
我們今天有一場籃球比賽。,平淡語氣,平淡語氣,平淡語氣,平淡語氣
我最近的表現一直不如預期。,悲傷語調,悲傷語調,悲傷語調,悲傷語調
我的朋友竟然打破了校隊的紀錄！,驚奇語調,驚奇語調,驚奇語調,驚奇語調
我剛剛在IG上發布了一則貼文。,平淡語氣,平淡語氣,平淡語氣,平淡語氣
我在IG上的貼文得到了很多按讚！,開心語調,開心語調,開心語調,開心語調
我的IG帳號被盜了。,悲傷語調,悲傷語調,關切語調,關切語調
有人在我的貼文下留了一則攻擊性的評論。,憤怒語調,關切語調,關切語調,憤怒語調
我看到了一個非常驚人的貼文，它有很多人分享。,驚奇語調,驚奇語調,驚奇語調,驚奇語調
我剛學會了彈小星星，練了超久終於學會了！,開心語調,開心語調,開心語調,開心語調
今天排練的時候，他居然又沒來，每次都這樣！,憤怒語調,憤怒語調,憤怒語調,憤怒語調
下週的成果發表，我好緊張，怕彈錯。,平淡語氣,關切語調,關切語調,關切語調
今天社團的音響設備又出問題，直接狂暴音。,厭惡語調,憤怒語調,憤怒語調,憤怒語調
最近練吉他好累，覺得自己怎麼練都沒進步。,悲傷語調,悲傷語調,悲傷語調,悲傷語調
你知道嗎？社長居然在一個比賽上得了冠軍！,驚奇語調,驚奇語調,驚奇語調,驚奇語調
我剛剛寫的程式終於成功，之前一直報錯，超爽的！,開心語調,開心語調,開心語調,開心語調
我的電腦突然崩潰了，他沒給我存檔，我寫的程式全沒了，我快哭了！,憤怒語調,悲傷語調,悲傷語調,悲傷語調
老師說下週要交專案，我還什麼都沒做，頭好痛！,平淡語氣,悲傷語調,憤怒語調,關切語調
這堂課的軟體操作真的好複雜，我完全搞不懂。,厭惡語調,悲傷語調,悲傷語調,悲傷語調
我怎麼試都無法解決這個bug，感覺自己好沒用。,悲傷語調,悲傷語調,悲傷語調,悲傷語調
老師今天居然用Python寫了一個FPS遊戲，超酷的！,驚奇語調,驚奇語調,開心語調,開心語調
我剛在市場找到一個超便宜的水果攤，這些水果好蠻新鮮的！,開心語調,開心語調,開心語調,開心語調
這個商店的價格居然比上次貴了好多，漲那麼多真的太誇張了！,憤怒語調,憤怒語調,憤怒語調,憤怒語調
這裡人太多了，我有點擔心會不會被扒手盯上。,平淡語氣,關切語調,關切語調,關切語調
這家賣的肉看起來不太新鮮，我不敢買。,厭惡語調,厭惡語調,厭惡語調,關切語調
我今天沒帶夠錢，很多想買的東西都沒法買了。,悲傷語調,悲傷語調,悲傷語調,悲傷語調
哇！這裡有個賣古董的攤位，我從來沒在夜市見過這種東西！,驚奇語調,驚奇語調,驚奇語調,驚奇語調
昨晚的比賽太精彩了！勇士隊終於贏了，超爽的！,開心語調,開心語調,開心語調,開心語調
裁判的判決太不公平了，我覺得我們被陰了！,憤怒語調,憤怒語調,憤怒語調,憤怒語調
你知道嗎？Lebron昨晚居然又破了一項紀錄，太不可思議了！,驚奇語調,驚奇語調,驚奇語調,驚奇語調
唉，湖人隊又輸了，今年季後賽估計沒希望了。,悲傷語調,悲傷語調,悲傷語調,悲傷語調
我很擔心我們的主力球員受傷，這會影響我們進季後賽的機會。,平淡語氣,關切語調,關切語調,關切語調
我真的不喜歡那個球員的打法，他給我的感覺是一直想要自己來。,厭惡語調,厭惡語調,厭惡語調,厭惡語調
這裡的風景太美了！真是個露營的好地方。,開心語調,開心語調,開心語調,開心語調
帳篷的支架居然壞了！真是氣死我了。,憤怒語調,憤怒語調,憤怒語調,憤怒語調
天好像快黑了，我有點擔心找不到路回營地。,平淡語氣,關切語調,關切語調,關切語調
哎，蚊子實在太多了，真的很煩。,厭惡語調,厭惡語調,厭惡語調,厭惡語調
我們準備的食物好像不夠，感覺有點失策。,悲傷語調,悲傷語調,悲傷語調,關切語調
那天的星星好亮，太漂亮了！,驚奇語調,開心語調,開心語調,開心語調
這場演唱會太棒了！現場氣氛超嗨！,開心語調,開心語調,開心語調,開心語調
後面那個人一直推我，真的很沒禮貌！,憤怒語調,憤怒語調,憤怒語調,憤怒語調
人太多了，我有點害怕出事。,平淡語氣,關切語調,關切語調,關切語調
天啊！楊愷安居然在台上即興演奏，這太讓人意外了！,驚奇語調,驚奇語調,驚奇語調,驚奇語調
這音響效果好像不太好，聲音有點失真。,厭惡語調,平淡語氣,厭惡語調,關切語調
唉，演唱會快結束了，真有點捨不得。,悲傷語調,悲傷語調,悲傷語調,悲傷語調
我剛中了一個超大的獎！真的不敢相信！,開心語調,驚奇語調,驚奇語調,驚奇語調
今天早上上班的時候又塞車，又遲到了！,憤怒語調,憤怒語調,憤怒語調,憤怒語調
我有點怕明天的面試，不知道自己準備得夠不夠。,平淡語氣,關切語調,疑問語調,關切語調
你知道嗎？我居然在書店碰到了我小學同學！,驚奇語調,驚奇語調,驚奇語調,驚奇語調
這咖啡味道好怪，不想喝了。,厭惡語調,厭惡語調,厭惡語調,厭惡語調
我最近覺得自己很沒用，什麼事都做不好。,悲傷語調,悲傷語調,悲傷語調,悲傷語調
我剛升職了！終於盼到了這一天！,開心語調,開心語調,開心語調,開心語調
我今天和朋友吵架了，感覺很糟糕。,悲傷語調,悲傷語調,悲傷語調,悲傷語調
我的老闆今天真是太過分了，毫無理由地指責我！,憤怒語調,憤怒語調,憤怒語調,憤怒語調
我明天要去參加一個很重要的面試，好緊張。,平淡語氣,關切語調,關切語調,關切語調
你知道嗎？隔壁的鄰居竟然中了樂透！,驚奇語調,驚奇語調,驚奇語調,驚奇語調
今天午餐的味道太噁心了，我一口都吃不下。,厭惡語調,厭惡語調,厭惡語調,厭惡語調
週末有什麼計劃嗎？,平淡語氣,疑問語調,疑問語調,疑問語調
我剛學會了做蛋糕，真是太有成就感了！,開心語調,開心語調,開心語調,開心語調
我的手機昨天摔壞了，修理費好貴，我現在心情很差。,悲傷語調,悲傷語調,悲傷語調,悲傷語調
我真的受不了，這家公司的服務態度差到不行！,憤怒語調,憤怒語調,憤怒語調,憤怒語調
剛剛在路上遇到一群流浪狗，嚇死我了。,平淡語氣,驚奇語調,驚奇語調,關切語調
你聽說了嗎？我們學校居然被選為全市最優秀學校！,驚奇語調,驚奇語調,開心語調,開心語調
今天的天氣又悶又熱，我真的受不了了。,厭惡語調,憤怒語調,憤怒語調,厭惡語調
我晚餐要吃什麼啊？,平淡語氣,疑問語調,疑問語調,疑問語調
我今天買到了一雙限量版的鞋子，超爽的！,開心語調,開心語調,開心語調,開心語調
最近壓力很大，感覺好累。,悲傷語調,悲傷語調,悲傷語調,悲傷語調
那個司機居然在紅燈的時候加速，真是太危險了！,憤怒語調,驚奇語調,憤怒語調,憤怒語調
我好擔心這次的考試，感覺自己準備得不夠好。,平淡語氣,關切語調,關切語調,關切語調
你知道嗎？劉永樂居然在一週內瘦了10公斤！,驚奇語調,驚奇語調,驚奇語調,驚奇語調
這頓飯真的太油膩了，我吃不下了。,厭惡語調,厭惡語調,厭惡語調,厭惡語調
我下週可能要出差，你有什麼建議嗎？,平淡語氣,疑問語調,疑問語調,疑問語調
我剛拿到駕照了！終於可以自己開車了！,開心語調,開心語調,開心語調,開心語調
我昨天的面試表現不好，感覺沒機會了。,悲傷語調,悲傷語調,悲傷語調,悲傷語調
這次合作完全失敗了，大家都超不負責任！,憤怒語調,憤怒語調,憤怒語調,憤怒語調
我晚上要一個人去醫院看診，我有點害怕。,平淡語氣,關切語調,關切語調,悲傷語調
你知道嗎？我剛發現陳思愷居然是個作家！,驚奇語調,驚奇語調,驚奇語調,驚奇語調
那家餐廳的服務態度太差了，讓人沒心情吃飯。,厭惡語調,憤怒語調,憤怒語調,憤怒語調
這週末天氣好嗎？我想要去爬山。,平淡語氣,疑問語調,疑問語調,疑問語調
我今天拿到了公司的錄取通知書！太開心了！,開心語調,開心語調,開心語調,開心語調
我的朋友要搬到另一個城市了，真的很捨不得他。,悲傷語調,悲傷語調,悲傷語調,悲傷語調
他明明答應會幫忙的，結果什麼都沒做！,憤怒語調,憤怒語調,憤怒語調,憤怒語調
這次的檢查報告結果還沒出來，我好緊張...,平淡語氣,關切語調,關切語調,關切語調
你知道嗎？那家超市竟然開始賣奢侈品了！,驚奇語調,驚奇語調,驚奇語調,驚奇語調
這天氣實在太潮濕了，讓人很不舒服。,厭惡語調,厭惡語調,厭惡語調,
下週有個演講，你打算參加嗎？,平淡語氣,疑問語調,疑問語調,疑問語調
我剛贏了一場比賽，實在是太開心了！,開心語調,開心語調,開心語調,開心語調
我家養了十年的狗今天走了，我好難過。,悲傷語調,悲傷語調,悲傷語調,悲傷語調
今天有人在公車上大聲講電話，真是讓人火大！,憤怒語調,憤怒語調,憤怒語調,憤怒語調
我這幾天總是感覺不舒服，是不是生病了。,平淡語氣,關切語調,疑問語調,關切語調
你不會相信，我剛剛在街上碰到了小學同學！,驚奇語調,驚奇語調,驚奇語調,
這件衣服的材質摸起來刺刺的，穿著也不舒服。,厭惡語調,厭惡語調,厭惡語調,厭惡語調
你覺得這部電影值得看嗎？,平淡語氣,疑問語調,疑問語調,疑問語調
我今天終於完成了那個難搞的專案，太開心了！,開心語調,開心語調,開心語調,開心語調
今天我聽到了一個壞消息，我朋友的爸爸過世了....,悲傷語調,悲傷語調,悲傷語調,悲傷語調
那個人今天又沒交工作報告！,憤怒語調,憤怒語調,憤怒語調,憤怒語調
我明天有個很重要的演講，現在好緊張。,平淡語氣,關切語調,關切語調,關切語調
你知道嗎？我剛剛看到我們的教授在打籃球！,驚奇語調,驚奇語調,驚奇語調,驚奇語調
今天的外賣真的是太糟糕了，味道難吃死了。,厭惡語調,厭惡語調,厭惡語調,憤怒語調
週末有沒有想去的地方？,平淡語氣,疑問語調,疑問語調,疑問語調
我今天中了小獎，雖然不是很多，但還是很開心！,開心語調,開心語調,開心語調,開心語調
我最近心情不太好，感覺什麼事都不順利。,悲傷語調,悲傷語調,悲傷語調,悲傷語調
今天那個客戶又放我鴿子了，真的讓人火大！,憤怒語調,憤怒語調,憤怒語調,憤怒語調
最近新聞說疫情又開始變嚴重了，我有點害怕。,平淡語氣,關切語調,關切語調,關切語調
你知道嗎？我朋友突然決定搬到國外去工作了！,驚奇語調,驚奇語調,驚奇語調,驚奇語調
這杯咖啡喝起來太苦了，根本沒法喝。,厭惡語調,厭惡語調,厭惡語調,厭惡語調
最近有什麼新出的好書推薦嗎？,平淡語氣,疑問語調,疑問語調,平淡語氣
我終於學會了彈鋼琴的那首曲子！,開心語調,開心語調,開心語調,開心語調
我今天被公司拒絕了...,悲傷語調,悲傷語調,悲傷語調,悲傷語調
那個同事今天又在會議上插嘴，真是氣死我了！,憤怒語調,憤怒語調,憤怒語調,憤怒語調
我好擔心下週的考試，感覺準備的不太夠。,平淡語氣,關切語調,關切語調,關切語調
你聽說了嗎？我們班的那個同學得了獎學金！,驚奇語調,驚奇語調,驚奇語調,驚奇語調
今天的天氣又熱又黏，真是讓人受不了。,厭惡語調,厭惡語調,厭惡語調,厭惡語調
你今晚有空嗎？我想和你聊聊。,平淡語氣,關切語調,疑問語調,
我剛剛中午抽到了免費電影票欸，超爽的！,開心語調,開心語調,開心語調,開心語調
我今天跟朋友吵架了，有點難過，我不知道該怎麼辦。,悲傷語調,悲傷語調,悲傷語調,悲傷語調
今天我手機被偷了，真的很不爽！,憤怒語調,憤怒語調,憤怒語調,憤怒語調
最近社區裡好像有人遇到暴露狂，我有點擔心。,平淡語氣,關切語調,關切語調,關切語調
你知道嗎？我學長居然自己創業開了一家公司！,驚奇語調,驚奇語調,驚奇語調,驚奇語調
今天的麵真的是煮得太爛了，根本沒辦法吃。,厭惡語調,憤怒語調,憤怒語調,憤怒語調
你週末有沒有空？想不想一起去看展覽嗎？,平淡語氣,疑問語調,疑問語調,疑問語調
我剛完成了人生第一次跳傘！那感覺真的此生難忘！,開心語調,驚奇語調,開心語調,開心語調
我昨天發現我種了半年多的櫻花枯萎了，真的很心疼。,悲傷語調,悲傷語調,悲傷語調,悲傷語調
我今天騎車被一台汽車逼車，還差點被撞到，那台車真他媽白癡！,憤怒語調,憤怒語調,憤怒語調,憤怒語調
明天要去參加大學的面試，我有點緊張怕會表現得不好。,平淡語氣,關切語調,關切語調,關切語調
你相信嗎？我今天在西門町遇到了我國中的老師！,驚奇語調,驚奇語調,驚奇語調,驚奇語調
今天去看了個房子，結果環境整個超亂的，完全不是預期中的樣子。,厭惡語調,憤怒語調,厭惡語調,厭惡語調
你對這次政府的新政策有什麼看法？,平淡語氣,疑問語調,疑問語調,疑問語調
我剛學會騎機車了！感覺超自由的，不用再搭公車了！,開心語調,開心語調,開心語調,開心語調
我剛剛送走了我最好的朋友，他要去國外念書，好空虛。,悲傷語調,悲傷語調,悲傷語調,悲傷語調
今天在銀行排了快一個小時，結果窗口的人辦事效率超慢，浪費我時間！,憤怒語調,憤怒語調,憤怒語調,憤怒語調
最近疫情又升溫了，我真的有點害怕，不敢隨便出門。,平淡語氣,悲傷語調,關切語調,關切語調
你知道嗎？我們鄰居的貓竟然學會自己開門，真的超聰明！,驚奇語調,驚奇語調,驚奇語調,驚奇語調
今天去逛了一家新開的餐廳，結果環境超髒，讓我一點食慾都沒有。,厭惡語調,厭惡語調,厭惡語調,厭惡語調
最近有什麼好看的劇嗎？,平淡語氣,疑問語調,疑問語調,疑問語調
我剛剛收到面試通知了！終於有機會去應徵我夢想中的公司！,開心語調,開心語調,開心語調,開心語調
我養了五年的金魚今天死了，我很傷心。,悲傷語調,悲傷語調,悲傷語調,悲傷語調
今天去便利商店買東西，結果結帳的時候店員態度超差的！,憤怒語調,憤怒語調,憤怒語調,憤怒語調
昨天晚上我聽到家外面有奇怪的聲音，真的被嚇到了，不知道發生了什麼事。,平淡語氣,驚奇語調,關切語調,關切語調
我剛剛才知道，我爸年輕時候居然是五月天的鼓手，完全沒想到！,驚奇語調,驚奇語調,驚奇語調,驚奇語調
今天坐計程車的時候，車裡的味道超怪，讓我差點吐了。,厭惡語調,厭惡語調,厭惡語調,厭惡語調
下週有個朋友的生日派對，你要一起去嗎？,平淡語氣,疑問語調,疑問語調,疑問語調
我剛拿到了獎學金，完全沒想到能拿到這麼多！,開心語調,驚奇語調,驚奇語調,開心語調
今天是我和朋友最後一次見面了，因為他要去國外定居。,悲傷語調,悲傷語調,關切語調,悲傷語調
今天在網路上買的東西到了，結果完全跟圖片不一樣，被坑的好慘，有夠氣！,憤怒語調,憤怒語調,憤怒語調,憤怒語調
這幾天一直有詐騙電話打來，我有點擔心個資外洩了。,平淡語氣,關切語調,關切語調,關切語調
你知道嗎？我朋友居然剛買了一台特斯拉，這麼年輕就這麼有錢！,驚奇語調,驚奇語調,驚奇語調,驚奇語調
今天路上有人亂丟垃圾，真的很沒品！,厭惡語調,憤怒語調,厭惡語調,憤怒語調
下週末有空嗎？我們可以去爬象山，天氣應該會不錯。,平淡語氣,開心語調,開心語調,疑問語調
我今天去海邊，衝浪真的超好玩！,開心語調,開心語調,開心語調,開心語調
我的手機不小心掉進水裡了，現在完全壞掉了，我現在頭超痛。,悲傷語調,悲傷語調,悲傷語調,悲傷語調
今天外送又遲到了，還送錯餐點，真的很誇張！,憤怒語調,憤怒語調,憤怒語調,憤怒語調
最近我晚上都睡不好，一直做惡夢。,平淡語氣,悲傷語調,悲傷語調,悲傷語調
我朋友竟然中了一百萬！這也太誇張了吧！,驚奇語調,驚奇語調,驚奇語調,驚奇語調
今天我去的那家餐廳，服務態度超差，整個用餐過程超不爽！,厭惡語調,憤怒語調,,憤怒語調
禮拜天要幹嘛？要不要一起去看電影？,平淡語氣,疑問語調,疑問語調,疑問語調
我今天參加了馬拉松，順利跑完全程！真的很有成就感！,開心語調,開心語調,開心語調,開心語調
我今天收到消息，我的朋友要搬去國外了，感覺心裡很空虛。,悲傷語調,悲傷語調,悲傷語調,悲傷語調
今天被計程車司機繞路，結果車費比平常多了一倍，真是氣死我了！,憤怒語調,憤怒語調,憤怒語調,憤怒語調
最近社區好像發生了幾起竊盜案，我開始有點擔心家裡的安全。,平淡語氣,關切語調,關切語調,關切語調
你知道嗎？我昨天在百貨公司碰到了周杰倫，超意外的！,驚奇語調,驚奇語調,驚奇語調,驚奇語調
今天去了一家餐廳，結果桌子油膩膩的，環境真的很糟糕。,厭惡語調,厭惡語調,厭惡語調,厭惡語調
你覺得這次要不要參加學校的志工活動？聽說蠻有趣的。,平淡語氣,疑問語調,疑問語調,疑問語調
我今天終於有駕照了！可以自己開車了，超爽的！,開心語調,開心語調,開心語調,開心語調
我的寵物生病了，好難過，不知道牠會不會好起來。,悲傷語調,悲傷語調,悲傷語調,悲傷語調
今天去餐廳吃飯，結果服務生態度超差，整個氣氛都被搞壞了。,憤怒語調,憤怒語調,憤怒語調,憤怒語調
最近常常有詐騙電話，我有點怕自己的個資外洩了。,平淡語氣,關切語調,關切語調,關切語調
你知道嗎？我朋友剛中了五千萬的樂透！這也太誇張了吧！,驚奇語調,驚奇語調,驚奇語調,驚奇語調
今天去公園野餐，結果草地上到處都是垃圾，有夠髒的。,厭惡語調,厭惡語調,厭惡語調,厭惡語調
你這週末有沒有計劃？要不要一起去台中玩？,平淡語氣,開心語調,疑問語調,疑問語調
我今天買到了限量版的球鞋！排隊排了一整天，但超值得！,開心語調,開心語調,開心語調,開心語調
我今天才發現，我喜歡的那家咖啡店要關門了，以後就沒辦法再喝到我最喜歡的咖啡了。,悲傷語調,悲傷語調,悲傷語調,悲傷語調
今天我的電腦又當機了，害我工作進度全都延遲，還害我被老闆罵，超氣的！,憤怒語調,憤怒語調,憤怒語調,憤怒語調
最近晚上總覺得家裡附近很安靜，我一個人待著有點怕。,平淡語氣,關切語調,關切語調,悲傷語調
你相信嗎？我今天在捷運上碰到了高中老師，真的太巧了！,驚奇語調,驚奇語調,驚奇語調,驚奇語調
今天中午點的外賣超難吃，菜都涼了，真的很不爽。,厭惡語調,憤怒語調,憤怒語調,憤怒語調
這週五有個聚餐活動，你要不要一起去？,平淡語氣,開心語調,關切語調,疑問語調
我今天跟張家銘一起去看了一場演唱會，氣氛嗨到爆！,開心語調,開心語調,開心語調,開心語調
今天我心情超差，我家養的狗狗生病了，真的很難過。,悲傷語調,悲傷語調,悲傷語調,悲傷語調
今天我排隊排了半個小時，結果前面的人插隊，店員竟然不管！,憤怒語調,憤怒語調,憤怒語調,憤怒語調
最近我晚上回家時總覺得有人在跟著我，感覺有點害怕。,平淡語氣,關切語調,關切語調,關切語調
你知道嗎？我今天在路上看到了一台超酷的改裝車，簡直像電影裡的一樣！,驚奇語調,驚奇語調,驚奇語調,開心語調
今天去買了一杯手搖飲，但太甜了，喝到我都快吐了。,厭惡語調,厭惡語調,厭惡語調,厭惡語調
這週末天氣不錯，要不要一起去淡水走走？,平淡語氣,開心語調,開心語調,開心語調
我剛剛收到了林慈亭寄來的生日禮物，超級驚喜！,開心語調,開心語調,驚奇語調,開心語調
我很喜歡的一個偶像宣布要退出演藝圈了，真的好難過。,悲傷語調,悲傷語調,悲傷語調,悲傷語調
今天公車司機開得超快，還差點撞到人，真的太危險了！,憤怒語調,憤怒語調,憤怒語調,憤怒語調
我最近接到一個奇怪的電話，對方問了很多私人問題，我開始覺得不安。,平淡語氣,關切語調,關切語調,關切語調
你知道嗎？我今天在餐廳碰到了一位電視上的名主持人，太驚喜了！,驚奇語調,驚奇語調,驚奇語調,驚奇語調
今天去了一家新的火鍋店，結果整個環境又油又髒，真是讓人失望。,厭惡語調,厭惡語調,厭惡語調,
週末有個市集活動，你想不想去逛逛？,平淡語氣,開心語調,疑問語調,疑問語調
我剛剛跟同學去吃了一家新開的餐廳，結果超級好吃！,開心語調,開心語調,開心語調,開心語調
我的手機突然壞掉了，而且裡面的資料都沒備份，我快崩潰了。,悲傷語調,悲傷語調,悲傷語調,悲傷語調
我今天搭捷運一直被推，結果手機掉地上摔壞了，真的很氣！,憤怒語調,憤怒語調,憤怒語調,憤怒語調
昨天晚上我一個人在家，突然停電，整個人都嚇壞了。,平淡語氣,驚奇語調,驚奇語調,
你知道嗎？我的同事居然是個業餘畫家，他畫的作品超級專業！,驚奇語調,驚奇語調,驚奇語調,驚奇語調
今天吃的便當菜色又油又膩，吃完整個胃都不舒服。,厭惡語調,厭惡語調,厭惡語調,厭惡語調
最近有什麼好看的電影嗎？我有點想找時間去電影院。,平淡語氣,疑問語調,疑問語調,平淡語氣
我剛剛去參加了一個朋友的婚禮，整個氣氛超棒的，大家都好開心！,開心語調,開心語調,開心語調,開心語調
今天回家發現養了多年的植物枯萎了，感覺心裡很空。,悲傷語調,悲傷語調,悲傷語調,悲傷語調
今天去超市買東西，結果結帳時發現標價跟實際收費不一樣，感覺被坑了！,憤怒語調,憤怒語調,憤怒語調,憤怒語調
最近家附近好像常常發生偷竊案，晚上一個人回家有點害怕。,平淡語氣,關切語調,關切語調,關切語調
你知道嗎？我在街上碰到了一位小學同學，我們已經好久沒聯絡了！,驚奇語調,驚奇語調,驚奇語調,開心語調
今天去的一家咖啡廳，結果桌子黏黏的，環境也超髒，讓人吃不下東西。,厭惡語調,厭惡語調,厭惡語調,厭惡語調
這週末要不要去台北看展覽？我聽說有個很有趣的藝術展。,平淡語氣,開心語調,開心語調,
我今天在抽獎活動中中了免費機票，感覺超級幸運！,開心語調,,開心語調,開心語調
我剛跟朋友吵了一架，感覺好難過，現在不知道該怎麼辦。,悲傷語調,悲傷語調,悲傷語調,悲傷語調
今天有個人違規停車，害我塞車塞了半個小時，浪費我時間！,憤怒語調,憤怒語調,憤怒語調,憤怒語調
最近我常收到奇怪的詐騙簡訊，有點怕個資外洩了。,平淡語氣,關切語調,關切語調,關切語調
你知道嗎？我今天在公司發現我的老闆居然會打鼓，完全沒想到！,驚奇語調,驚奇語調,驚奇語調,驚奇語調
今天午餐吃的餐廳服務超差，還弄錯了我的餐點，真的讓人不爽。,厭惡語調,憤怒語調,憤怒語調,憤怒語調
你這週末有沒有空？我們可以去看看新上映的電影。,平淡語氣,疑問語調,疑問語調,疑問語調
欸你有看那個電影紅衣小女孩嗎 超可怕的 害我都睡不著,平淡語氣,驚奇語調,驚奇語調,
今天那個老師超討厭的,厭惡語調,厭惡語調,厭惡語調,憤怒語調
欸我很怕我長不高怎麼辦,平淡語氣,關切語調,疑問語調,關切語調
你怎麼這麼討厭啊,厭惡語調,厭惡語調,憤怒語調,厭惡語調
週末要不要去玩劇本殺啊,平淡語氣,開心語調,開心語調,疑問語調
欸晚餐要吃什麼,平淡語氣,疑問語調,疑問語調,平淡語氣
欸你知道陳思愷約我去網咖結果放鳥我,憤怒語調,驚奇語調,厭惡語調,憤怒語調
哇你臉色怎麼這麼差啊？你昨天有睡覺嗎,驚奇語調,關切語調,驚奇語調,關切語調
好無聊喔,平淡語氣,平淡語氣,悲傷語調,悲傷語調
欸昨天那個地震超恐怖的,平淡語氣,驚奇語調,驚奇語調,關切語調
我昨天看了那個恐怖電影咒害我睡不著覺,平淡語氣,驚奇語調,驚奇語調,悲傷語調
我昨天看那個恐怖電影咒害我睡不著覺,平淡語氣,驚奇語調,悲傷語調,關切語調
唉我好想我的女朋友喔,悲傷語調,悲傷語調,悲傷語調,悲傷語調
你知道嗎我們今天班費被偷了欸,平淡語氣,驚奇語調,驚奇語調,悲傷語調
幹今天陳思愷真的很過分,憤怒語調,憤怒語調,憤怒語調,憤怒語調
欸有沒有推薦的歌,平淡語氣,疑問語調,疑問語調,疑問語調
我想要跟陳允熙告白你可以幫我嗎？,平淡語氣,疑問語調,疑問語調,
誒誒誒我跟你說喔,平淡語氣,驚奇語調,驚奇語調,
我覺得今天午餐超難吃,厭惡語調,厭惡語調,厭惡語調,厭惡語調
我今天聽到一首好聽的曲子欸,開心語調,開心語調,開心語調,開心語調
今天真的超級熱,憤怒語調,平淡語氣,驚奇語調,厭惡語調
今天真的超級累,厭惡語調,悲傷語調,悲傷語調,悲傷語調
我想不到吃什麼？,悲傷語調,疑問語調,疑問語調,疑問語調
幹我今天基本電學考得超爛,憤怒語調,憤怒語調,憤怒語調,憤怒語調
完蛋！我找不到我的耳機,驚奇語調,驚奇語調,憤怒語調,悲傷語調
中秋節要不要烤肉,開心語調,疑問語調,疑問語調,疑問語調
好飽喔,平淡語氣,開心語調,平淡語氣,開心語調
我老闆超機車,厭惡語調,憤怒語調,憤怒語調,憤怒語調
太小氣了，什麼錢都摳,悲傷語調,厭惡語調,厭惡語調,憤怒語調
我前老闆就不小氣,驚奇語調,平淡語氣,開心語調,開心語調
最近壓力有點大,悲傷語調,悲傷語調,關切語調,悲傷語調
最近的課業壓力，讓我覺得好累,厭惡語調,悲傷語調,悲傷語調,悲傷語調
他唱歌好難聽,憤怒語調,厭惡語調,厭惡語調,厭惡語調
為什麼人可以蠢成這樣,憤怒語調,憤怒語調,憤怒語調,厭惡語調
你今天看起來很累欸,平淡語氣,關切語調,關切語調,關切語調
有風欸！好涼喔！,開心語調,開心語調,開心語調,開心語調
我加入樂團不是為了聊心事，我只是想用鼓棒猛敲我的心事,憤怒語調,悲傷語調,悲傷語調,
我沒事啦,厭惡語調,平淡語氣,平淡語氣,平淡語氣
我不想跟你吵這件事，好嗎？,悲傷語調,關切語調,關切語調,
你就喜歡嘲笑別人，大家都超愛，但沒有人知道被嘲笑滋味,悲傷語調,悲傷語調,憤怒語調,悲傷語調
你想要談談嗎？,平淡語氣,關切語調,關切語調,疑問語調
你這一代的男人都不願意敞開心房？,驚奇語調,疑問語調,疑問語調,疑問語調
我不管做什麼都有人對我失望,悲傷語調,悲傷語調,悲傷語調,悲傷語調
我只是不希望他搞砸,悲傷語調,關切語調,關切語調,關切語調
我不喜歡他對我說謊,悲傷語調,厭惡語調,厭惡語調,憤怒語調
當你覺得自己是個好家長，覺得自己做對了，結果他卻長大了！我不想失去他，你懂嗎？,悲傷語調,悲傷語調,悲傷語調,悲傷語調
完蛋了啦！今天要報告欸，好怕被砲,平淡語氣,關切語調,憤怒語調,關切語調
你覺得我要去看書嗎？,平淡語氣,疑問語調,疑問語調,疑問語調
他媽怎麼嘴可以這麼賤啊,厭惡語調,憤怒語調,憤怒語調,憤怒語調
我昨天只睡了半個小時，後來跌倒就醒來了,悲傷語調,悲傷語調,關切語調,關切語調
我不太擅長這些....,悲傷語調,悲傷語調,悲傷語調,悲傷語調
咁我已經在睡了，被你的震動吵醒,憤怒語調,憤怒語調,憤怒語調,憤怒語調
最近有什麼電影好看嗎,開心語調,疑問語調,疑問語調,平淡語氣
我告訴你一家超好吃的餐廳,開心語調,開心語調,開心語調,開心語調
要幫你印急件嗎，然後你到時候再給我錢,平淡語氣,關切語調,疑問語調,
你真的很謙虛耶！我是真的是那種學了後面忘了前面的人,開心語調,平淡語氣,開心語調,
今天有點想打球，要一起嗎,開心語調,開心語調,開心語調,疑問語調
我最近想換髮型了，你有推薦的嗎？,開心語調,疑問語調,疑問語調,疑問語調
還ok嗎？ 感覺應該不太好，希望明天有好心情,悲傷語調,關切語調,關切語調,關切語調
我剛剛收到了一個朋友送的驚喜！真的超感動！,開心語調,開心語調,開心語調,開心語調
我的貓咪生病了，感覺好難受，不知道該怎麼辦。,悲傷語調,悲傷語調,關切語調,悲傷語調
今天我明明有預約，結果到了診所還讓我等了一個小時，真的氣死了！,憤怒語調,憤怒語調,憤怒語調,憤怒語調
我最近覺得身體狀況不太好，總是感覺疲憊，開始有點擔心是不是生病了。,平淡語氣,關切語調,關切語調,關切語調
你相信嗎？我朋友剛剛突然告訴我他要搬去國外了，完全沒想到！,驚奇語調,驚奇語調,驚奇語調,驚奇語調
今天在便利商店買東西，結果店員的態度超差，讓我一整天心情都超差。,厭惡語調,憤怒語調,憤怒語調,憤怒語調
這週末有個朋友邀我去露營，好期待喔？,平淡語氣,開心語調,開心語調,開心語調
我今天在工作上得到了一個大獎，超開心的！,開心語調,開心語調,開心語調,開心語調
我昨天不小心把我最喜歡的杯子摔破了，心情好差。,悲傷語調,悲傷語調,悲傷語調,悲傷語調
我今天的網路突然斷線，害我一整天工作成果直接消失，真的很火大！,憤怒語調,憤怒語調,憤怒語調,憤怒語調
我最近發現家裡有點潮濕，開始有霉斑了。,平淡語氣,關切語調,關切語調,關切語調
你知道嗎？我居然中了樂透的三等獎，這太不可思議了！,驚奇語調,驚奇語調,驚奇語調,驚奇語調
今天中午去吃飯，結果旁邊桌的人邊吃邊大聲講電話，真的超煩。,厭惡語調,厭惡語調,厭惡語調,厭惡語調
這週末想去騎腳踏車，你有沒有推薦的路線？,平淡語氣,開心語調,疑問語調,疑問語調
我今天去吃了一家超有名的小吃店，真的超好吃！,開心語調,開心語調,開心語調,開心語調
我昨天才知道，我喜歡的書店要結束營業了...,悲傷語調,悲傷語調,悲傷語調,悲傷語調
今天在路上被人按喇叭，明明就沒有做錯什麼，真的超火大！,憤怒語調,憤怒語調,憤怒語調,憤怒語調
我剛剛在家裡聽到樓下有奇怪的聲音，有點可怕。,平淡語氣,驚奇語調,關切語調,關切語調
你知道嗎？我今天居然在捷運上碰到了一位電影明星！,驚奇語調,驚奇語調,驚奇語調,驚奇語調
今天去了一家咖啡廳，結果桌子上都是污漬，真讓人吃不下東西。,厭惡語調,厭惡語調,厭惡語調,厭惡語調
最近天氣變好了，你有沒有什麼推薦的戶外活動？,平淡語氣,開心語調,疑問語調,開心語調
我剛剛在夜市買到了一些超可愛的飾品，價格還超便宜！,開心語調,開心語調,開心語調,開心語調
我今天看到小學同學分享他們的生活，感覺自己有點不如人，心情好低落。,悲傷語調,悲傷語調,悲傷語調,悲傷語調
今天去加油站排了好久，結果被人插隊，真是氣死我了！,憤怒語調,憤怒語調,憤怒語調,憤怒語調
我朋友說他最近被陌生人跟蹤，讓我有點害怕，擔心會不會也遇到。,平淡語氣,關切語調,關切語調,關切語調
你知道嗎？我今天看到我們班張景翔，居然在校慶表演跳舞，超厲害！,驚奇語調,驚奇語調,驚奇語調,開心語調
今天吃的便當，飯硬到像石頭一樣，真的完全吃不下。,厭惡語調,憤怒語調,厭惡語調,憤怒語調
這週末想去海邊走走，你覺得哪個海灘比較好？,平淡語氣,疑問語調,疑問語調,疑問語調
你知道嗎？我昨天夢到我變成了一隻貓！,驚奇語調,驚奇語調,驚奇語調,平淡語氣
我剛剛看到窗外有一個影子一閃而過...,平淡語氣,驚奇語調,驚奇語調,
你相信嗎？我剛剛中了彩票！,開心語調,驚奇語調,驚奇語調,開心語調
你覺得平行宇宙真的存在嗎？,疑問語調,疑問語調,疑問語調,疑問語調
如果有一天我們能跟外星人溝通，你想問他們什麼？,驚奇語調,疑問語調,疑問語調,疑問語調
我剛剛跟我的AI助手吵架了…,悲傷語調,悲傷語調,悲傷語調,悲傷語調
智能管家完全不聽我的指令！,憤怒語調,憤怒語調,憤怒語調,憤怒語調
你覺得未來我們真的可以住在月球上嗎？,驚奇語調,疑問語調,疑問語調,疑問語調
我剛剛遇到一個長得超像我的人。他說他是未來的我！是從 30 年後來的！,驚奇語調,驚奇語調,驚奇語調,驚奇語調
我的AI助手居然開始自我學習，還自己下單買東西！,平淡語氣,驚奇語調,驚奇語調,驚奇語調
如果有機會能夠穿越時空，你會想去哪個時代？,驚奇語調,疑問語調,疑問語調,疑問語調
為什麼我訂製的機器人總是答非所問？,憤怒語調,疑問語調,疑問語調,關切語調
我剛剛發現，我的量子寵物變成了光子，回不來了…,悲傷語調,悲傷語調,悲傷語調,悲傷語調
今天我用3D打印機打印了一台迷你飛行器，竟然真的飛起來了！,開心語調,驚奇語調,驚奇語調,開心語調
我剛剛和一個智能鏡子聊天，它居然知道我的一切！,驚奇語調,驚奇語調,驚奇語調,驚奇語調
你覺得如果有一天人類變成了半機械人，我們還算是人類嗎？,驚奇語調,疑問語調,疑問語調,疑問語調
我剛剛發現一個秘密地下室，裡面藏著一本百年以前的日記！,驚奇語調,驚奇語調,驚奇語調,驚奇語調
你聽到了嗎？樓下半夜傳來奇怪的腳步聲，但沒有人住在那裡…,平淡語氣,驚奇語調,疑問語調,關切語調
你相信嗎？我剛剛收到一封來自陌生人的感謝信！,開心語調,驚奇語調,驚奇語調,驚奇語調
今天早上我在路上看到一個人，長得跟我一模一樣！,疑問語調,驚奇語調,驚奇語調,驚奇語調
為什麼我的同事總是偷偷把我的點心吃掉！,憤怒語調,憤怒語調,憤怒語調,憤怒語調
我剛剛發現我養了多年的植物，竟然被鄰居的貓弄死了…,悲傷語調,悲傷語調,悲傷語調,悲傷語調
你知道嗎？我今天贏了一場即興辯論比賽！,開心語調,開心語調,開心語調,開心語調
我剛剛在公園看到有人放風箏放到天上不見了！,驚奇語調,驚奇語調,驚奇語調,驚奇語調
我剛剛收到一封信，居然是未來的我寄給現在的我！,驚奇語調,驚奇語調,驚奇語調,驚奇語調
你還記得我們那天去的古老圖書館嗎？裡面居然有本書在自動翻頁！,平淡語氣,驚奇語調,驚奇語調,驚奇語調
如果你能瞬間學會任何一項技能，你會選什麼？,驚奇語調,疑問語調,疑問語調,疑問語調
我的筆記本突然壞了！所有重要的資料都沒了！,憤怒語調,悲傷語調,憤怒語調,悲傷語調
我剛剛在咖啡店遇到一個超有趣的人，他居然說他曾經當過馬戲團表演者！,開心語調,驚奇語調,驚奇語調,開心語調
我今天無意間打開了一個舊箱子，裡面全是我小時候的玩具，勾起好多回憶…,悲傷語調,關切語調,關切語調,
我剛剛發現，隔壁的林成家居然是個隱姓埋名的小說作家！,驚奇語調,驚奇語調,驚奇語調,驚奇語調
剛剛好像有個奇怪的人一直盯著我看，讓我覺得好可怕。,平淡語氣,關切語調,關切語調,關切語調
你相信嗎？我今天在路邊撿到一個裝滿金幣的箱子！,驚奇語調,驚奇語調,驚奇語調,驚奇語調
我剛剛發現一張看似普通的老照片，裡面的人…看起來跟現在的我一模一樣！,平淡語氣,驚奇語調,驚奇語調,驚奇語調
如果有機會讓你搬到一個無人小島，你願意嗎？,驚奇語調,疑問語調,疑問語調,疑問語調
我計劃了好幾個月的旅行居然被取消了，氣死我了！,憤怒語調,憤怒語調,憤怒語調,憤怒語調
今天我居然被邀請去參加一場神秘的地下音樂會！,開心語調,驚奇語調,驚奇語調,驚奇語調
我剛剛把祖母留下來的古董杯子不小心打破了…,悲傷語調,悲傷語調,悲傷語調,悲傷語調
你能相信嗎？我居然在一個網絡論壇上遇到了小學時的朋友！,驚奇語調,驚奇語調,驚奇語調,驚奇語調
昨晚我的鏡子裡居然映出了一個我不認識的人影！,平淡語氣,驚奇語調,驚奇語調,驚奇語調
我今天無意間按到一個按鈕，結果打開了家裡的隱藏房間！,驚奇語調,驚奇語調,驚奇語調,驚奇語調
我剛剛在垃圾桶裡看到了一張寫著我名字的紙條…但那不是我寫的。,平淡語氣,驚奇語調,驚奇語調,
如果你有機會變成動物，你會選擇變成哪種動物？,驚奇語調,疑問語調,疑問語調,疑問語調
我花了好幾天畫的作品居然被我的貓抓壞了！,憤怒語調,憤怒語調,憤怒語調,悲傷語調
我今天居然在二手市場買到了一個超稀有的黑膠唱片！,開心語調,驚奇語調,驚奇語調,開心語調
我的老朋友要搬到另一個城市了，我們可能很久見不到面了。,悲傷語調,悲傷語調,悲傷語調,悲傷語調
我剛剛發現，自己居然意外入選了一場國際攝影大賽！,驚奇語調,驚奇語調,驚奇語調,開心語調
昨晚半夜，我的手機自動播放了一段語音，但我完全不記得錄過這段。,平淡語氣,驚奇語調,疑問語調,關切語調
你相信嗎？我剛剛在夜市的攤位抽到一台機車！,驚奇語調,驚奇語調,驚奇語調,驚奇語調
昨晚我回家的時候，巷子口那間廟好像傳來了奇怪的聲音…,平淡語氣,驚奇語調,驚奇語調,
剛剛去早餐店買蛋餅，老闆多送我一杯奶茶！,開心語調,開心語調,開心語調,開心語調
我排了一個小時的隊，結果臭豆腐已經賣光了！,憤怒語調,憤怒語調,憤怒語調,憤怒語調
你覺得台南的牛肉湯真的比其他地方的好喝嗎？,驚奇語調,疑問語調,疑問語調,疑問語調
每次過年我都得回家陪家人，卻沒什麼時間跟朋友聚會。,悲傷語調,悲傷語調,關切語調,
今天去陽明山泡溫泉，感覺整個人都被療癒了！,開心語調,開心語調,開心語調,開心語調
我剛剛在西門町竟然碰到了小時候的同學，他現在變成一個街頭藝人了！,驚奇語調,驚奇語調,驚奇語調,驚奇語調
你有聽說嗎？陳可希和朱潔瑩居然在一起了！,平淡語氣,驚奇語調,驚奇語調,驚奇語調
欸，我剛剛聽到一個超有趣的消息！,開心語調,驚奇語調,驚奇語調,開心語調
就是班上的陳佑寧跟隔壁班的曾凱鈞，好像開始交往了！,疑問語調,驚奇語調,驚奇語調,驚奇語調
但說實話，我一直覺得曾凱鈞有點自大，不知道陳佑寧為什麼會喜歡他。,厭惡語調,厭惡語調,厭惡語調,平淡語氣
不過嘛，感情的事我們也不好說，畢竟每個人都有不同的喜好。,平淡語氣,平淡語氣,平淡語氣,平淡語氣
今天我去士林夜市吃了炸雞排，超好吃的！,開心語調,開心語調,開心語調,開心語調
你有什麼推薦的夜市小吃嗎？,平淡語氣,疑問語調,疑問語調,疑問語調
真的嗎？聽起來很不錯，那雞排會不會太油？,疑問語調,疑問語調,疑問語調,疑問語調
那太棒了！我明天就去試試看！,開心語調,開心語調,開心語調,開心語調
今天打球的時候，我居然投進了三分球，超爽的！,開心語調,開心語調,開心語調,開心語調
等一下下課我要不要去打球啊？,平淡語氣,疑問語調,疑問語調,疑問語調
剛剛那一場我投進好幾個三分球，手感真好！,開心語調,開心語調,開心語調,開心語調
欸，我隊友今天的防守也超強，幾乎沒有讓對手突破你！,驚奇語調,開心語調,開心語調,開心語調
不過對手有點粗魯，幾次都差點撞倒我。,憤怒語調,關切語調,厭惡語調,憤怒語調
段考終於考完了！我們下午去唱KTV放鬆一下吧！,開心語調,開心語調,開心語調,開心語調
我真的好怕這次數學會考不好，範圍太多了，根本來不及讀完。,平淡語氣,悲傷語調,關切語調,悲傷語調
這次英文考試我覺得自己沒寫好，作文部分時間不夠，結尾寫得很趕。,悲傷語調,悲傷語調,悲傷語調,悲傷語調
最後一科是自然，考完就可以解脫了，真的累壞了。,平淡語氣,悲傷語調,悲傷語調,關切語調
你知道嗎？剛剛數學老師居然提前告訴我們有好幾個人滿分！,驚奇語調,驚奇語調,驚奇語調,驚奇語調
我今天下午要去市區搭捷運辦點事，可能會晚點回來。,平淡語氣,平淡語氣,平淡語氣,平淡語氣
剛捷運超順，沒有遇到擠滿人的狀況，超爽的！,開心語調,開心語調,開心語調,開心語調
不過在捷運上還是有些人不戴口罩，真的很不負責任。,厭惡語調,憤怒語調,厭惡語調,憤怒語調
我在想，捷運站旁邊有什麼好吃的嗎？等一下辦完事想吃點東西。,疑問語調,疑問語調,疑問語調,疑問語調
這週末你覺得我要去鄉下騎車嗎？聽說有條很美的自行車道。,平淡語氣,疑問語調,疑問語調,疑問語調
剛剛經過的那條小溪旁邊居然有一片野花，看起來超漂亮！,驚奇語調,驚奇語調,驚奇語調,開心語調
剛剛有台機車經過，速度超快，差點撞到我，真是危險！,憤怒語調,驚奇語調,憤怒語調,憤怒語調
前面那條路看起來有點陡，我有點擔心會不會摔倒。,平淡語氣,關切語調,關切語調,關切語調
你看！剛剛那道夕陽太美了，完全不像現實中的景色！,驚奇語調,驚奇語調,驚奇語調,開心語調
這次能一起來海邊露營真是太棒了！感覺離城市好遠，完全放鬆下來。,開心語調,開心語調,開心語調,開心語調
等一下要不要先去搭帳篷，趁天還亮？,平淡語氣,疑問語調,疑問語調,疑問語調
不過蚊子好像有點多，剛剛被叮了好幾個包，真的很煩。,厭惡語調,憤怒語調,厭惡語調,厭惡語調
晚上會不會太冷？海風吹起來有點涼，我有點擔心睡不著。,平淡語氣,關切語調,關切語調,關切語調
我最近好常加班...不知道老闆到底想怎麼樣。,平淡語氣,疑問語調,疑問語調,悲傷語調
今天老闆又把別人的事情丟給我，還說我效率太慢，真讓人氣死了！,憤怒語調,憤怒語調,憤怒語調,憤怒語調
而且不只這樣，我最近跟家人也有點不和，真的很煩。,悲傷語調,悲傷語調,關切語調,悲傷語調
謝謝你願意聽我講這麼多，有你在真的讓我覺得好一點。,開心語調,開心語調,關切語調,開心語調
我最近工作壓力超大，老闆什麼都要我做，快撐不住了。,悲傷語調,悲傷語調,悲傷語調,悲傷語調
嗯...最近我們好像少了很多溝通，總覺得他沒以前那麼關心我了。,平淡語氣,悲傷語調,關切語調,悲傷語調
你有問過他為什麼嗎？有時候可能只是誤會或壓力太大。,疑問語調,關切語調,關切語調,關切語調
而且他好幾次答應的事都沒做到，說好要一起出去結果又臨時放我鴿子，真的很氣！,憤怒語調,憤怒語調,憤怒語調,憤怒語調
唉，謝謝你願意聽我說這麼多，發洩一下心情真的好多了。,開心語調,悲傷語調,關切語調,開心語調
就是班上的許芷莨跟隔壁班的陳柏瑞，好像開始交往了！,疑問語調,驚奇語調,驚奇語調,
但說實話，我一直覺得陳柏瑞強有點自大，不知道許芷莨為什麼會喜歡他。,厭惡語調,厭惡語調,厭惡語調,平淡語氣
最近曾承諺看起來怪怪的，好像一直在煩惱什麼，你知道發生什麼事嗎？,疑問語調,關切語調,疑問語調,關切語調
是啊，大家都沒想到他這麼快就告白，今天早上大家都在討論這件事！,驚奇語調,驚奇語調,驚奇語調,驚奇語調
不過我聽說有幾個人故意在後面起哄，感覺這樣會給曾承諺很大壓力。,憤怒語調,關切語調,關切語調,關切語調
希望他不要因為這件事覺得太難過，如果學姊沒有馬上答應的話。,悲傷語調,關切語調,關切語調,關切語調
剛剛老師宣布我們要和其他學校一起比全國賽。,驚奇語調,驚奇語調,驚奇語調,平淡語氣
那什麼時候開始特訓呢？,疑問語調,疑問語調,疑問語調,疑問語調
好啊!那你有想要吃什麼嗎?,開心語調,開心語調,開心語調,
哇!恭喜你!,開心語調,,開心語調,開心語調
你有去看醫生了嗎?需不需要我陪你？,關切語調,關切語調,關切語調,關切語調
是不是應該跟老師講一下？辛苦你了！,疑問語調,關切語調,關切語調,關切語調
"沒事的,他們很常這樣，大可放心。",關切語調,平淡語氣,平淡語氣,關切語調
真的嗎?我完全不知道他怎麼找到女朋友的!,驚奇語調,驚奇語調,疑問語調,驚奇語調
"嗯,真的！現在都不敢靠近他...",平淡語氣,關切語調,關切語調,
蛤...，可是我有點懶誒。,平淡語氣,平淡語氣,疑問語調,
哇!太棒了!恭喜!你們班也太強了吧！,開心語調,開心語調,開心語調,開心語調
你還好嗎?需要我幫什麼忙嗎?,關切語調,關切語調,關切語調,關切語調
什麼？！也太過分了吧！,憤怒語調,憤怒語調,憤怒語調,
你知道是什麼原因嗎？需要我幫你問問嗎？,關切語調,關切語調,疑問語調,關切語調
真的嗎?!也太酷了吧！,驚奇語調,驚奇語調,驚奇語調,驚奇語調
是嗎？但我覺得還不錯。,平淡語氣,疑問語調,開心語調,
我這禮拜要去找女朋友！就不去了。,開心語調,開心語調,憤怒語調,開心語調
太棒了!你是要去哪裡玩啊！,開心語調,開心語調,開心語調,開心語調
"別灰心,還有一次段考的機會可以努力。",關切語調,關切語調,關切語調,關切語調
真的嗎?我完全不知道他們有再一起過!,驚奇語調,驚奇語調,驚奇語調,驚奇語調
Are you ok?我記得你超討厭蜘蛛的。,關切語調,關切語調,關切語調,關切語調
"嗯,確實。下次別來了。",平淡語氣,厭惡語調,憤怒語調,憤怒語調
太好了!這代表你有在進步!,開心語調,開心語調,開心語調,開心語調
"別難過,人都有犯錯的時候，下此改進就好了。",關切語調,關切語調,平淡語氣,關切語調
"不太確定耶,但現在確實蠻涼的。",疑問語調,平淡語氣,疑問語調,平淡語氣
這樣真的超過份的！,關切語調,憤怒語調,憤怒語調,憤怒語調
哇!真希望我也看到了!你有拍照嗎?,開心語調,驚奇語調,驚奇語調,開心語調
不要又跟我說你把頭髮剪短了五公分。,平淡語氣,厭惡語調,憤怒語調,厭惡語調
太棒了!你有想好交換禮物要買什麼了嗎？,開心語調,開心語調,開心語調,開心語調
"天啊,這太不可思議了!收到的人應該很難過吧?",驚奇語調,驚奇語調,驚奇語調,關切語調
"別擔心,你們那麼強，一定會贏的。",關切語調,關切語調,開心語調,
"唉,我懂你的感受。這種人就不應該參加交換禮物。",厭惡語調,悲傷語調,厭惡語調,厭惡語調
哇!運氣也太好了吧！,開心語調,驚奇語調,驚奇語調,
"噢,這真是個難過的消息...",悲傷語調,悲傷語調,悲傷語調,悲傷語調
這太過分了!是誰說的？,憤怒語調,憤怒語調,憤怒語調,憤怒語調
別做夢了。,平淡語氣,厭惡語調,厭惡語調,憤怒語調
真的假的?!他不是才40歲嗎?,驚奇語調,驚奇語調。,驚奇語調,驚奇語調
哇!好好喔！小狗一定很可愛吧?我可以去看看嗎?,開心語調,驚奇語調,驚奇語調,開心語調
我同意!真的超不舒服的。,厭惡語調,厭惡語調,厭惡語調,厭惡語調
沒事的，不要難過...下次會更好。,悲傷語調,關切語調,關切語調,關切語調
他們這樣太過分了！怎麼可以任意嘲笑別人？,憤怒語調,憤怒語調,憤怒語調,
我也是欸！高一的時候都不會！,開心語調,開心語調,驚奇語調,平淡語氣
怎麼會這樣！是哪個導演拍的！？,憤怒語調,驚奇語調,憤怒語調,
"這太誇張了!應該要立即報警,立即要求他刪除。",憤怒語調,憤怒語調,憤怒語調,憤怒語調
真是太誇張了。這種品質根本就是在欺騙消費者。我們應該去投訴。,憤怒語調,憤怒語調,憤怒語調,憤怒語調
這是個令人難過的消息。他的作品給了我們這麼多靈感和快樂...,悲傷語調,悲傷語調,悲傷語調,悲傷語調
真的假的!裡面有什麼?,驚奇語調,驚奇語調,驚奇語調,驚奇語調
這太過分了!最近這種事也太常發生了吧！,憤怒語調,憤怒語調,憤怒語調,憤怒語調
真的假的?!這太神奇了!你有進去看嗎?!,驚奇語調,驚奇語調,驚奇語調,驚奇語調
哇！恭喜你啊！,開心語調,開心語調,開心語調,開心語調
為什麼，發生什麼事了？,關切語調,疑問語調,疑問語調,關切語調
哇，這種人真讓生氣！,憤怒語調,憤怒語調,憤怒語調,憤怒語調
放心，努力總會有回報的，你可以的！,關切語調,開心語調,開心語調,開心語調
放心啦，努力總會有回報的，你可以的！,關切語調,開心語調,開心語調,
真的嗎？太厲害了！,驚奇語調,驚奇語調,驚奇語調,
嗯，聽起來不太好吃，不要吃了吧!,厭惡語調,厭惡語調,厭惡語調,關切語調
可以啊，要看什麼？,平淡語氣,疑問語調,疑問語調,疑問語調
1000塊就很好了啊!,開心語調,開心語調,開心語調,開心語調
別灰心，每個人都有低潮的時候，放輕鬆慢慢來。,關切語調,關切語調,關切語調,關切語調
太煩了吧！但沒辦法，唉。,憤怒語調,悲傷語調,憤怒語調,
你準備得很好了，放輕鬆，結果一定不會太差的。,關切語調,關切語調,關切語調,關切語調
幹！效率也太高了吧！,驚奇語調,驚奇語調,憤怒語調,驚奇語調
脫掉吧!,厭惡語調,無法判斷,憤怒語調,
哇！辛苦你了，今天要好好慶祝了吧！,開心語調,開心語調,開心語調,開心語調
哇!不要太傷心，想一下你最後看到牠在哪裡？,關切語調,驚奇語調,關切語調,關切語調
真的很白癡！,憤怒語調,憤怒語調,憤怒語調,憤怒語調
別擔心，你已經準備得很好了，一定會順利的！,關切語調,開心語調,開心語調,開心語調
那當然啊!嘿嘿!,開心語調,開心語調,開心語調,開心語調
嗯，下次不要買，換一家吧。,厭惡語調,厭惡語調,厭惡語調,
好啊，去哪裡吃？,平淡語氣,平淡語氣,疑問語調,疑問語調
聽起來很辛苦，發生了什麼事？,關切語調,關切語調,關切語調,關切語調
為什麼？,關切語調,疑問語調,疑問語調,疑問語調
你運氣真的很不好！每次明明都是他在搞。,憤怒語調,憤怒語調,憤怒語調,
哇，當然啊！是什麼好消息？,開心語調,驚奇語調,驚奇語調,開心語調
那是什麼，還有其他事嗎？,平淡語氣,疑問語調,疑問語調,疑問語調
"讓我看看,哪裡？",疑問語調,疑問語調,疑問語調,疑問語調
要看你希望達成什麼目標，具體情況可以再詳細討論。,平淡語氣,平淡語氣,平淡語氣,平淡語氣
"哇，真的嗎？你完蛋了,快去補救啊!。",驚奇語調,驚奇語調,憤怒語調,
沒事吧!發生甚麼事了？,關切語調,關切語調,關切語調,關切語調
讚喔！做得好，現在可以好好放鬆一下了。,開心語調,開心語調,開心語調,
別氣餒，這只是一次考試而已。,關切語調,關切語調,關切語調,關切語調
這樣的感覺很正常，可以試著靜下來思考，我們可以一起探討解決方法。,關切語調,關切語調,關切語調,關切語調
他是故意的還是真的笨啊!,憤怒語調,憤怒語調,憤怒語調,憤怒語調
真好！是什麼？,開心語調,驚奇語調,驚奇語調,驚奇語調
你要買甚麼呢？,平淡語氣,疑問語調,疑問語調,疑問語調
說來聽聽，我還沒看過，為什麼？,疑問語調,疑問語調,疑問語調,疑問語調
再多說一點？,平淡語氣,疑問語調,疑問語調,疑問語調
哇，真的喔!是誰？,驚奇語調,驚奇語調,驚奇語調,驚奇語調
還好嗎，怎麼了？,關切語調,關切語調,關切語調,關切語調
讚喔！是哪本書？,開心語調,開心語調,驚奇語調,開心語調
不用擔心，你可以的。,關切語調,,開心語調,關切語調
他們是不是故意的，真的很糟糕！,憤怒語調,憤怒語調,憤怒語調,憤怒語調
那聽起來不錯，有什麼計畫嗎？,平淡語氣,疑問語調,疑問語調,疑問語調
真的嗎？我都還沒看過一隻真的熊，你就在路上看到了！,驚奇語調,驚奇語調,驚奇語調,驚奇語調
沒事的，只是運氣比較不好而已，下次議定可以的。,關切語調,平淡語氣,平淡語氣,
太好了！你一定很高興，分享一下啊！,開心語調,開心語調,開心語調,開心語調
他真的很白癡！,憤怒語調,憤怒語調,憤怒語調,憤怒語調
今天的天氣還算穩定，不冷也不熱。,平淡語氣,平淡語氣,平淡語氣,平淡語氣
哪裡？發生了甚麼事？。,關切語調,疑問語調,疑問語調,疑問語調
為什麼，他們都在講什麼？,疑問語調,疑問語調,疑問語調,關切語調
他們是不是故意的啊！你說了什麼？,憤怒語調,憤怒語調,憤怒語調,憤怒語調
真棒！是什麼？,開心語調,驚奇語調,驚奇語調,開心語調
沒事啦！應該只是風聲。,關切語調,平淡語氣,平淡語氣,平淡語氣
哇！恭喜你！我們該慶祝一下！,開心語調,開心語調,開心語調,開心語調
有點糟糕！你應該跟他談談，這樣下去不行。,憤怒語調,憤怒語調,憤怒語調,關切語調
真的喔，哪裡很糟糕說來聽聽。,平淡語氣,疑問語調,疑問語調,疑問語調
為什麼？講給我聽聽我或許可以幫你排解。,關切語調,關切語調,疑問語調,關切語調
真的嗎？看來貓有九條命是真的。,驚奇語調,驚奇語調,驚奇語調,驚奇語調
或許可以去散散步。,平淡語氣,平淡語氣,平淡語氣,平淡語氣
哎呦！厲害喔！你做了什麼？,開心語調,驚奇語調,驚奇語調,驚奇語調
放輕鬆啦！你可以的。,關切語調,開心語調,開心語調,關切語調
哇！他提了什麼？感覺很白癡。,憤怒語調,驚奇語調,厭惡語調,
也許大家只是剛好很忙，別想太多，你還有我。,關切語調,關切語調,關切語調,關切語調
哇！真的嗎？中多少？,驚奇語調,驚奇語調,驚奇語調,驚奇語調
哇！那你最後有吃完嗎？,平淡語氣,驚奇語調,驚奇語調,驚奇語調
讚喔！找人來打球吧！,開心語調,開心語調,開心語調,開心語調
休息一下吧！身體比較重要。,關切語調,關切語調,關切語調,關切語調
真的假的？他是誰？,驚奇語調,疑問語調,疑問語調,驚奇語調
這也沒辦法，只能保護好自己了。,關切語調,悲傷語調,平淡語氣,
哇！讚喔！你有壓制第二名嗎？,開心語調,驚奇語調,驚奇語調,
哇你聽起來很生氣！他們做了什麼？,疑問語調,驚奇語調,疑問語調,關切語調
哇靠！你這隻買多久了啊！,憤怒語調,驚奇語調,驚奇語調,驚奇語調
沒事啦！休息一下就好了。,關切語調,平淡語氣,平淡語氣,關切語調
真的假的！他寫了什麼書？,驚奇語調,驚奇語調,驚奇語調,驚奇語調
好啊，我沒什麼事，要看什麼？,平淡語氣,平淡語氣,平淡語氣,疑問語調
當然，是個人都會生氣。,平淡語氣,憤怒語調,憤怒語調,憤怒語調
讚喔！你們要去哪裡玩？,開心語調,開心語調,開心語調,開心語調
你怎麼了？要不要跟我聊聊，或許我可以幫到你。,關切語調,關切語調,關切語調,關切語調
先不要太擔心，反正再怎麼想也沒有用。,關切語調,平淡語氣,關切語調,關切語調
哇！恭喜你，你做到了！,開心語調,開心語調,開心語調,開心語調
這太糟了吧！他們是怎樣，把所有東西都丟給你。,憤怒語調,憤怒語調,憤怒語調,憤怒語調
是啊，那種人真的很煩。,平淡語氣,厭惡語調,厭惡語調,厭惡語調
他會好起來的，不用擔心。,關切語調,關切語調,開心語調,關切語調
幹！他也太爽了吧。,驚奇語調,憤怒語調,憤怒語調,
可以點外送，看有什麼可以吃。,平淡語氣,,,
他怎麼了？是他做了什什麼事？,疑問語調,,,
恭喜你！這一定是個大成就，我替你感到驕傲！,開心語調,,,
別逼自己太緊，休息一下也很重要。,關切語調,,,
別太擔心，應該不會有事的，放輕鬆吧。,關切語調,,,關切語調
太棒了！這可是件大工程，你終於完成了，要好好慶祝一下！,開心語調,開心語調,開心語調,開心語調
你應該找網路公司投訴一下，他們都已經收了你的錢服務還那麼差。,憤怒語調,憤怒語調,憤怒語調,憤怒語調
是嗎？為什麼？,平淡語氣,疑問語調,疑問語調,疑問語調
也許你需要一段時間休息一下，有沒有想過做點讓自己開心的事？,關切語調,關切語調,關切語調,關切語調
哇靠！真的嗎？是誰？,驚奇語調,驚奇語調,驚奇語調,驚奇語調
可以啊，我們可以去散散步，放鬆一下。,平淡語氣,開心語調,開心語調,開心語調
他說了什麼？聽起來很糟糕？,疑問語調,疑問語調,疑問語調,關切語調
哇，真羨慕！新手機的感覺是不是很棒？,開心語調,驚奇語調,驚奇語調,開心語調
工作有時候就是這樣，別太自責，找到節奏就會好起來的。,關切語調,關切語調,平淡語氣,關切語調
夢而已，不用太擔心。,關切語調,平淡語氣,平淡語氣,
哇！讚喔？那雙鞋真的超難搶的，你真幸運！,開心語調,驚奇語調,驚奇語調,驚奇語調
這也太不負責任了！這個主管在幹嘛？,憤怒語調,憤怒語調,憤怒語調,憤怒語調
嗯，下次我們還是別去那家了，換個地方吧。,平淡語氣,厭惡語調,厭惡語調,
發什麼事了，想聊聊嗎？也許會感覺好一點。,關切語調,關切語調,關切語調,關切語調
什麼？真的假的！他什麼時候這麼有夢想的？,驚奇語調,驚奇語調,驚奇語調,驚奇語調
可以啊，明天下午我有空。,平淡語氣,平淡語氣,開心語調,
他怎麼這樣？要不要跟她講一下？,疑問語調,疑問語調,疑問語調,疑問語調
哇，這真的很厲害！我沒辦法那麼自律！,開心語調,驚奇語調,開心語調,驚奇語調
這也沒辦法，但我相信他還是會繼續跟你聯絡的。,關切語調,悲傷語調,關切語調,關切語調
我也有點擔心啊，不過白天出門應該會安全些，還是多注意周圍吧。,關切語調,關切語調,關切語調,關切語調
哇！那個考卷很難欸，你竟然拿到滿分？,開心語調,驚奇語調,驚奇語調,驚奇語調
幹！直接打電話給勞工局投訴。,憤怒語調,憤怒語調,憤怒語調,憤怒語調
是啊，服務差的店真的不懂為什麼還要做服務業。,平淡語氣,厭惡語調,厭惡語調,憤怒語調
明天一定會好起來的，去睡一覺就好了。,關切語調,平淡語氣,開心語調,開心語調
哇，這真是太巧了！你們聊得怎麼樣？,驚奇語調,驚奇語調,驚奇語調,驚奇語調
聽起來不錯，走吧。,平淡語氣,開心語調,開心語調,開心語調
他平常也這樣嗎？那他人際關係不就很糟糕？,疑問語調,疑問語調,疑問語調,關切語調
哇！他竟然會送你？怎麼可能！,開心語調,驚奇語調,驚奇語調,驚奇語調
為什麼，你為什麼會這樣覺得？,關切語調,疑問語調,疑問語調,疑問語調
別擔心，咬牙撐過就好了。,關切語調,關切語調,關切語調,關切語調
哇！多少錢？這效能好嗎？,開心語調,驚奇語調,疑問語調,驚奇語調
哇！運氣真背，找客服投訴吧！,憤怒語調,驚奇語調,驚奇語調,憤怒語調
是嗎？還好我都自己帶便當。,平淡語氣,平淡語氣,疑問語調,平淡語氣
不然現在就訂火車票，回去看看他們？,關切語調,疑問語調,疑問語調,
哇！真的假的？要打開來看看嗎？,驚奇語調,驚奇語調,驚奇語調,驚奇語調
我下週比較有空，我們約個時間。,平淡語氣,平淡語氣,平淡語氣,平淡語氣
他做了什麼事？,疑問語調,疑問語調,疑問語調,疑問語調
厲害喔！要不要秀一下！,開心語調,開心語調,驚奇語調,開心語調
別逼自己太緊，放鬆一下吧，你也可以跟我聊聊。,關切語調,關切語調,關切語調,關切語調
那就小心點不要給他你的個資就好了。,關切語調,平淡語氣,疑問語調,關切語調
哇！終於啊！以後不能笑你了，那我們什麼時候去游泳呢？,開心語調,開心語調,驚奇語調,開心語調
真的是！他總是那樣，讓人受不了。,憤怒語調,憤怒語調,憤怒語調,厭惡語調
真的很難吃，下次不要再去了。,平淡語氣,厭惡語調,厭惡語調,厭惡語調
人總有這樣的時候，堅持下去，你會好起來的。,關切語調,關切語調,關切語調,關切語調
哇，這麼巧！你們聊了什麼？,驚奇語調,驚奇語調,驚奇語調,驚奇語調
我們可以先討論一下不同的解決方案，然後再決定。,平淡語氣,平淡語氣,關切語調,平淡語氣
真的嗎？還是要換別的款式？,疑問語調,疑問語調,疑問語調,疑問語調
讚喔，那我們下次去吃。,開心語調,開心語調,開心語調,開心語調
為什麼？沒有再聯絡了嗎？。,關切語調,疑問語調,疑問語調,疑問語調
這是一個重要的決定，有什麼特定的原因嗎？,平淡語氣,疑問語調,疑問語調,疑問語調
哇，真是意外！你們有聯絡上嗎？,驚奇語調,驚奇語調,驚奇語調,驚奇語調
聽起來你現在過得不容易，有什麼我可以幫忙的嗎？,關切語調,關切語調,關切語調,關切語調
我們可以討論一下，你有什麼想法嗎？,平淡語氣,疑問語調,疑問語調,疑問語調
太好了！這一定是一個很大的成就，能分享一下你的目標嗎？,開心語調,開心語調,開心語調,開心語調
會有這樣的感覺很正常，你是對什麼感到擔憂呢？,關切語調,關切語調,關切語調,關切語調
是哪部分的工作讓你感到這麼厭惡？,疑問語調,疑問語調,疑問語調,厭惡語調
這種情況讓人很失望，你有機會表達你的意見嗎？,憤怒語調,悲傷語調,關切語調,悲傷語調
好的，這些文件有什麼特別需要注意的嗎？,平淡語氣,疑問語調,疑問語調,疑問語調
真是太令人驚訝了！你是如何得知這個消息的？,驚奇語調,驚奇語調,驚奇語調,驚奇語調
這種感覺很難受，是否有具體的情況讓你覺得如此？,關切語調,關切語調,關切語調,關切語調
太好了！是什麼樣的讚美呢？,開心語調,開心語調,驚奇語調,開心語調
那聽起來不錯，有什麼特別的事情發生嗎？,平淡語氣,疑問語調,疑問語調,疑問語調
演講前的緊張感很正常，你準備好了嗎？,關切語調,關切語調,疑問語調,關切語調
是節目的哪部分讓你感到無聊呢？,疑問語調,疑問語調,疑問語調,疑問語調
這真是讓人生氣，你能否找到解決方案來改善這種情況？,憤怒語調,憤怒語調,憤怒語調,憤怒語調
哇，恭喜你！這一定是很大的成就，你打算怎麼慶祝呢？,開心語調,開心語調,開心語調,開心語調
那聽起來不錯，這技能是關於什麼的？,平淡語氣,疑問語調,疑問語調,疑問語調
聽到你這麼說我很擔心，你有考慮過尋求幫助嗎？,關切語調,關切語調,關切語調,關切語調
哇，這真是意外！她還會說什麼語言嗎？,驚奇語調,驚奇語調,驚奇語調,驚奇語調
這真的很讓人很生氣，你能否和他們討論一下以改善溝通？,憤怒語調,憤怒語調,憤怒語調,憤怒語調
好的，我可以幫你找找相關資料。,平淡語氣,平淡語氣,平淡語氣,平淡語氣
不用擔心，可能可以找人幫助你或者制定一個計劃來解決這個問題。,關切語調,關切語調,關切語調,關切語調
哇，那真的很酷！你最喜歡他的什麼設定呢？,開心語調,驚奇語調,驚奇語調,開心語調
這聽起來很難過，是發生了什麼事情嗎？,關切語調,悲傷語調,關切語調,關切語調
真是意外的重逢！你們有聊什麼嗎？,驚奇語調,驚奇語調,驚奇語調,驚奇語調
有什麼特別讓你不喜歡的味道嗎？,疑問語調,疑問語調,疑問語調,疑問語調
那很重要，有什麼新的計劃嗎？,平淡語氣,疑問語調,疑問語調,疑問語調
你會緊張很正常，可以試著制定一個學習計劃來幫助你準備。,關切語調,關切語調,關切語調,關切語調
哇，聽起來很棒！電影的名字是什麼？,開心語調,驚奇語調,驚奇語調,
這聽起來很難受，有沒有什麼我可以做的來幫助你？,關切語調,關切語調,關切語調,關切語調
哇，真是羨慕！那隻狗是什麼品種的？,驚奇語調,驚奇語調,驚奇語調,開心語調
這樣的服務真的不應該，是否有機會向負責人反映你的不滿？,憤怒語調,憤怒語調,疑問語調,憤怒語調
聽起來像是個不錯的主意，你有想過要嘗試什麼新事物嗎？,平淡語氣,疑問語調,疑問語調,疑問語調
理解你的擔心，試著尋找一些建議或者諮詢專業人士會有幫助。,關切語調,關切語調,關切語調,關切語調
太好了！你們聊了什麼？,開心語調,開心語調,驚奇語調,開心語調
聽到你這麼說我很擔心，是什麼讓你這樣覺得？,關切語調,關切語調,關切語調,關切語調
哇，這真是個驚喜！你有什麼感想呢？,驚奇語調,驚奇語調,驚奇語調,驚奇語調
哦，是哪種類型的？,平淡語氣,疑問語調,疑問語調,疑問語調
哇，真棒！是什麼禮物？,開心語調,驚奇語調,驚奇語調,開心語調
聽到你這麼說我很難過，你有考慮過重新調整一下你的目標嗎？,關切語調,悲傷語調,關切語調,
哇，真的嗎？你們有聊什麼嗎？,驚奇語調,驚奇語調,驚奇語調,驚奇語調
這樣真的很讓人火大，你能否找一種更好的方式來處理這些事情？,憤怒語調,憤怒語調,憤怒語調,憤怒語調
你有想好要換成什麼樣的工作嗎？,平淡語氣,疑問語調,疑問語調,疑問語調
放心點，準備充分會幫助你提高信心。你有準備好一些常見問題的答案嗎？,關切語調,關切語調,關切語調,關切語調
太棒了！是什麼食譜？可以分享一下嗎？,開心語調,開心語調,開心語調,開心語調
這聽起來很困難，是否有什麼方式可以幫助你放鬆一下？,關切語調,關切語調,關切語調,關切語調
真的嗎？那個貼文說了什麼？,驚奇語調,疑問語調,疑問語調,疑問語調
這種情況真的很讓人生氣，你有嘗試過跟相關的人溝通你的感受嗎？,憤怒語調,憤怒語調,憤怒語調,憤怒語調
聽起來很有條理，今天有什麼特別的計劃嗎？,平淡語氣,關切語調,疑問語調,開心語調
理解你的感受，可能需要一些時間來適應。你有考慮過尋求幫助或支持嗎？,關切語調,關切語調,關切語調,關切語調
太好了！禮物是什麼呢？,開心語調,開心語調,開心語調,開心語調
這種感覺很痛苦，是什麼事情讓你感到這樣？,關切語調,悲傷語調,關切語調,關切語調
哇，真是太令人驚訝了！你們有什麼互動嗎？,驚奇語調,驚奇語調,驚奇語調,驚奇語調
你為什麼覺得這個政策不好？,疑問語調,疑問語調,疑問語調,疑問語調
很好！這些知識對你有什麼幫助？,平淡語氣,疑問語調,疑問語調,
你的擔心很合理，是否有考慮過做一些檢查來確認健康狀況？,關切語調,關切語調,關切語調,關切語調
太棒了！能分享一下嗎？,開心語調,開心語調,開心語調,開心語調
這聽起來很困難，有沒有什麼具體的原因讓你感覺這樣？,關切語調,關切語調,疑問語調,關切語調
真的嗎？那個社團有什麼特別的活動？,驚奇語調,疑問語調,疑問語調,疑問語調
這真的很讓人疲憊，有沒有辦法來減少這些麻煩呢？,憤怒語調,關切語調,疑問語調,關切語調
很好啊，你有學到什麼新技術嗎？,平淡語氣,疑問語調,開心語調,關切語調
那聽起來很困難，是發生了什麼事情嗎？,關切語調,關切語調,關切語調,關切語調
恭喜！項目是什麼呢？,開心語調,驚奇語調,驚奇語調,
這樣真的很讓人生氣，你有考慮過向管理層反映這些問題嗎？,憤怒語調,憤怒語調,憤怒語調,憤怒語調
哇，那真是驚人！那本書有什麼特別之處？,驚奇語調,驚奇語調,驚奇語調,驚奇語調
未來的不確定性確實讓人擔憂，你有考慮過制定一些具體的計劃嗎？,關切語調,關切語調,關切語調,關切語調
這樣的會議確實很浪費時間，有沒有什麼辦法可以改善？,厭惡語調,疑問語調,疑問語調,關切語調
整理得怎麼樣？需要幫忙嗎？,平淡語氣,關切語調,關切語調,關切語調
太棒了！能說說是什麼獎嗎？,開心語調,開心語調,驚奇語調,開心語調
怎麼會這樣，居然有這樣的轉折！,驚奇語調,驚奇語調,驚奇語調,驚奇語調
我完全沒有料到，這竟然會是這個結局！,驚奇語調,驚奇語調,驚奇語調,驚奇語調
這種情況我完全沒預料到，真是太驚訝了！,驚奇語調,驚奇語調,驚奇語調,驚奇語調
這簡直不可能，怎麼會是這樣！,驚奇語調,驚奇語調,憤怒語調,憤怒語調
真是太出乎意料了，我完全無法想像會是這樣！,驚奇語調,驚奇語調,驚奇語調,驚奇語調
這真的是奇蹟嗎？太讓人震驚了！,驚奇語調,驚奇語調,驚奇語調,驚奇語調
我真不敢相信，居然會發生這樣的事！,驚奇語調,,驚奇語調,驚奇語調
這一切完全超出了我的想像，真的是太神奇了！,驚奇語調,驚奇語調,驚奇語調,驚奇語調
我怎麼都沒想到會有這樣的情節，真是太驚奇了！,驚奇語調,驚奇語調,驚奇語調,驚奇語調
怎麼會有這種人，真讓人感到噁心！,厭惡語調,厭惡語調,厭惡語調,厭惡語調
這樣的行為讓我感到無比厭惡，真想遠離你。,厭惡語調,厭惡語調。,厭惡語調,厭惡語調
我真是不想再見到你了，這樣的你讓我討厭。,厭惡語調,厭惡語調,厭惡語調,
你怎麼這麼冷酷，完全不顧別人的感受，真讓人反感。,厭惡語調,厭惡語調,厭惡語調,憤怒語調
這些話聽起來真讓人不舒服，我怎麼能接受！,厭惡語調,厭惡語調,憤怒語調,
我真的是受夠了，這種行為太惡心了。,厭惡語調,厭惡語調,厭惡語調,
每次見到這樣的情況，我都感到無比厭惡。,厭惡語調,厭惡語調,厭惡語調,厭惡語調
這根本不配被原諒，真的讓我感到惡心。,厭惡語調,厭惡語調。,厭惡語調,厭惡語調
你的做法簡直令人作嘔，我再也無法忍受。,厭惡語調,厭惡語調。,厭惡語調,憤怒語調
我怎麼會這麼傻，居然還想信這種人，真是反感。,厭惡語調,厭惡語調,厭惡語調,厭惡語調
每天早晨，我都會做一杯熱咖啡，開始我的一天。,平淡語氣,平淡語氣,平淡語氣,平淡語氣
這條路我走了很多次，沒有什麼特別的感覺。,平淡語氣,平淡語氣,平淡語氣,平淡語氣
我看著窗外，天氣不錯，但也不會去特別想要改變什麼。,平淡語氣,平淡語氣,平淡語氣,平淡語氣
今天的工作順利結束，回到家裡，還是一如既往的安靜。,平淡語氣,平淡語氣,平淡語氣,
午餐時間，我去了附近的餐廳，吃了點簡單的便當。,平淡語氣,平淡語氣,平淡語氣,平淡語氣
我每天都按時吃飯，照常工作，生活其實很平淡。,平淡語氣,平淡語氣,平淡語氣,平淡語氣
看了一部電影，但沒有太多的感觸，結局也算預料之中。,平淡語氣,平淡語氣,平淡語氣,平淡語氣
他看了看天，然後繼續往前走，沒說什麼。,平淡語氣,平淡語氣,平淡語氣,平淡語氣
