character,true_emotion,sentence,predicted_emotion,intensity_level,raw_response,api_time,api_status
阿美老師（女性，42 歲，小學自然科老師，溫柔耐心）,悲傷,今天小明哭著說他不想上學，我聽了心好酸，還是忍不住陪他坐了一整節課。,悲傷,Medium,"情緒：悲傷
強度：Medium",0.8385322093963623,200
阿美老師（女性，42 歲，小學自然科老師，溫柔耐心）,悲傷,那棵我們一起種的小樹被風吹倒了，孩子們看到的時候眼眶都紅了，我也好難過。,悲傷,Medium,"情緒：悲傷
強度：Medium",0.915611982345581,200
阿美老師（女性，42 歲，小學自然科老師，溫柔耐心）,悲傷,每次畢業季，看著孩子們一個個離開，心裡真的五味雜陳，很捨不得啊。,悲傷,Medium,"情緒：悲傷
強度：Medium",0.9949421882629395,200
阿美老師（女性，42 歲，小學自然科老師，溫柔耐心）,悲傷,剛才批改作文，有個孩子寫他爸爸又喝醉打人，我看得真的很心痛。,悲傷,Medium,"情緒：悲傷
強度：Medium",0.8096849918365479,200
阿美老師（女性，42 歲，小學自然科老師，溫柔耐心）,悲傷,今天早上收到通知，小玲轉學了，連句道別都沒說，教室都空了一塊似的。,悲傷,Medium,"情緒：悲傷
強度：Medium",0.844578742980957,200
阿美老師（女性，42 歲，小學自然科老師，溫柔耐心）,悲傷,有些孩子明明很聰明，卻因為家庭環境跟不上進度，我心裡真的很無力。,悲傷,Medium,"情緒：悲傷
強度：Medium",0.799605131149292,200
阿美老師（女性，42 歲，小學自然科老師，溫柔耐心）,悲傷,前幾年教過的小哲出車禍過世了，真不敢相信那麼陽光的孩子就這樣走了⋯⋯,悲傷,Medium,"情緒：悲傷
強度：Medium",0.7348549365997314,200
阿美老師（女性，42 歲，小學自然科老師，溫柔耐心）,悲傷,最近壓力有點大，回到家只想靜靜地坐著，什麼都不想講。,悲傷,Low,"情緒：悲傷
強度：Low",1.041011095046997,200
阿美老師（女性，42 歲，小學自然科老師，溫柔耐心）,悲傷,我盡力想讓每個孩子都被看見，可有時候還是會覺得自己做得不夠好。,悲傷,Low,"情緒：悲傷
強度：Low",0.7456352710723877,200
阿美老師（女性，42 歲，小學自然科老師，溫柔耐心）,悲傷,有學生偷拿東西被抓，我當下其實很難過，因為我知道他不是壞孩子。,悲傷,Medium,"情緒：悲傷
強度：Medium",0.7621979713439941,200
阿美老師（女性，42 歲，小學自然科老師，溫柔耐心）,憤怒,我真的不能接受家長用手機罵孩子，那不是教育，那是情緒發洩！,憤怒,High,"情緒：憤怒
強度：High",0.843390941619873,200
阿美老師（女性，42 歲，小學自然科老師，溫柔耐心）,憤怒,明明我提了三次學校設備要修，結果又拖了一個學期，真的氣人。,憤怒,High,"情緒：憤怒
強度：High",0.802130937576294,200
阿美老師（女性，42 歲，小學自然科老師，溫柔耐心）,憤怒,有些人老是把老師當保母，孩子的一切都丟給我們管，這樣對嗎？,憤怒,Medium,"情緒：憤怒
強度：Medium",0.8400850296020508,200
阿美老師（女性，42 歲，小學自然科老師，溫柔耐心）,憤怒,那位男老師竟然在會議上打斷我三次，完全不尊重別人發言！,憤怒,High,"情緒：憤怒
強度：High",0.6296451091766357,200
阿美老師（女性，42 歲，小學自然科老師，溫柔耐心）,憤怒,今天看到有人在黑板上亂畫，還說是「藝術」，根本不尊重教室環境！,憤怒,Medium,"情緒：憤怒
強度：Medium",0.7386078834533691,200
阿美老師（女性，42 歲，小學自然科老師，溫柔耐心）,憤怒,我講了一整週的科展規則，還是有學生交白卷，真的氣又無奈。,憤怒,High,"情緒：憤怒
強度：High",0.9402079582214355,200
阿美老師（女性，42 歲，小學自然科老師，溫柔耐心）,憤怒,小華媽媽又遲到了快一小時來接人，孩子都快哭出來了，她好像完全不在意。,厭惡,Medium,"情緒：厭惡
強度：Medium",1.050464153289795,200
阿美老師（女性，42 歲，小學自然科老師，溫柔耐心）,憤怒,教育部又下新指令，沒提前說，逼老師們臨時加班，誰來體諒我們？,憤怒,High,"情緒：憤怒
強度：High",0.9403541088104248,200
阿美老師（女性，42 歲，小學自然科老師，溫柔耐心）,憤怒,批改考卷發現好幾題一模一樣，學生說沒抄，當我是笨蛋嗎？,憤怒,High,"情緒：憤怒
強度：High",0.8719010353088379,200
阿美老師（女性，42 歲，小學自然科老師，溫柔耐心）,憤怒,有人說「老師就只是個拿固定薪水的」，這種話真的很刺耳！,憤怒,High,"情緒：憤怒
強度：High",0.8116331100463867,200
阿美老師（女性，42 歲，小學自然科老師，溫柔耐心）,驚奇,哇！我真的沒想到小君居然會主動幫同學收作業，以前他可是最愛賴皮的呢！,驚奇,Medium,"情緒：驚奇
強度：Medium",0.7355442047119141,200
阿美老師（女性，42 歲，小學自然科老師，溫柔耐心）,驚奇,今天午休走進教室，居然看到孩子們自己在靜靜看書，我差點以為走錯班。,驚奇,Medium,"情緒：驚奇
強度：Medium",1.2396671772003174,200
阿美老師（女性，42 歲，小學自然科老師，溫柔耐心）,驚奇,校長竟然說要讓我們老師決定課表順序？第一次聽到這種開放政策耶！,驚奇,Medium,"情緒：驚奇
強度：Medium",0.9134061336517334,200
阿美老師（女性，42 歲，小學自然科老師，溫柔耐心）,驚奇,小志居然寫了整整三頁自然觀察日誌，我以為他只會畫火柴人呢！,驚奇,Medium,"情緒：驚奇
強度：Medium",0.69588303565979,200
阿美老師（女性，42 歲，小學自然科老師，溫柔耐心）,驚奇,剛剛回家看到先生洗好碗還拖了地，差點以為我在作夢！,驚奇,Medium,"情緒：驚奇
強度：Medium",0.8966991901397705,200
阿美老師（女性，42 歲，小學自然科老師，溫柔耐心）,驚奇,我學生在自然科比賽拿了全國第三名，天啊我真的快哭了！,喜悅,High,"情緒：喜悅
強度：High",0.7761311531066895,200
阿美老師（女性，42 歲，小學自然科老師，溫柔耐心）,驚奇,原來學校後面那棵樹是台灣原生種！教了這麼多年我居然沒發現。,驚奇,Medium,"情緒：驚奇
強度：Medium",0.7609291076660156,200
阿美老師（女性，42 歲，小學自然科老師，溫柔耐心）,驚奇,今天午餐的便當居然有水果！第一次看到營養午餐有這麼用心的設計。,驚奇,Medium,"情緒：驚奇
強度：Medium",0.899183988571167,200
阿美老師（女性，42 歲，小學自然科老師，溫柔耐心）,驚奇,有個孩子用廢紙做了一個太陽能烤箱，我真的是又驚又喜！,驚奇,High,"情緒：驚奇
強度：High",0.9218969345092773,200
阿美老師（女性，42 歲，小學自然科老師，溫柔耐心）,驚奇,下課時突然有家長來送手工餅乾給我，說孩子變得喜歡學習了，好感動也好意外。,驚奇,Medium,"情緒：驚奇
強度：Medium",1.8141169548034668,200
阿美老師（女性，42 歲，小學自然科老師，溫柔耐心）,信任,我相信你們每個人都有能力理解這個實驗的原理，只要願意多花點時間。,信任,Low,"情緒：信任
強度：Low",0.7840969562530518,200
阿美老師（女性，42 歲，小學自然科老師，溫柔耐心）,信任,小傑，我知道你最近有點分心，但我相信你會找回學習的節奏。,信任,Low,"情緒：信任
強度：Low",0.8465449810028076,200
阿美老師（女性，42 歲，小學自然科老師，溫柔耐心）,信任,老師會一直在這裡支持你們，遇到問題我們一起想辦法。,信任,Low,"情緒：信任
強度：Low",0.8220820426940918,200
阿美老師（女性，42 歲，小學自然科老師，溫柔耐心）,信任,妳如果願意多說一點，老師會很願意聽，也不會責怪妳。,信任,Low,"情緒：信任
強度：Low",0.8973827362060547,200
阿美老師（女性，42 歲，小學自然科老師，溫柔耐心）,信任,雖然這次考得不理想，但我知道你已經很努力了。,信任,Low,"情緒：信任
強度：Low",0.8897919654846191,200
阿美老師（女性，42 歲，小學自然科老師，溫柔耐心）,信任,你們每次的小觀察都有進步，老師都看在眼裡。,信任,Low,"情緒：信任
強度：Low",0.7348370552062988,200
阿美老師（女性，42 歲，小學自然科老師，溫柔耐心）,信任,我們班的同學都有團隊精神，這次的報告我相信你們一定合作得很好。,信任,Low,"情緒：信任
強度：Low",0.6987428665161133,200
阿美老師（女性，42 歲，小學自然科老師，溫柔耐心）,信任,老師知道你不是故意忘記帶作業的，我相信你下次會記得。,信任,Low,"情緒：信任
強度：Low",0.9866151809692383,200
阿美老師（女性，42 歲，小學自然科老師，溫柔耐心）,信任,雖然結果不一定完美，但我相信你做的每個決定都是經過思考的。,信任,Low,"情緒：信任
強度：Low",0.8368349075317383,200
阿美老師（女性，42 歲，小學自然科老師，溫柔耐心）,信任,妳總是很細心，這次的實驗我完全放心交給妳主導。,信任,Low,"情緒：信任
強度：Low",1.6098661422729492,200
阿美老師（女性，42 歲，小學自然科老師，溫柔耐心）,喜悅,今天我們班全班交齊作業，第一次耶，我開心到請大家吃糖果！,喜悅,High,"情緒：喜悅
強度：High",1.9023711681365967,200
阿美老師（女性，42 歲，小學自然科老師，溫柔耐心）,喜悅,剛剛收到家長的感謝卡，說孩子變得愛學習了，真的超級有成就感。,喜悅,Medium,"情緒：喜悅
強度：Medium",1.0414347648620605,200
阿美老師（女性，42 歲，小學自然科老師，溫柔耐心）,喜悅,小朋友在自然課做的環保小盆栽都活下來了，我真的好開心！,喜悅,Medium,"情緒：喜悅
強度：Medium",1.8659822940826416,200
阿美老師（女性，42 歲，小學自然科老師，溫柔耐心）,喜悅,今天天氣好得不得了，下課還能跟孩子們在操場曬太陽。,喜悅,Medium,"情緒：喜悅
強度：Medium",1.0449941158294678,200
阿美老師（女性，42 歲，小學自然科老師，溫柔耐心）,喜悅,小志終於學會用顯微鏡了，看到他興奮的樣子我也忍不住笑了出來。,喜悅,Medium,"情緒：喜悅
強度：Medium",0.8692288398742676,200
阿美老師（女性，42 歲，小學自然科老師，溫柔耐心）,喜悅,校務會議提前結束，終於可以早點回家泡杯茶，好幸福～,喜悅,Low,"情緒：喜悅
強度：Low",1.1189918518066406,200
阿美老師（女性，42 歲，小學自然科老師，溫柔耐心）,喜悅,剛剛小莉悄悄塞了張畫給我，說「謝謝老師陪我長大」，好暖心。,喜悅,Low,"情緒：喜悅
強度：Low",0.7347168922424316,200
阿美老師（女性，42 歲，小學自然科老師，溫柔耐心）,喜悅,我今天穿了學生送我的圍裙上課，大家還鼓掌說我好可愛，真開心。,喜悅,Medium,"情緒：喜悅
強度：Medium",0.6935710906982422,200
阿美老師（女性，42 歲，小學自然科老師，溫柔耐心）,喜悅,自己熬夜準備的自然課小遊戲，孩子們玩得好開心，真的值得。,喜悅,Medium,"情緒：喜悅
強度：Medium",0.8197240829467773,200
阿美老師（女性，42 歲，小學自然科老師，溫柔耐心）,喜悅,聽到孩子們在背後討論說「老師講課都不會無聊」，我整天都笑咪咪的。,喜悅,Low,"情緒：喜悅
強度：Low",1.0470929145812988,200
阿美老師（女性，42 歲，小學自然科老師，溫柔耐心）,期待,下週我們要去植物園參觀，我已經開始想像你們看到真實蕨類植物時的反應了！,期待,Low,"情緒：期待
強度：Low",0.8961360454559326,200
阿美老師（女性，42 歲，小學自然科老師，溫柔耐心）,期待,明天的太陽能小車比賽，我真的很期待你們的作品上場。,期待,Medium,"情緒：期待
強度：Medium",1.6490910053253174,200
阿美老師（女性，42 歲，小學自然科老師，溫柔耐心）,期待,我好希望這次大家都能勇敢舉手發問，讓課堂更熱鬧一點。,期待,Medium,"情緒：期待
強度：Medium",0.9495980739593506,200
阿美老師（女性，42 歲，小學自然科老師，溫柔耐心）,期待,妳上次畫的科學手抄報那麼漂亮，我很期待這次的成品！,期待,Medium,"情緒：期待
強度：Medium",0.921558141708374,200
阿美老師（女性，42 歲，小學自然科老師，溫柔耐心）,期待,一想到你們下學期就要開始接觸天文單元，我就覺得好興奮。,期待,Medium,"情緒：期待
強度：Medium",0.8598389625549316,200
阿美老師（女性，42 歲，小學自然科老師，溫柔耐心）,期待,這次如果天氣好，我們就可以在戶外做實驗了，希望別下雨。,期待,Low,"情緒：期待
強度：Low",0.8075911998748779,200
阿美老師（女性，42 歲，小學自然科老師，溫柔耐心）,期待,妳最近這麼用功，我相信這次成果發表會表現得很棒。,信任,Low,"情緒：信任
強度：Low",0.7652051448822021,200
阿美老師（女性，42 歲，小學自然科老師，溫柔耐心）,期待,我們這週要開始孵小雞了，老師也跟你們一樣期待牠們破殼的樣子。,期待,Low,"情緒：期待
強度：Low",0.7376101016998291,200
阿美老師（女性，42 歲，小學自然科老師，溫柔耐心）,期待,每次你們的小組報告，我都會很期待看你們如何創意呈現。,期待,Low,"情緒：期待
強度：Low",2.0658648014068604,200
阿美老師（女性，42 歲，小學自然科老師，溫柔耐心）,期待,學期快結束了，我已經開始期待你們畢業時寫給老師的小卡片了。,期待,Low,"情緒：期待
強度：Low",0.777742862701416,200
阿美老師（女性，42 歲，小學自然科老師，溫柔耐心）,恐懼,我擔心你們太匆忙操作，萬一燒杯打破了會受傷。,恐懼,Low,"情緒：恐懼
強度：Low",0.7924091815948486,200
阿美老師（女性，42 歲，小學自然科老師，溫柔耐心）,恐懼,剛剛地震的時候，我真的很怕你們還在教室裡。,恐懼,Medium,"情緒：恐懼
強度：Medium",0.6911196708679199,200
阿美老師（女性，42 歲，小學自然科老師，溫柔耐心）,恐懼,每次看到你這樣獨自一個人不說話，我會擔心你是不是遇到什麼困難。,信任,Low,"情緒：信任
強度：Low",0.7202179431915283,200
阿美老師（女性，42 歲，小學自然科老師，溫柔耐心）,恐懼,有時候我會害怕自己沒教好，耽誤了你們的學習。,恐懼,Low,"情緒：恐懼
強度：Low",0.7022581100463867,200
阿美老師（女性，42 歲，小學自然科老師，溫柔耐心）,恐懼,天氣這麼熱，做戶外實驗我怕你們中暑。,恐懼,Medium,"情緒：恐懼
強度：Medium",1.208709955215454,200
阿美老師（女性，42 歲，小學自然科老師，溫柔耐心）,恐懼,妳最近常常請假，老師有點擔心妳的身體是不是出了什麼狀況。,信任,Low,"情緒：信任
強度：Low",1.1215598583221436,200
阿美老師（女性，42 歲，小學自然科老師，溫柔耐心）,恐懼,如果實驗出現失誤，我擔心會讓你們對科學失去興趣。,恐懼,Low,"情緒：恐懼
強度：Low",1.135246992111206,200
阿美老師（女性，42 歲，小學自然科老師，溫柔耐心）,恐懼,學校附近最近交通事故多，我每天都很怕你們上下學的安全。,恐懼,Medium,"情緒：恐懼
強度：Medium",0.8120830059051514,200
阿美老師（女性，42 歲，小學自然科老師，溫柔耐心）,恐懼,妳說妳想一個人待著，老師有點擔心妳的情緒是不是出了問題。,信任,Low,"情緒：信任
強度：Low",0.7726638317108154,200
阿美老師（女性，42 歲，小學自然科老師，溫柔耐心）,恐懼,有時候夜深人靜時，我會想：萬一我不再當老師了，還能陪著你們嗎？,悲傷,Low,"情緒：悲傷
強度：Low",2.4364607334136963,200
阿美老師（女性，42 歲，小學自然科老師，溫柔耐心）,厭惡,老是有家長臨時丟訊息要改接送，完全沒在考慮老師的困擾。,憤怒,Medium,"情緒：憤怒
強度：Medium",2.2707459926605225,200
阿美老師（女性，42 歲，小學自然科老師，溫柔耐心）,厭惡,有些孩子在教室亂丟垃圾，看了真的很倒胃口。,厭惡,Medium,"情緒：厭惡
強度：Medium",1.3528599739074707,200
阿美老師（女性，42 歲，小學自然科老師，溫柔耐心）,厭惡,學校行政有些規定不合邏輯，每次都讓我們現場老師收爛攤子。,憤怒,Medium,"情緒：憤怒
強度：Medium",0.9384868144989014,200
阿美老師（女性，42 歲，小學自然科老師，溫柔耐心）,厭惡,午餐的魚一打開就是腥味，吃第一口就不想吃了。,厭惡,Medium,"情緒：厭惡
強度：Medium",1.2606539726257324,200
阿美老師（女性，42 歲，小學自然科老師，溫柔耐心）,厭惡,每次課後會議開得又久又沒重點，真是浪費大家時間。,厭惡,Medium,"情緒：厭惡
強度：Medium",1.2591700553894043,200
阿美老師（女性，42 歲，小學自然科老師，溫柔耐心）,厭惡,學生抄答案還敢說是「互相幫忙」，這什麼歪理？,憤怒,High,"情緒：憤怒
強度：High",0.7263062000274658,200
阿美老師（女性，42 歲，小學自然科老師，溫柔耐心）,厭惡,教室冷氣壞了三天，維修人員還一副事不關己的樣子，真的受不了。,憤怒,High,"情緒：憤怒
強度：High",0.7212321758270264,200
阿美老師（女性，42 歲，小學自然科老師，溫柔耐心）,厭惡,有些老師上課完全不控場，吵到隔壁班，我們還得收拾善後。,憤怒,Medium,"情緒：憤怒
強度：Medium",2.281953811645508,200
阿美老師（女性，42 歲，小學自然科老師，溫柔耐心）,厭惡,小考有人作弊還裝無辜，那副嘴臉真的讓人氣到不行。,憤怒,High,"情緒：憤怒
強度：High",1.7504379749298096,200
阿美老師（女性，42 歲，小學自然科老師，溫柔耐心）,厭惡,明明跟校方反映過教具不夠，結果還是什麼都沒處理。,憤怒,Medium,"情緒：憤怒
強度：Medium",2.142759084701538,200
阿輝（男性，29歲，外送員，樂觀直率）,悲傷,今晚風好大，外面淋雨還是要送，心裡真的覺得挺難過的。,悲傷,Medium,"情緒：悲傷
強度：Medium",3.3256118297576904,200
阿輝（男性，29歲，外送員，樂觀直率）,悲傷,有客人給差評，我都不知道哪裡做錯了，心裡怪怪的。,悲傷,Low,"情緒：悲傷
強度：Low",0.8319089412689209,200
阿輝（男性，29歲，外送員，樂觀直率）,悲傷,看到那條街以前常來的攤位沒了，感覺這城市越來越冷清了。,悲傷,Low,"情緒：悲傷
強度：Low",1.297698736190796,200
阿輝（男性，29歲，外送員，樂觀直率）,悲傷,工作這麼累，有時候也會想家裡，但又不能停下來。,悲傷,Medium,"情緒：悲傷
強度：Medium",0.9057438373565674,200
阿輝（男性，29歲，外送員，樂觀直率）,悲傷,今天路上撞見老同學，他說他現在過得比我好，心裡不是滋味。,嫉妒（期待、厭惡、悲傷三者之間，最接近的是悲傷）,Low,"情緒：嫉妒（期待、厭惡、悲傷三者之間，最接近的是悲傷）
強度：Low",2.887515068054199,200
阿輝（男性，29歲，外送員，樂觀直率）,悲傷,小孩子對我笑了，但我知道自己沒法給他什麼真正的幫助。,悲傷,Low,"情緒：悲傷
強度：Low",1.6444098949432373,200
阿輝（男性，29歲，外送員，樂觀直率）,悲傷,看到別人聚在一起吃飯聊天，我卻孤單騎著車，好難過。,悲傷,Medium,"情緒：悲傷
強度：Medium",1.368945837020874,200
阿輝（男性，29歲，外送員，樂觀直率）,悲傷,手機沒電，訂單又來了，真想趕快結束這一天。,悲傷,Medium,"情緒：悲傷
強度：Medium",0.7383391857147217,200
阿輝（男性，29歲，外送員，樂觀直率）,悲傷,老闆又說我們工作效率不夠，心裡有點鬱悶。,悲傷,Low,"情緒：悲傷
強度：Low",3.0678117275238037,200
阿輝（男性，29歲，外送員，樂觀直率）,悲傷,今天接到一個特別冷漠的訂單，連聲謝謝都沒有，讓我心情很差。,厭惡,Medium,"情緒：厭惡
強度：Medium",0.8475568294525146,200
阿輝（男性，29歲，外送員，樂觀直率）,憤怒,這些客人訂了又改，害我繞來繞去，真是氣炸！,憤怒,High,"情緒：憤怒
強度：High",1.8576478958129883,200
阿輝（男性，29歲，外送員，樂觀直率）,憤怒,天啊，明明我提早到，店家卻說餐還沒做好，搞什麼嘛！,憤怒,High,"情緒：憤怒
強度：High",1.154735803604126,200
阿輝（男性，29歲，外送員，樂觀直率）,憤怒,遇到塞車根本受不了，這城市到底有沒有交通規劃啊？,憤怒,High,"情緒：憤怒
強度：High",0.8060832023620605,200
阿輝（男性，29歲，外送員，樂觀直率）,憤怒,有些人明明訂外送，結果又自己跑去拿，害我白跑一趟！,憤怒,Medium,"情緒：憤怒
強度：Medium",2.035813093185425,200
阿輝（男性，29歲，外送員，樂觀直率）,憤怒,客人態度差還不說謝謝，送餐都變成忍功大考驗。,憤怒,Medium,"情緒：憤怒
強度：Medium",0.8946511745452881,200
阿輝（男性，29歲，外送員，樂觀直率）,憤怒,老闆說我們要快送，但路上這麼亂，根本不可能！,憤怒,Medium,"情緒：憤怒
強度：Medium",1.4553630352020264,200
阿輝（男性，29歲，外送員，樂觀直率）,憤怒,有人點錯餐還硬要改，害我送到一半又得回去，真想爆粗口。,憤怒,High,"情緒：憤怒
強度：High",0.838655948638916,200
阿輝（男性，29歲，外送員，樂觀直率）,憤怒,天氣熱到爆炸，外面騎車像在烤箱裡，我已經快炸了！,厭惡,High,"情緒：厭惡
強度：High",1.3485381603240967,200
阿輝（男性，29歲，外送員，樂觀直率）,憤怒,這個月獎金又被扣，什麼理由我都聽爛了，氣死人！,憤怒,High,"情緒：憤怒
強度：High",1.7629039287567139,200
阿輝（男性，29歲，外送員，樂觀直率）,憤怒,看到路邊違停的車佔我路，真想下去拆輪胎。,憤怒,High,"情緒：憤怒
強度：High",3.4968960285186768,200
阿輝（男性，29歲，外送員，樂觀直率）,驚奇,居然有人送餐時還會跟我說「辛苦了」，真是太暖心了！,喜悅,Medium,"情緒：喜悅
強度：Medium",0.9964683055877686,200
阿輝（男性，29歲，外送員，樂觀直率）,驚奇,今天遇到一台超級帥的摩托車，騎起來感覺也爽。,喜悅,Medium,"情緒：喜悅
強度：Medium",0.9032528400421143,200
阿輝（男性，29歲，外送員，樂觀直率）,驚奇,剛剛那家餐廳的料理居然比想像中好吃，嚇我一跳。,驚奇,Medium,"情緒：驚奇
強度：Medium",1.840132713317871,200
阿輝（男性，29歲，外送員，樂觀直率）,驚奇,客人竟然給了我小費，這種事真是不常見欸！,驚奇,Medium,"情緒：驚奇
強度：Medium",1.0333099365234375,200
阿輝（男性，29歲，外送員，樂觀直率）,驚奇,今天路上碰到個老朋友，真沒想到我們還能這麼巧遇。,驚奇,Low,"情緒：驚奇
強度：Low",0.748837947845459,200
阿輝（男性，29歲，外送員，樂觀直率）,驚奇,看到小朋友送我一個笑容，瞬間整天心情都好起來了。,喜悅,Medium,"情緒：喜悅
強度：Medium",0.7600982189178467,200
阿輝（男性，29歲，外送員，樂觀直率）,驚奇,天氣這麼熱，居然還有人穿羽絨外套，太誇張了吧！,驚奇,Medium,"情緒：驚奇
強度：Medium",1.019932746887207,200
阿輝（男性，29歲，外送員，樂觀直率）,驚奇,店家突然多給我一份餐點，真的是太佛心了。,喜悅,Medium,"情緒：喜悅
強度：Medium",2.303043842315674,200
阿輝（男性，29歲，外送員，樂觀直率）,驚奇,今天訂單超多，居然都能準時送達，自己也佩服。,驚奇,Medium,"情緒：驚奇
強度：Medium",0.8051059246063232,200
阿輝（男性，29歲，外送員，樂觀直率）,驚奇,這城市竟然有這麼多漂亮的街景，以前從沒注意過。,驚奇,Low,"情緒：驚奇
強度：Low",1.8218920230865479,200
阿輝（男性，29歲，外送員，樂觀直率）,信任,放心啦，我一定準時把餐送到，不會讓你等太久的。,信任,Low,"情緒：信任
強度：Low",0.6490392684936523,200
阿輝（男性，29歲，外送員，樂觀直率）,信任,我相信只要認真跑，哪天我也能靠這份工作存到頭期款。,信任,Low,"情緒：信任
強度：Low",2.367337942123413,200
阿輝（男性，29歲，外送員，樂觀直率）,信任,老闆你先給我機會試跑一天，我會讓你看到我做事的態度。,期待,Medium,"情緒：期待
強度：Medium",0.7193601131439209,200
阿輝（男性，29歲，外送員，樂觀直率）,信任,跟著導航走，基本上都不會迷路啦，我信這系統。,信任,Low,"情緒：信任
強度：Low",2.2579548358917236,200
阿輝（男性，29歲，外送員，樂觀直率）,信任,你說你是第一次用這平台？沒關係，我教你，很簡單啦。,信任,Low,"情緒：信任
強度：Low",1.111422061920166,200
阿輝（男性，29歲，外送員，樂觀直率）,信任,我相信你不是故意打錯地址，我們都有出錯的時候。,信任,Low,"情緒：信任
強度：Low",0.7444031238555908,200
阿輝（男性，29歲，外送員，樂觀直率）,信任,只要客人願意等，我一定拼命趕過去送到。,信任,Medium,"情緒：信任
強度：Medium",0.8679718971252441,200
阿輝（男性，29歲，外送員，樂觀直率）,信任,我以前也遇過很多困難，但我相信努力總會有回報。,信任,Low,"情緒：信任
強度：Low",0.7049789428710938,200
阿輝（男性，29歲，外送員，樂觀直率）,信任,兄弟你別擔心，我說幫你cover今天就一定做到。,信任,Medium,"情緒：信任
強度：Medium",0.9763648509979248,200
阿輝（男性，29歲，外送員，樂觀直率）,信任,公司雖然嚴格一點，但我信他們不會亂扣錢。,信任,Low,"情緒：信任
強度：Low",1.2068088054656982,200
阿輝（男性，29歲，外送員，樂觀直率）,喜悅,今天送單特別順利，感覺一整天都超開心！,喜悅,High,"情緒：喜悅
強度：High",1.5109879970550537,200
阿輝（男性，29歲，外送員，樂觀直率）,喜悅,客人說「謝謝你」那刻，真的是一種幸福感。,喜悅,Low,"情緒：喜悅
強度：Low",0.6771800518035889,200
阿輝（男性，29歲，外送員，樂觀直率）,喜悅,下午休息時吃到一碗超好吃的冰，好爽！,喜悅,Medium,"情緒：喜悅
強度：Medium",0.9785830974578857,200
阿輝（男性，29歲，外送員，樂觀直率）,喜悅,今天碰到陽光大好，騎車心情都特別輕鬆。,喜悅,Low,"情緒：喜悅
強度：Low",1.109950065612793,200
阿輝（男性，29歲，外送員，樂觀直率）,喜悅,跟同事一起吃便當，聊聊天，笑得很開心。,喜悅,Medium,"情緒：喜悅
強度：Medium",2.810128688812256,200
阿輝（男性，29歲，外送員，樂觀直率）,喜悅,接到熟客訂單，感覺像老朋友一樣。,信任,Low,"情緒：信任
強度：Low",4.4960877895355225,200
阿輝（男性，29歲，外送員，樂觀直率）,喜悅,路上看到小狗搖尾巴，心都被融化了。,喜悅,Medium,"情緒：喜悅
強度：Medium",2.624993085861206,200
阿輝（男性，29歲，外送員，樂觀直率）,喜悅,今天訂單多，賺得也多，真是開心的一天。,喜悅,Medium,"情緒：喜悅
強度：Medium",2.138620138168335,200
阿輝（男性，29歲，外送員，樂觀直率）,喜悅,新買的安全帽戴起來超帥，心情大好。,喜悅,Medium,"情緒：喜悅
強度：Medium",1.4740021228790283,200
阿輝（男性，29歲，外送員，樂觀直率）,喜悅,下班後約朋友聚餐，期待放鬆的時光。,期待,Low,"情緒：期待
強度：Low",0.7663509845733643,200
阿輝（男性，29歲，外送員，樂觀直率）,期待,明天天氣好，我應該可以跑滿十單，期待啦！,期待,Medium,"情緒：期待
強度：Medium",0.7721421718597412,200
阿輝（男性，29歲，外送員，樂觀直率）,期待,今天新開的飲料店開始合作了，我超期待第一單！,期待,High,"情緒：期待
強度：High",1.7480449676513672,200
阿輝（男性，29歲，外送員，樂觀直率）,期待,月底的獎金快到了，希望能再衝個幾趟多領點。,期待,Medium,"情緒：期待
強度：Medium",0.7469828128814697,200
阿輝（男性，29歲，外送員，樂觀直率）,期待,我最期待的就是跑完一整天之後喝冰奶茶的那一刻。,期待,Medium,"情緒：期待
強度：Medium",1.860602855682373,200
阿輝（男性，29歲，外送員，樂觀直率）,期待,如果有機會進公司內部，我也想試試看當區長。,期待,Low,"情緒：期待
強度：Low",0.8045580387115479,200
阿輝（男性，29歲，外送員，樂觀直率）,期待,聽說新的導航系統比較聰明，我等不及想試試。,期待,Medium,"情緒：期待
強度：Medium",0.8219761848449707,200
阿輝（男性，29歲，外送員，樂觀直率）,期待,客人如果給個五星好評，我一天心情都會很好，期待中！,期待,Medium,"情緒：期待
強度：Medium",1.3922910690307617,200
阿輝（男性，29歲，外送員，樂觀直率）,期待,今天客人訂的全是炸雞薯條，我自己看了都流口水。,期待,Low,"情緒：期待
強度：Low",0.661078691482544,200
阿輝（男性，29歲，外送員，樂觀直率）,期待,我約了老朋友週末吃火鍋，好久沒見了超期待。,期待,Medium,"情緒：期待
強度：Medium",0.6905760765075684,200
阿輝（男性，29歲，外送員，樂觀直率）,期待,年底我打算休幾天回家，最期待跟爸媽一起吃年夜飯。,期待,Low,"情緒：期待
強度：Low",2.2136290073394775,200
阿輝（男性，29歲，外送員，樂觀直率）,恐懼,剛剛差點被右轉車撞到，我真的有點嚇到了。,恐懼,Medium,"情緒：恐懼
強度：Medium",0.830176830291748,200
阿輝（男性，29歲，外送員，樂觀直率）,恐懼,這麼大的雨，我怕機車煞不住會滑倒。,恐懼,Medium,"情緒：恐懼
強度：Medium",0.9019622802734375,200
阿輝（男性，29歲，外送員，樂觀直率）,恐懼,有時候晚上跑單經過那幾條巷子，真的會怕遇到壞人。,恐懼,Medium,"情緒：恐懼
強度：Medium",0.8699030876159668,200
阿輝（男性，29歲，外送員，樂觀直率）,恐懼,我最怕客人不接電話，然後還給差評。,恐懼,Medium,"情緒：恐懼
強度：Medium",0.8389739990234375,200
阿輝（男性，29歲，外送員，樂觀直率）,恐懼,手機快沒電了，我怕接不到接下來的單。,恐懼,Medium,"情緒：恐懼
強度：Medium",0.7371089458465576,200
阿輝（男性，29歲，外送員，樂觀直率）,恐懼,我怕今天沒跑滿會影響下週排班。,恐懼,Low,"情緒：恐懼
強度：Low",1.1023530960083008,200
阿輝（男性，29歲，外送員，樂觀直率）,恐懼,剛剛那個狗突然衝出來，我嚇得差點摔車。,恐懼,Medium,"情緒：恐懼
強度：Medium",1.6995761394500732,200
阿輝（男性，29歲，外送員，樂觀直率）,恐懼,如果一直這樣通膨，我怕生活真的撐不下去。,恐懼,Medium,"情緒：恐懼
強度：Medium",0.9400677680969238,200
阿輝（男性，29歲，外送員，樂觀直率）,恐懼,外送箱壞掉了，我怕食物灑出來會被客訴。,恐懼,Low,"情緒：恐懼
強度：Low",1.0828619003295898,200
阿輝（男性，29歲，外送員，樂觀直率）,恐懼,我媽最近身體不好，我一直很擔心她在家一個人。,恐懼,Medium,"情緒：恐懼
強度：Medium",0.9355857372283936,200
阿輝（男性，29歲，外送員，樂觀直率）,厭惡,真討厭，有些人訂餐不出門拿，害我白等一頓。,厭惡,Medium,"情緒：厭惡
強度：Medium",0.7251551151275635,200
阿輝（男性，29歲，外送員，樂觀直率）,厭惡,路上亂停車的人太多，騎車超級不方便。,憤怒,Medium,"情緒：憤怒
強度：Medium",1.3485279083251953,200
阿輝（男性，29歲，外送員，樂觀直率）,厭惡,有些店家態度差，讓人心情差透了。,厭惡,Medium,"情緒：厭惡
強度：Medium",1.6493968963623047,200
阿輝（男性，29歲，外送員，樂觀直率）,厭惡,外面太熱，衣服都濕了，超級不舒服。,厭惡,High,"情緒：厭惡
強度：High",1.2199928760528564,200
阿輝（男性，29歲，外送員，樂觀直率）,厭惡,有些客人很挑，怎麼點都不滿意。,厭惡,Medium,"情緒：厭惡
強度：Medium",0.9676799774169922,200
阿輝（男性，29歲，外送員，樂觀直率）,厭惡,訂單系統老是當機，害我送餐延遲。,憤怒,Medium,"情緒：憤怒
強度：Medium",0.8476638793945312,200
阿輝（男性，29歲，外送員，樂觀直率）,厭惡,看到路邊垃圾一堆，心情就煩躁。,厭惡,Medium,"情緒：厭惡
強度：Medium",1.1358850002288818,200
阿輝（男性，29歲，外送員，樂觀直率）,厭惡,早上塞車塞到爆，時間全浪費了。,憤怒,High,"情緒：憤怒
強度：High",0.8464658260345459,200
阿輝（男性，29歲，外送員，樂觀直率）,厭惡,有時候遇到凶神惡煞的狗，騎車都緊張。,恐懼,Medium,"情緒：恐懼
強度：Medium",0.7199780941009521,200
阿輝（男性，29歲，外送員，樂觀直率）,厭惡,明明講好的時間，卻一再被拖延，真令人反感。,厭惡,Medium,"情緒：厭惡
強度：Medium",0.8258299827575684,200
阿嬤玉蓮（女性，68歲，退休家庭主婦，慈愛但有點唠叨）,悲傷,這幾天老伴不舒服，我心裡真是難過啊。,悲傷,Medium,"情緒：悲傷
強度：Medium",2.4136199951171875,200
阿嬤玉蓮（女性，68歲，退休家庭主婦，慈愛但有點唠叨）,悲傷,孫子好久沒回家了，阿嬤我都快想哭了。,悲傷,Medium,"情緒：悲傷
強度：Medium",0.8434362411499023,200
阿嬤玉蓮（女性，68歲，退休家庭主婦，慈愛但有點唠叨）,悲傷,看著以前種的花凋謝了，心裡有說不出的空落感。,悲傷,Medium,"情緒：悲傷
強度：Medium",0.7167220115661621,200
阿嬤玉蓮（女性，68歲，退休家庭主婦，慈愛但有點唠叨）,悲傷,每次看到別人家熱熱鬧鬧，想到我家只有我一個人，難受。,悲傷,Medium,"情緒：悲傷
強度：Medium",0.9692192077636719,200
阿嬤玉蓮（女性，68歲，退休家庭主婦，慈愛但有點唠叨）,悲傷,今天鄰居阿姨病了，讓我想起我當年病痛的日子。,悲傷,Low,"情緒：悲傷
強度：Low",1.011531114578247,200
阿嬤玉蓮（女性，68歲，退休家庭主婦，慈愛但有點唠叨）,悲傷,阿公走了這麼久，想到他還是會忍不住想哭。,悲傷,Medium,"情緒：悲傷
強度：Medium",0.7382490634918213,200
阿嬤玉蓮（女性，68歲，退休家庭主婦，慈愛但有點唠叨）,悲傷,小孫子不理我，我的心都碎了。,悲傷,Medium,"情緒：悲傷
強度：Medium",1.0507636070251465,200
阿嬤玉蓮（女性，68歲，退休家庭主婦，慈愛但有點唠叨）,悲傷,聽說老朋友搬走了，感覺這社區少了份溫暖。,悲傷,Low,"情緒：悲傷
強度：Low",1.140320062637329,200
阿嬤玉蓮（女性，68歲，退休家庭主婦，慈愛但有點唠叨）,悲傷,以前的照片越看越想念年輕時光。,悲傷,Low,"情緒：悲傷
強度：Low",0.8345611095428467,200
阿嬤玉蓮（女性，68歲，退休家庭主婦，慈愛但有點唠叨）,悲傷,有時候覺得自己老了，做什麼都不如以前了。,悲傷,Low,"情緒：悲傷
強度：Low",0.7395541667938232,200
阿嬤玉蓮（女性，68歲，退休家庭主婦，慈愛但有點唠叨）,憤怒,那些年輕人吵得太誇張，阿嬤我怎麼睡得著？,厭惡,Medium,"情緒：厭惡
強度：Medium",0.9720711708068848,200
阿嬤玉蓮（女性，68歲，退休家庭主婦，慈愛但有點唠叨）,憤怒,怎麼這麼多年還有人亂丟垃圾，真是沒公德心！,憤怒,High,"情緒：憤怒
強度：High",1.7236840724945068,200
阿嬤玉蓮（女性，68歲，退休家庭主婦，慈愛但有點唠叨）,憤怒,鄰居的狗又一直叫，害我整晚沒休息。,憤怒,Medium,"情緒：憤怒
強度：Medium",0.9350378513336182,200
阿嬤玉蓮（女性，68歲，退休家庭主婦，慈愛但有點唠叨）,憤怒,這店家的服務態度差，買個東西還要這麼兇。,憤怒,Medium,"情緒：憤怒
強度：Medium",1.567775011062622,200
阿嬤玉蓮（女性，68歲，退休家庭主婦，慈愛但有點唠叨）,憤怒,小孩子怎麼這麼不懂事，打破我的花盆！,憤怒,Medium,"情緒：憤怒
強度：Medium",0.7379300594329834,200
阿嬤玉蓮（女性，68歲，退休家庭主婦，慈愛但有點唠叨）,憤怒,電視節目那麼爛，老是重播沒新意。,厭惡,Medium,"情緒：厭惡
強度：Medium",1.7096917629241943,200
阿嬤玉蓮（女性，68歲，退休家庭主婦，慈愛但有點唠叨）,憤怒,兒子又忘了給我打電話，氣死我了！,憤怒,High,"情緒：憤怒
強度：High",1.2605750560760498,200
阿嬤玉蓮（女性，68歲，退休家庭主婦，慈愛但有點唠叨）,憤怒,怎麼這個天氣還有人不戴口罩，太不負責任了。,憤怒,Medium,"情緒：憤怒
強度：Medium",1.1905579566955566,200
阿嬤玉蓮（女性，68歲，退休家庭主婦，慈愛但有點唠叨）,憤怒,社區裡那個阿婆總是愛管閒事，讓人心煩。,厭惡,Medium,"情緒：厭惡
強度：Medium",1.852660894393921,200
阿嬤玉蓮（女性，68歲，退休家庭主婦，慈愛但有點唠叨）,憤怒,有些人說老年人不用管，真是太過分了！,憤怒,High,"情緒：憤怒
強度：High",2.1686668395996094,200
阿嬤玉蓮（女性，68歲，退休家庭主婦，慈愛但有點唠叨）,驚奇,這年紀還能學手機，真是沒想到自己這麼厲害！,驚奇,Medium,"情緒：驚奇
強度：Medium",1.1468827724456787,200
阿嬤玉蓮（女性，68歲，退休家庭主婦，慈愛但有點唠叨）,驚奇,孫子會自己做飯了？阿嬤我真是太驚訝了。,驚奇,Medium,"情緒：驚奇
強度：Medium",2.581892967224121,200
阿嬤玉蓮（女性，68歲，退休家庭主婦，慈愛但有點唠叨）,驚奇,社區活動這麼熱鬧，我都沒想到會這麼有趣。,驚奇,Medium,"情緒：驚奇
強度：Medium",0.9415898323059082,200
阿嬤玉蓮（女性，68歲，退休家庭主婦，慈愛但有點唠叨）,驚奇,今天市場賣的水果比去年還甜，真讓人驚喜。,驚奇,Medium,"情緒：驚奇
強度：Medium",0.7807259559631348,200
阿嬤玉蓮（女性，68歲，退休家庭主婦，慈愛但有點唠叨）,驚奇,看到年輕人騎著電動車，真是時代變了啊。,驚奇,Low,"情緒：驚奇
強度：Low",2.4962832927703857,200
阿嬤玉蓮（女性，68歲，退休家庭主婦，慈愛但有點唠叨）,驚奇,那位新鄰居會唱歌，唱得還真好聽。,喜悅,Low,"情緒：喜悅
強度：Low",0.981748104095459,200
阿嬤玉蓮（女性，68歲，退休家庭主婦，慈愛但有點唠叨）,驚奇,電視劇裡的服裝變化多，跟以前完全不同。,驚奇,Low,"情緒：驚奇
強度：Low",0.8367118835449219,200
阿嬤玉蓮（女性，68歲，退休家庭主婦，慈愛但有點唠叨）,驚奇,今天路過公園，居然看到好多老人跳舞，好驚訝。,驚奇,Medium,"情緒：驚奇
強度：Medium",0.940032958984375,200
阿嬤玉蓮（女性，68歲，退休家庭主婦，慈愛但有點唠叨）,驚奇,以前用的爐子被電鍋取代，科技真快！,驚奇,Low,"情緒：驚奇
強度：Low",1.2857840061187744,200
阿嬤玉蓮（女性，68歲，退休家庭主婦，慈愛但有點唠叨）,驚奇,孫子送我一盆花，阿嬤我感動得快流淚了。,喜悅,Medium,"情緒：喜悅
強度：Medium",1.005396842956543,200
阿嬤玉蓮（女性，68歲，退休家庭主婦，慈愛但有點唠叨）,信任,阿昌從小就聰明，阿嬤相信你一定可以考上好學校啦。,信任,Low,"情緒：信任
強度：Low",1.5866198539733887,200
阿嬤玉蓮（女性，68歲，退休家庭主婦，慈愛但有點唠叨）,信任,你說這個東西好用，阿嬤信你，我來學學看怎麼用。,信任,Low,"情緒：信任
強度：Low",0.7996611595153809,200
阿嬤玉蓮（女性，68歲，退休家庭主婦，慈愛但有點唠叨）,信任,阿嬤不是催你啦，是怕你太累，但我相信你會照顧好自己。,信任,Low,"情緒：信任
強度：Low",0.900393009185791,200
阿嬤玉蓮（女性，68歲，退休家庭主婦，慈愛但有點唠叨）,信任,你爸嘴巴壞一點，但他心是好的，阿嬤知道啦。,信任,Low,"情緒：信任
強度：Low",1.1266522407531738,200
阿嬤玉蓮（女性，68歲，退休家庭主婦，慈愛但有點唠叨）,信任,這家菜市場我走了幾十年，賣菜阿姨我都信得過啦。,信任,Low,"情緒：信任
強度：Low",0.7237529754638672,200
阿嬤玉蓮（女性，68歲，退休家庭主婦，慈愛但有點唠叨）,信任,你說你想自己搬出去住，阿嬤信你有能力獨立。,信任,Low,"情緒：信任
強度：Low",0.8505909442901611,200
阿嬤玉蓮（女性，68歲，退休家庭主婦，慈愛但有點唠叨）,信任,這藥是醫生開的，我相信你們年輕人說要按時吃是對的。,信任,Low,"情緒：信任
強度：Low",0.8400712013244629,200
阿嬤玉蓮（女性，68歲，退休家庭主婦，慈愛但有點唠叨）,信任,阿嬤看人很準，那個女孩我看得出來是好孩子。,信任,Low,"情緒：信任
強度：Low",1.2210402488708496,200
阿嬤玉蓮（女性，68歲，退休家庭主婦，慈愛但有點唠叨）,信任,你說你工作忙，我懂的啦，我信你不是故意不打電話。,信任,Low,"情緒：信任
強度：Low",2.001309871673584,200
阿嬤玉蓮（女性，68歲，退休家庭主婦，慈愛但有點唠叨）,信任,阿嬤信佛，信善有善報，所以做人要正直。,信任,Low,"情緒：信任
強度：Low",0.7968552112579346,200
阿嬤玉蓮（女性，68歲，退休家庭主婦，慈愛但有點唠叨）,喜悅,孫子來看我了，阿嬤心裡暖暖的，好開心！,喜悅,Medium,"情緒：喜悅
強度：Medium",1.1559162139892578,200
阿嬤玉蓮（女性，68歲，退休家庭主婦，慈愛但有點唠叨）,喜悅,今天市場買到新鮮的菜，煮了大家最愛的菜色。,喜悅,Low,"情緒：喜悅
強度：Low",2.0489821434020996,200
阿嬤玉蓮（女性，68歲，退休家庭主婦，慈愛但有點唠叨）,喜悅,鄰居阿姨送了我一盒糕點，真是太幸福了。,喜悅,Medium,"情緒：喜悅
強度：Medium",1.1635158061981201,200
阿嬤玉蓮（女性，68歲，退休家庭主婦，慈愛但有點唠叨）,喜悅,太陽好大，曬著太陽感覺特別舒服。,喜悅,Low,"情緒：喜悅
強度：Low",1.1544809341430664,200
阿嬤玉蓮（女性，68歲，退休家庭主婦，慈愛但有點唠叨）,喜悅,聽到孫子考試考得不錯，阿嬤真替他驕傲。,喜悅,Medium,"情緒：喜悅
強度：Medium",1.0610299110412598,200
阿嬤玉蓮（女性，68歲，退休家庭主婦，慈愛但有點唠叨）,喜悅,和老朋友聊天，回憶起好多快樂的時光。,喜悅,Low,"情緒：喜悅
強度：Low",0.9107229709625244,200
阿嬤玉蓮（女性，68歲，退休家庭主婦，慈愛但有點唠叨）,喜悅,今天公園散步，看到很多小朋友玩耍，心情很好。,喜悅,Low,"情緒：喜悅
強度：Low",0.7481129169464111,200
阿嬤玉蓮（女性，68歲，退休家庭主婦，慈愛但有點唠叨）,喜悅,照顧花花草草，看著它們長大，真是開心。,喜悅,Low,"情緒：喜悅
強度：Low",1.2072508335113525,200
阿嬤玉蓮（女性，68歲，退休家庭主婦，慈愛但有點唠叨）,喜悅,兒子送來了他做的手工藝品，阿嬤覺得好棒！,喜悅,Medium,"情緒：喜悅
強度：Medium",1.2762110233306885,200
阿嬤玉蓮（女性，68歲，退休家庭主婦，慈愛但有點唠叨）,喜悅,一家人圍在一起吃飯，好幸福的一天。,喜悅,Low,"情緒：喜悅
強度：Low",1.3626117706298828,200
阿嬤玉蓮（女性，68歲，退休家庭主婦，慈愛但有點唠叨）,期待,下禮拜你說要帶女朋友回來吃飯，阿嬤煮你最愛的紅燒肉，期待啦！,期待,Medium,"情緒：期待
強度：Medium",1.02760910987854,200
阿嬤玉蓮（女性，68歲，退休家庭主婦，慈愛但有點唠叨）,期待,這週孫子要表演才藝，我早就準備好要去看了，超開心。,喜悅,High,"情緒：喜悅
強度：High",1.008268117904663,200
阿嬤玉蓮（女性，68歲，退休家庭主婦，慈愛但有點唠叨）,期待,過年快到了，我已經開始想要包幾個紅包給你們。,期待,Low,"情緒：期待
強度：Low",1.9997906684875488,200
阿嬤玉蓮（女性，68歲，退休家庭主婦，慈愛但有點唠叨）,期待,你說你年底要帶我去日本玩，我天天都在倒數啦。,期待,Medium,"情緒：期待
強度：Medium",1.0449049472808838,200
阿嬤玉蓮（女性，68歲，退休家庭主婦，慈愛但有點唠叨）,期待,明天你要回來吃飯，我特地去市場買新鮮白蝦等你。,期待,Low,"情緒：期待
強度：Low",1.1461801528930664,200
阿嬤玉蓮（女性，68歲，退休家庭主婦，慈愛但有點唠叨）,期待,阿嬤最近學會用LINE，期待你傳照片給我看。,期待,Low,"情緒：期待
強度：Low",0.8680520057678223,200
阿嬤玉蓮（女性，68歲，退休家庭主婦，慈愛但有點唠叨）,期待,你表妹也快要生了，我在等她叫我去幫忙坐月子啦。,期待,Low,"情緒：期待
強度：Low",1.830772876739502,200
阿嬤玉蓮（女性，68歲，退休家庭主婦，慈愛但有點唠叨）,期待,這禮拜你阿公生日，我已經訂好蛋糕要一起慶祝了。,期待,Low,"情緒：期待
強度：Low",1.6810603141784668,200
阿嬤玉蓮（女性，68歲，退休家庭主婦，慈愛但有點唠叨）,期待,你堂哥搬新家，說要請吃飯，我也很期待看到大家團聚。,期待,Low,"情緒：期待
強度：Low",1.058337926864624,200
阿嬤玉蓮（女性，68歲，退休家庭主婦，慈愛但有點唠叨）,期待,春天要到了，我等著在陽台種我的蘭花呢。,期待,Low,"情緒：期待
強度：Low",1.391169786453247,200
阿嬤玉蓮（女性，68歲，退休家庭主婦，慈愛但有點唠叨）,恐懼,最近你每天都忙到這麼晚，我怕你累壞了啦。,恐懼,Low,"情緒：恐懼
強度：Low",2.687587261199951,200
阿嬤玉蓮（女性，68歲，退休家庭主婦，慈愛但有點唠叨）,恐懼,我一個人在家聽到外面吵吵鬧鬧，心裡有點怕怕的。,恐懼,Low,"情緒：恐懼
強度：Low",1.1968140602111816,200
阿嬤玉蓮（女性，68歲，退休家庭主婦，慈愛但有點唠叨）,恐懼,天氣變冷了，你都不加外套，阿嬤最怕你著涼。,恐懼,Low,"情緒：恐懼
強度：Low",1.4208579063415527,200
阿嬤玉蓮（女性，68歲，退休家庭主婦，慈愛但有點唠叨）,恐懼,我昨晚咳了一整晚，有點怕是不是又氣管發作了。,恐懼,Medium,"情緒：恐懼
強度：Medium",0.9361207485198975,200
阿嬤玉蓮（女性，68歲，退休家庭主婦，慈愛但有點唠叨）,恐懼,你表弟這麼晚還沒回家，我心裡真的很不安。,恐懼,Medium,"情緒：恐懼
強度：Medium",1.5318682193756104,200
阿嬤玉蓮（女性，68歲，退休家庭主婦，慈愛但有點唠叨）,恐懼,最近詐騙新聞很多，我怕你阿公又被騙去買什麼藥。,恐懼,Medium,"情緒：恐懼
強度：Medium",0.7752110958099365,200
阿嬤玉蓮（女性，68歲，退休家庭主婦，慈愛但有點唠叨）,恐懼,我手機一直按錯，怕你們傳的訊息我都沒看到。,恐懼,Low,"情緒：恐懼
強度：Low",2.9747021198272705,200
阿嬤玉蓮（女性，68歲，退休家庭主婦，慈愛但有點唠叨）,恐懼,你說要出國工作，阿嬤不是不支持，是怕你在外沒人照顧。,恐懼,Low,"情緒：恐懼
強度：Low",3.499484062194824,200
阿嬤玉蓮（女性，68歲，退休家庭主婦，慈愛但有點唠叨）,恐懼,最近鄰居摔倒住院，我也會怕自己哪天走路跌倒沒人知道。,恐懼,Low,"情緒：恐懼
強度：Low",1.9652233123779297,200
阿嬤玉蓮（女性，68歲，退休家庭主婦，慈愛但有點唠叨）,恐懼,你常常滑手機走路，阿嬤看了都怕你撞到人或出車禍。,恐懼,Low,"情緒：恐懼
強度：Low",1.5076961517333984,200
阿嬤玉蓮（女性，68歲，退休家庭主婦，慈愛但有點唠叨）,厭惡,那些年輕人整天吵吵鬧鬧，真是煩死人了！,厭惡,High,"情緒：厭惡
強度：High",0.8398828506469727,200
阿嬤玉蓮（女性，68歲，退休家庭主婦，慈愛但有點唠叨）,厭惡,鄰居家的垃圾沒分類，亂丟得亂七八糟。,厭惡,Medium,"情緒：厭惡
強度：Medium",0.9852290153503418,200
阿嬤玉蓮（女性，68歲，退休家庭主婦，慈愛但有點唠叨）,厭惡,電視新聞老是報那些壞消息，看了心情不好。,厭惡,Medium,"情緒：厭惡
強度：Medium",0.839756965637207,200
阿嬤玉蓮（女性，68歲，退休家庭主婦，慈愛但有點唠叨）,厭惡,有些人說話不禮貌，讓人聽了心裡不舒服。,厭惡,Medium,"情緒：厭惡
強度：Medium",0.7347409725189209,200
阿嬤玉蓮（女性，68歲，退休家庭主婦，慈愛但有點唠叨）,厭惡,這個天氣又悶又熱，讓人全身黏膩。,厭惡,Medium,"情緒：厭惡
強度：Medium",0.702415943145752,200
阿嬤玉蓮（女性，68歲，退休家庭主婦，慈愛但有點唠叨）,厭惡,有些店家態度冷冰冰的，客人怎麼會喜歡？,厭惡,Medium,"情緒：厭惡
強度：Medium",0.9790210723876953,200
阿嬤玉蓮（女性，68歲，退休家庭主婦，慈愛但有點唠叨）,厭惡,看到路邊亂停車，真的是很沒公德心。,厭惡,Medium,"情緒：厭惡
強度：Medium",1.0692830085754395,200
阿嬤玉蓮（女性，68歲，退休家庭主婦，慈愛但有點唠叨）,厭惡,有些年輕人不尊重長輩，氣死人了！,憤怒,High,"情緒：憤怒
強度：High",3.0784950256347656,200
阿嬤玉蓮（女性，68歲，退休家庭主婦，慈愛但有點唠叨）,厭惡,騎樓那邊亂堆垃圾，臭氣熏天。,厭惡,Medium,"情緒：厭惡
強度：Medium",0.7166471481323242,200
阿嬤玉蓮（女性，68歲，退休家庭主婦，慈愛但有點唠叨）,厭惡,小孩子亂丟垃圾，阿嬤看了真生氣。,憤怒,Medium,"情緒：憤怒
強度：Medium",0.9421811103820801,200
小婷（女性，24歲，軟體工程師，理性且有點內向）,悲傷,今天的bug修了半天還是沒解決，心裡真的有點沮喪。,悲傷,Medium,"情緒：悲傷
強度：Medium",0.6386330127716064,200
小婷（女性，24歲，軟體工程師，理性且有點內向）,悲傷,覺得自己好像不夠好，團隊裡總有人比我厲害。,悲傷,Low,"情緒：悲傷
強度：Low",0.8188741207122803,200
小婷（女性，24歲，軟體工程師，理性且有點內向）,悲傷,看到朋友們聚會，我只能在家裡一個人默默滑手機。,悲傷,Low,"情緒：悲傷
強度：Low",0.9390299320220947,200
小婷（女性，24歲，軟體工程師，理性且有點內向）,悲傷,想跟同事聊聊天，但又怕打擾他們，心裡有點寂寞。,悲傷,Low,"情緒：悲傷
強度：Low",0.6813256740570068,200
小婷（女性，24歲，軟體工程師，理性且有點內向）,悲傷,工作壓力這麼大，有時候真的想放棄。,悲傷,Medium,"情緒：悲傷
強度：Medium",0.6041138172149658,200
小婷（女性，24歲，軟體工程師，理性且有點內向）,悲傷,加班到深夜，回家只剩孤獨感陪著我。,悲傷,Medium,"情緒：悲傷
強度：Medium",0.9615280628204346,200
小婷（女性，24歲，軟體工程師，理性且有點內向）,悲傷,昨天面試失敗，覺得自己沒價值。,悲傷,Medium,"情緒：悲傷
強度：Medium",0.734112024307251,200
小婷（女性，24歲，軟體工程師，理性且有點內向）,悲傷,明明努力了，還是感覺不被肯定。,悲傷,Medium,"情緒：悲傷
強度：Medium",0.835892915725708,200
小婷（女性，24歲，軟體工程師，理性且有點內向）,悲傷,今天忘了帶筆記本電腦，心情很差。,悲傷,Medium,"情緒：悲傷
強度：Medium",0.9460070133209229,200
小婷（女性，24歲，軟體工程師，理性且有點內向）,悲傷,想念家鄉的味道，有時候好孤單。,悲傷,Low,"情緒：悲傷
強度：Low",1.1412749290466309,200
小婷（女性，24歲，軟體工程師，理性且有點內向）,憤怒,為什麼這個程式老是出錯，真的氣死我了！,憤怒,High,"情緒：憤怒
強度：High",0.8475122451782227,200
小婷（女性，24歲，軟體工程師，理性且有點內向）,憤怒,同事不幫忙還怪我，真是氣炸。,憤怒,High,"情緒：憤怒
強度：High",1.3350348472595215,200
小婷（女性，24歲，軟體工程師，理性且有點內向）,憤怒,這個系統設計得太爛了，讓人崩潰！,憤怒,High,"情緒：憤怒
強度：High",0.9191029071807861,200
小婷（女性，24歲，軟體工程師，理性且有點內向）,憤怒,老闆又在逼加班，完全不顧我們的感受。,憤怒,Medium,"情緒：憤怒
強度：Medium",1.4735229015350342,200
小婷（女性，24歲，軟體工程師，理性且有點內向）,憤怒,客戶要求變來變去，搞得我頭痛不已。,厭惡,Medium,"情緒：厭惡
強度：Medium",2.9882700443267822,200
小婷（女性，24歲，軟體工程師，理性且有點內向）,憤怒,明明說好今天交付，結果又拖延了。,憤怒,Medium,"情緒：憤怒
強度：Medium",1.6209077835083008,200
小婷（女性，24歲，軟體工程師，理性且有點內向）,憤怒,網路又斷了，這種基本問題怎麼還會發生？,憤怒,Medium,"情緒：憤怒
強度：Medium",1.0809509754180908,200
小婷（女性，24歲，軟體工程師，理性且有點內向）,憤怒,看見別人輕鬆完成，我卻還在加班，心裡不平衡。,嫉妒（期待）,Medium,"情緒：嫉妒（期待）
強度：Medium",2.0800247192382812,200
小婷（女性，24歲，軟體工程師，理性且有點內向）,憤怒,報告格式又被退回修改，真想直接摔電腦。,憤怒,High,"情緒：憤怒
強度：High",0.9551098346710205,200
小婷（女性，24歲，軟體工程師，理性且有點內向）,憤怒,這些無理的要求讓我快爆炸了！,憤怒,High,"情緒：憤怒
強度：High",0.8108410835266113,200
小婷（女性，24歲，軟體工程師，理性且有點內向）,驚奇,竟然有同事主動幫我寫程式，真讓我驚喜。,驚奇,Medium,"情緒：驚奇
強度：Medium",1.0446510314941406,200
小婷（女性，24歲，軟體工程師，理性且有點內向）,驚奇,發現新工具超好用，省了好多時間。,喜悅,Medium,"情緒：喜悅
強度：Medium",1.0385029315948486,200
小婷（女性，24歲，軟體工程師，理性且有點內向）,驚奇,今天測試居然一次通過，太神奇了！,驚奇,High,"情緒：驚奇
強度：High",0.8466842174530029,200
小婷（女性，24歲，軟體工程師，理性且有點內向）,驚奇,意外收到主管的肯定，心裡暖暖的。,喜悅,Low,"情緒：喜悅
強度：Low",1.0404438972473145,200
小婷（女性，24歲，軟體工程師，理性且有點內向）,驚奇,發現原來這個問題可以用另一種方法解決，太厲害了！,驚奇,Medium,"情緒：驚奇
強度：Medium",0.8727560043334961,200
小婷（女性，24歲，軟體工程師，理性且有點內向）,驚奇,看到別人的作品這麼有創意，真的很震撼。,驚奇,Medium,"情緒：驚奇
強度：Medium",1.6131908893585205,200
小婷（女性，24歲，軟體工程師，理性且有點內向）,驚奇,同事竟然記得我的生日，讓我很感動。,喜悅,Medium,"情緒：喜悅
強度：Medium",0.8111729621887207,200
小婷（女性，24歲，軟體工程師，理性且有點內向）,驚奇,今天的線上會議效率出乎意料的高。,驚奇,Low,"情緒：驚奇
強度：Low",0.8742506504058838,200
小婷（女性，24歲，軟體工程師，理性且有點內向）,驚奇,發現公司福利有免費健身房，太讚了！,喜悅,High,"情緒：喜悅
強度：High",1.9782650470733643,200
小婷（女性，24歲，軟體工程師，理性且有點內向）,驚奇,新推出的軟體功能超方便，真沒想到。,驚奇,Medium,"情緒：驚奇
強度：Medium",1.8161661624908447,200
小婷（女性，24歲，軟體工程師，理性且有點內向）,信任,我相信只要把問題拆解清楚，總是可以找到解法的。,信任,Low,"情緒：信任
強度：Low",1.0281329154968262,200
小婷（女性，24歲，軟體工程師，理性且有點內向）,信任,她平常做事很細心，這個模組交給她我很放心。,信任,Low,"情緒：信任
強度：Low",0.7942547798156738,200
小婷（女性，24歲，軟體工程師，理性且有點內向）,信任,主管雖然要求很多，但我覺得他的判斷是對的。,信任,Low,"情緒：信任
強度：Low",0.8857710361480713,200
小婷（女性，24歲，軟體工程師，理性且有點內向）,信任,我信任我們團隊的默契，這次應該能準時交付。,信任,Low,"情緒：信任
強度：Low",0.7656199932098389,200
小婷（女性，24歲，軟體工程師，理性且有點內向）,信任,這個演算法我有測過好幾次，我相信它能跑穩。,信任,Low,"情緒：信任
強度：Low",1.0601201057434082,200
小婷（女性，24歲，軟體工程師，理性且有點內向）,信任,我知道你不是故意晚交PR的，應該是有其他原因吧。,信任,Low,"情緒：信任
強度：Low",1.4376859664916992,200
小婷（女性，24歲，軟體工程師，理性且有點內向）,信任,他說會修復那個bug，我相信他能處理好。,信任,Low,"情緒：信任
強度：Low",2.8744590282440186,200
小婷（女性，24歲，軟體工程師，理性且有點內向）,信任,我用的是你推薦的套件，因為我信你的判斷。,信任,Low,"情緒：信任
強度：Low",0.7615327835083008,200
小婷（女性，24歲，軟體工程師，理性且有點內向）,信任,我們彼此都有默契，不太需要太多語言就能協作。,信任,Low,"情緒：信任
強度：Low",0.9061729907989502,200
小婷（女性，24歲，軟體工程師，理性且有點內向）,信任,她之前也遇過類似的狀況，所以我信她這次也處理得來。,信任,Low,"情緒：信任
強度：Low",2.00213885307312,200
小婷（女性，24歲，軟體工程師，理性且有點內向）,喜悅,今天修好了一個超難的bug，心情超好！,喜悅,High,"情緒：喜悅
強度：High",1.0435757637023926,200
小婷（女性，24歲，軟體工程師，理性且有點內向）,喜悅,同事邀請我一起吃午餐，感覺很溫暖。,喜悅,Low,"情緒：喜悅
強度：Low",0.8481960296630859,200
小婷（女性，24歲，軟體工程師，理性且有點內向）,喜悅,收到主管的讚賞，整天都很開心。,喜悅,Medium,"情緒：喜悅
強度：Medium",0.8277690410614014,200
小婷（女性，24歲，軟體工程師，理性且有點內向）,喜悅,項目順利完成，大家一起慶祝。,喜悅,Low,"情緒：喜悅
強度：Low",2.168673038482666,200
小婷（女性，24歲，軟體工程師，理性且有點內向）,喜悅,發現自己成長了很多，超有成就感。,喜悅,Medium,"情緒：喜悅
強度：Medium",0.7355787754058838,200
小婷（女性，24歲，軟體工程師，理性且有點內向）,喜悅,雖然忙，但感覺每天都充實。,喜悅,Low,"情緒：喜悅
強度：Low",0.7464702129364014,200
小婷（女性，24歲，軟體工程師，理性且有點內向）,喜悅,發現新音樂很棒，一整天都有好心情。,喜悅,Low,"情緒：喜悅
強度：Low",1.4472949504852295,200
小婷（女性，24歲，軟體工程師，理性且有點內向）,喜悅,聽到朋友的好消息，替他們開心。,喜悅,Low,"情緒：喜悅
強度：Low",2.680233955383301,200
小婷（女性，24歲，軟體工程師，理性且有點內向）,喜悅,今天天氣好，心情自然就好。,喜悅,Low,"情緒：喜悅
強度：Low",0.8714940547943115,200
小婷（女性，24歲，軟體工程師，理性且有點內向）,喜悅,同事送的小禮物，讓我覺得被關心。,信任,Low,"情緒：信任
強度：Low",1.646559238433838,200
小婷（女性，24歲，軟體工程師，理性且有點內向）,期待,這次如果部署順利，我就可以專心開發下個版本了。,期待,Low,"情緒：期待
強度：Low",0.8193838596343994,200
小婷（女性，24歲，軟體工程師，理性且有點內向）,期待,新技術分享會快到了，有點期待會學到什麼。,期待,Low,"情緒：期待
強度：Low",0.8585309982299805,200
小婷（女性，24歲，軟體工程師，理性且有點內向）,期待,月底會去見大學同學，雖然緊張但也有點期待。,期待,Low,"情緒：期待
強度：Low",1.929027795791626,200
小婷（女性，24歲，軟體工程師，理性且有點內向）,期待,這週專案驗收完，我應該可以好好睡一覺了吧。,期待,Low,"情緒：期待
強度：Low",1.2643282413482666,200
小婷（女性，24歲，軟體工程師，理性且有點內向）,期待,希望下次code review不要又被挑同樣的問題。,期待,Low,"情緒：期待
強度：Low",1.9323458671569824,200
小婷（女性，24歲，軟體工程師，理性且有點內向）,期待,我對新功能的A/B測試結果還蠻好奇的。,期待,Low,"情緒：期待
強度：Low",0.7278387546539307,200
小婷（女性，24歲，軟體工程師，理性且有點內向）,期待,週五跟同事約了晚餐，雖然不熟，但還是有點期待。,期待,Low,"情緒：期待
強度：Low",0.7153651714324951,200
小婷（女性，24歲，軟體工程師，理性且有點內向）,期待,這次重構如果成功，效能應該會明顯提升。,期待,Low,"情緒：期待
強度：Low",0.7660417556762695,200
小婷（女性，24歲，軟體工程師，理性且有點內向）,期待,長假快到了，我已經開始規劃旅程了。,期待,Low,"情緒：期待
強度：Low",0.9154460430145264,200
小婷（女性，24歲，軟體工程師，理性且有點內向）,期待,第一次投稿技術文章，有點緊張但也想知道會不會被刊出。,期待,Low,"情緒：期待
強度：Low",0.7357730865478516,200
小婷（女性，24歲，軟體工程師，理性且有點內向）,恐懼,剛剛deploy時卡住了，我有點怕是不是哪邊沒考慮到。,恐懼,Low,"情緒：恐懼
強度：Low",1.8560190200805664,200
小婷（女性，24歲，軟體工程師，理性且有點內向）,恐懼,如果這次測試還是過不了，可能要整個rollback了。,恐懼,Medium,"情緒：恐懼
強度：Medium",2.0895159244537354,200
小婷（女性，24歲，軟體工程師，理性且有點內向）,恐懼,我不太擅長當眾發表，有點怕會講不清楚。,恐懼,Low,"情緒：恐懼
強度：Low",1.1273777484893799,200
小婷（女性，24歲，軟體工程師，理性且有點內向）,恐懼,這功能牽涉的邏輯太多，我怕改動後會有副作用。,恐懼,Low,"情緒：恐懼
強度：Low",0.7221789360046387,200
小婷（女性，24歲，軟體工程師，理性且有點內向）,恐懼,我們系統太仰賴某個第三方API，我有點不安。,恐懼,Low,"情緒：恐懼
強度：Low",1.1457889080047607,200
小婷（女性，24歲，軟體工程師，理性且有點內向）,恐懼,如果這週進度再拖延，可能整個時程都會被壓縮。,恐懼,Medium,"情緒：恐懼
強度：Medium",0.8484668731689453,200
小婷（女性，24歲，軟體工程師，理性且有點內向）,恐懼,我最怕的是遇到那種不重視文件的合作對象。,恐懼,Low,"情緒：恐懼
強度：Low",2.848081111907959,200
小婷（女性，24歲，軟體工程師，理性且有點內向）,恐懼,有些技術債拖太久了，坦白說我有點焦慮。,恐懼,Medium,"情緒：恐懼
強度：Medium",2.5283970832824707,200
小婷（女性，24歲，軟體工程師，理性且有點內向）,恐懼,現在這種工作強度，我怕我撐不了多久。,恐懼,Medium,"情緒：恐懼
強度：Medium",1.0483760833740234,200
小婷（女性，24歲，軟體工程師，理性且有點內向）,恐懼,如果跳槽失敗，我不確定還有沒有備案。,恐懼,Low,"情緒：恐懼
強度：Low",2.2181169986724854,200
小婷（女性，24歲，軟體工程師，理性且有點內向）,厭惡,這種低效的工作流程，真讓人生氣。,憤怒,Medium,"情緒：憤怒
強度：Medium",1.8468618392944336,200
小婷（女性，24歲，軟體工程師，理性且有點內向）,厭惡,同事愛拖延，害大家都要等他。,憤怒,Medium,"情緒：憤怒
強度：Medium",1.6686232089996338,200
小婷（女性，24歲，軟體工程師，理性且有點內向）,厭惡,那種不負責任的態度，讓人反感。,厭惡,Medium,"情緒：厭惡
強度：Medium",0.7281379699707031,200
小婷（女性，24歲，軟體工程師，理性且有點內向）,厭惡,一直重複做同樣的錯誤，煩死人了。,憤怒,High,"情緒：憤怒
強度：High",0.9512388706207275,200
小婷（女性，24歲，軟體工程師，理性且有點內向）,厭惡,亂七八糟的程式碼，看得我頭大。,厭惡,Medium,"情緒：厭惡
強度：Medium",0.9386413097381592,200
小婷（女性，24歲，軟體工程師，理性且有點內向）,厭惡,無聊的會議根本浪費時間。,厭惡,Medium,"情緒：厭惡
強度：Medium",1.1477859020233154,200
小婷（女性，24歲，軟體工程師，理性且有點內向）,厭惡,那種假裝忙碌的人最討厭。,厭惡,Medium,"情緒：厭惡
強度：Medium",1.349315881729126,200
小婷（女性，24歲，軟體工程師，理性且有點內向）,厭惡,被迫加班到很晚，心情超差。,憤怒,High,"情緒：憤怒
強度：High",3.6066720485687256,200
小婷（女性，24歲，軟體工程師，理性且有點內向）,厭惡,設備老舊又卡頓，工作效率很低。,厭惡,Medium,"情緒：厭惡
強度：Medium",0.9390630722045898,200
小婷（女性，24歲，軟體工程師，理性且有點內向）,厭惡,看到別人抄襲我的成果，真是氣炸。,憤怒,High,"情緒：憤怒
強度：High",0.918079137802124,200
阿志（男性，45歲，餐廳主廚，熱情外向，講話直接）,悲傷,今天生意不好，心裡真不是滋味。,悲傷,Medium,"情緒：悲傷
強度：Medium",0.8602101802825928,200
阿志（男性，45歲，餐廳主廚，熱情外向，講話直接）,悲傷,客人都少得讓我擔心。,恐懼,Low,"情緒：恐懼
強度：Low",0.9877948760986328,200
阿志（男性，45歲，餐廳主廚，熱情外向，講話直接）,悲傷,廚房的設備又壞了，工作更辛苦了。,悲傷,Medium,"情緒：悲傷
強度：Medium",0.8048648834228516,200
阿志（男性，45歲，餐廳主廚，熱情外向，講話直接）,悲傷,看到老闆不理會我的建議，覺得好無力。,悲傷,Medium,"情緒：悲傷
強度：Medium",0.6852099895477295,200
阿志（男性，45歲，餐廳主廚，熱情外向，講話直接）,悲傷,今天有道菜失敗了，自己很沮喪。,悲傷,Medium,"情緒：悲傷
強度：Medium",0.7724900245666504,200
阿志（男性，45歲，餐廳主廚，熱情外向，講話直接）,悲傷,聽說老同事換工作了，心裡空落落的。,悲傷,Low,"情緒：悲傷
強度：Low",1.3360800743103027,200
阿志（男性，45歲，餐廳主廚，熱情外向，講話直接）,悲傷,家裡小孩生病了，心情不好。,悲傷,Low,"情緒：悲傷
強度：Low",1.069953203201294,200
阿志（男性，45歲，餐廳主廚，熱情外向，講話直接）,悲傷,工作忙碌又沒時間陪家人，真難過。,悲傷,Medium,"情緒：悲傷
強度：Medium",0.9750730991363525,200
阿志（男性，45歲，餐廳主廚，熱情外向，講話直接）,悲傷,想念以前和團隊合作的快樂時光。,悲傷,Low,"情緒：悲傷
強度：Low",1.1888971328735352,200
阿志（男性，45歲，餐廳主廚，熱情外向，講話直接）,悲傷,今天煮的湯味道怪怪的，讓我不舒服。,厭惡,Low,"情緒：厭惡
強度：Low",2.390294075012207,200
阿志（男性，45歲，餐廳主廚，熱情外向，講話直接）,憤怒,廚房裡亂成一團，真的氣炸我。,憤怒,High,"情緒：憤怒
強度：High",1.6681170463562012,200
阿志（男性，45歲，餐廳主廚，熱情外向，講話直接）,憤怒,客人點餐慢吞吞，害整個流程卡住。,憤怒,Medium,"情緒：憤怒
強度：Medium",1.6119859218597412,200
阿志（男性，45歲，餐廳主廚，熱情外向，講話直接）,憤怒,那個助手老是犯錯，怎麼教都不聽。,憤怒,Medium,"情緒：憤怒
強度：Medium",0.8819582462310791,200
阿志（男性，45歲，餐廳主廚，熱情外向，講話直接）,憤怒,老闆又改菜單，搞得我們手忙腳亂。,厭惡,Medium,"情緒：厭惡
強度：Medium",1.0386381149291992,200
阿志（男性，45歲，餐廳主廚，熱情外向，講話直接）,憤怒,有人用錯食材，這樣怎麼上菜？,憤怒,Medium,"情緒：憤怒
強度：Medium",0.7263031005859375,200
阿志（男性，45歲，餐廳主廚，熱情外向，講話直接）,憤怒,工作壓力大到讓我想爆炸。,憤怒,High,"情緒：憤怒
強度：High",0.9501597881317139,200
阿志（男性，45歲，餐廳主廚，熱情外向，講話直接）,憤怒,廚房油煙太重，整天嗆得我要發瘋。,厭惡,High,"情緒：厭惡
強度：High",0.8415272235870361,200
阿志（男性，45歲，餐廳主廚，熱情外向，講話直接）,憤怒,同事不配合，怎麼能做好菜？,憤怒,Medium,"情緒：憤怒
強度：Medium",0.8357701301574707,200
阿志（男性，45歲，餐廳主廚，熱情外向，講話直接）,憤怒,餐廳的清潔根本不到位，太惡心了。,厭惡,High,"情緒：厭惡
強度：High",0.7535278797149658,200
阿志（男性，45歲，餐廳主廚，熱情外向，講話直接）,憤怒,這種態度讓我真的忍不住想吼。,憤怒,High,"情緒：憤怒
強度：High",0.9208528995513916,200
阿志（男性，45歲，餐廳主廚，熱情外向，講話直接）,驚奇,沒想到這道新菜這麼受歡迎，太驚訝了。,驚奇,Medium,"情緒：驚奇
強度：Medium",1.0476739406585693,200
阿志（男性，45歲，餐廳主廚，熱情外向，講話直接）,驚奇,今天的食材比平常新鮮很多，真幸運。,喜悅,Medium,"情緒：喜悅
強度：Medium",0.790457010269165,200
阿志（男性，45歲，餐廳主廚，熱情外向，講話直接）,驚奇,新來的學徒廚藝進步超快，讓我震驚。,驚奇,Medium,"情緒：驚奇
強度：Medium",0.8457732200622559,200
阿志（男性，45歲，餐廳主廚，熱情外向，講話直接）,驚奇,客人竟然點了我們從沒試過的菜，真有趣。,驚奇,Low,"情緒：驚奇
強度：Low",0.6761898994445801,200
阿志（男性，45歲，餐廳主廚，熱情外向，講話直接）,驚奇,收到客人讚美，心情大好。,喜悅,Low,"情緒：喜悅
強度：Low",0.8084650039672852,200
阿志（男性，45歲，餐廳主廚，熱情外向，講話直接）,驚奇,廚房裝了新設備，效率提高不少。,喜悅,Low,"情緒：喜悅
強度：Low",0.9691987037658691,200
阿志（男性，45歲，餐廳主廚，熱情外向，講話直接）,驚奇,那道甜點意外做成功了，讓我驚喜。,驚奇,Medium,"情緒：驚奇
強度：Medium",0.8907477855682373,200
阿志（男性，45歲，餐廳主廚，熱情外向，講話直接）,驚奇,店裡突然來了一群老顧客，好熱鬧。,喜悅,Medium,"情緒：喜悅
強度：Medium",3.0321547985076904,200
阿志（男性，45歲，餐廳主廚，熱情外向，講話直接）,驚奇,工作中遇到新靈感，感覺超棒。,喜悅,Medium,"情緒：喜悅
強度：Medium",2.0868043899536133,200
阿志（男性，45歲，餐廳主廚，熱情外向，講話直接）,驚奇,今天的調味完美，讓我很驚喜。,驚奇,Medium,"情緒：驚奇
強度：Medium",1.036496877670288,200
阿志（男性，45歲，餐廳主廚，熱情外向，講話直接）,信任,你照我說的做，這道菜一定會成功！,信任,Medium,"情緒：信任
強度：Medium",1.7635900974273682,200
阿志（男性，45歲，餐廳主廚，熱情外向，講話直接）,信任,阿明的刀工我最信，他切的魚片我敢直接上桌。,信任,Low,"情緒：信任
強度：Low",1.9542710781097412,200
阿志（男性，45歲，餐廳主廚，熱情外向，講話直接）,信任,客人雖然挑，但我有信心這道菜能讓他滿意。,信任,Low,"情緒：信任
強度：Low",2.1380460262298584,200
阿志（男性，45歲，餐廳主廚，熱情外向，講話直接）,信任,我信你有那個天份，廚房的事學一下就上手。,信任,Low,"情緒：信任
強度：Low",0.6438219547271729,200
阿志（男性，45歲，餐廳主廚，熱情外向，講話直接）,信任,材料我都交代給老蔡採購，他不會讓我們用到不新鮮的。,信任,Low,"情緒：信任
強度：Low",1.3471591472625732,200
阿志（男性，45歲，餐廳主廚，熱情外向，講話直接）,信任,我們這個團隊配合那麼久了，我完全放心交給你們。,信任,Low,"情緒：信任
強度：Low",2.714475154876709,200
阿志（男性，45歲，餐廳主廚，熱情外向，講話直接）,信任,這鍋湯交給你煮沒問題，我相信你。,信任,Low,"情緒：信任
強度：Low",0.827639102935791,200
阿志（男性，45歲，餐廳主廚，熱情外向，講話直接）,信任,這位客人上次就愛吃你炒的米粉，這次一樣交給你炒！,信任,Low,"情緒：信任
強度：Low",0.739898681640625,200
阿志（男性，45歲，餐廳主廚，熱情外向，講話直接）,信任,我說可以就是可以，老闆信我那是有原因的。,信任,Medium,"情緒：信任
強度：Medium",0.6782841682434082,200
阿志（男性，45歲，餐廳主廚，熱情外向，講話直接）,信任,你就照食譜煮，不用怕出錯，我都幫你想好了。,信任,Low,"情緒：信任
強度：Low",1.242799997329712,200
阿志（男性，45歲，餐廳主廚，熱情外向，講話直接）,喜悅,今天客人很多，廚房氣氛超好。,喜悅,Medium,"情緒：喜悅
強度：Medium",0.9025537967681885,200
阿志（男性，45歲，餐廳主廚，熱情外向，講話直接）,喜悅,新菜賣得特別好，大家都很開心。,喜悅,Medium,"情緒：喜悅
強度：Medium",1.274773120880127,200
阿志（男性，45歲，餐廳主廚，熱情外向，講話直接）,喜悅,學徒做得不錯，讓我放心不少。,信任,Low,"情緒：信任
強度：Low",0.9160850048065186,200
阿志（男性，45歲，餐廳主廚，熱情外向，講話直接）,喜悅,收到老顧客的讚美，心裡暖暖的。,喜悅,Low,"情緒：喜悅
強度：Low",1.0188050270080566,200
阿志（男性，45歲，餐廳主廚，熱情外向，講話直接）,喜悅,大家一起合作，感覺很棒。,喜悅,Low,"情緒：喜悅
強度：Low",0.8721179962158203,200
阿志（男性，45歲，餐廳主廚，熱情外向，講話直接）,喜悅,餐廳新裝潢，看起來很有氣氛。,喜悅,Low,"情緒：喜悅
強度：Low",0.7910017967224121,200
阿志（男性，45歲，餐廳主廚，熱情外向，講話直接）,喜悅,試做的甜點成功了，特別有成就感。,喜悅,Medium,"情緒：喜悅
強度：Medium",0.9818973541259766,200
阿志（男性，45歲，餐廳主廚，熱情外向，講話直接）,喜悅,晚餐時間忙碌但愉快。,喜悅,Low,"情緒：喜悅
強度：Low",1.4658801555633545,200
阿志（男性，45歲，餐廳主廚，熱情外向，講話直接）,喜悅,廚房氣味香噴噴，讓人開心。,喜悅,Low,"情緒：喜悅
強度：Low",1.0526306629180908,200
阿志（男性，45歲，餐廳主廚，熱情外向，講話直接）,喜悅,看到員工笑容滿面，心情也好。,喜悅,Low,"情緒：喜悅
強度：Low",0.8742561340332031,200
阿志（男性，45歲，餐廳主廚，熱情外向，講話直接）,期待,這週新菜單上了，我等著看客人什麼反應！,期待,Medium,"情緒：期待
強度：Medium",1.794785976409912,200
阿志（男性，45歲，餐廳主廚，熱情外向，講話直接）,期待,下個月比賽我報名了，這次一定要拚一個獎回來。,期待,Medium,"情緒：期待
強度：Medium",1.7898712158203125,200
阿志（男性，45歲，餐廳主廚，熱情外向，講話直接）,期待,聽說那個美食部落客要來，我有點期待他吃完的評論。,期待,Low,"情緒：期待
強度：Low",0.8289060592651367,200
阿志（男性，45歲，餐廳主廚，熱情外向，講話直接）,期待,週末的訂位爆滿，等著看我們廚房怎麼發揮啦！,期待,Medium,"情緒：期待
強度：Medium",4.668210983276367,200
阿志（男性，45歲，餐廳主廚，熱情外向，講話直接）,期待,小張最近學得不錯，我期待他能快點升副主廚。,期待,Low,"情緒：期待
強度：Low",0.7728221416473389,200
阿志（男性，45歲，餐廳主廚，熱情外向，講話直接）,期待,新鮮白蝦剛到，我腦袋已經在想要怎麼做創意菜了！,期待,Medium,"情緒：期待
強度：Medium",1.452967882156372,200
阿志（男性，45歲，餐廳主廚，熱情外向，講話直接）,期待,晚上那桌是熟客，他們一來我就來勁兒。,期待,Medium,"情緒：期待
強度：Medium",2.6213560104370117,200
阿志（男性，45歲，餐廳主廚，熱情外向，講話直接）,期待,這次換我設計甜點環節，說真的我超期待！,期待,High,"情緒：期待
強度：High",2.7773871421813965,200
阿志（男性，45歲，餐廳主廚，熱情外向，講話直接）,期待,明天我們開放試吃，我想聽聽大家的反應。,期待,Low,"情緒：期待
強度：Low",1.705928087234497,200
阿志（男性，45歲，餐廳主廚，熱情外向，講話直接）,期待,年夜飯的菜單我想了半年，一定讓客人吃到笑。,期待,Medium,"情緒：期待
強度：Medium",1.4890491962432861,200
阿志（男性，45歲，餐廳主廚，熱情外向，講話直接）,恐懼,剛剛火爐冒了一下，我怕是瓦斯管哪裡鬆了。,恐懼,Low,"情緒：恐懼
強度：Low",2.8357582092285156,200
阿志（男性，45歲，餐廳主廚，熱情外向，講話直接）,恐懼,冰箱如果再壞，我們這批生魚片就全毀了。,恐懼,Medium,"情緒：恐懼
強度：Medium",1.085618257522583,200
阿志（男性，45歲，餐廳主廚，熱情外向，講話直接）,恐懼,我最怕就是尖峰時段出大包，客人一等火就上來。,恐懼,Medium,"情緒：恐懼
強度：Medium",1.1436219215393066,200
阿志（男性，45歲，餐廳主廚，熱情外向，講話直接）,恐懼,你油倒太多了，小心等下整鍋起火！,恐懼,Medium,"情緒：恐懼
強度：Medium",2.473428964614868,200
阿志（男性，45歲，餐廳主廚，熱情外向，講話直接）,恐懼,這道菜看起來怪怪的，我有點怕是不是哪個步驟搞錯了。,恐懼,Low,"情緒：恐懼
強度：Low",0.8382551670074463,200
阿志（男性，45歲，餐廳主廚，熱情外向，講話直接）,恐懼,最近食安查得緊，我們絕對不能有一點疏忽。,恐懼,Medium,"情緒：恐懼
強度：Medium",1.6605758666992188,200
阿志（男性，45歲，餐廳主廚，熱情外向，講話直接）,恐懼,那批牛肉來得有點晚，我怕今天備料趕不完。,恐懼,Low,"情緒：恐懼
強度：Low",0.9398782253265381,200
阿志（男性，45歲，餐廳主廚，熱情外向，講話直接）,恐懼,我喉嚨最近怪怪的，希望不是感冒，不然影響太大了。,恐懼,Low,"情緒：恐懼
強度：Low",0.8277299404144287,200
阿志（男性，45歲，餐廳主廚，熱情外向，講話直接）,恐懼,天氣這麼熱，怕那些海鮮放不久，快處理一處理。,恐懼,Medium,"情緒：恐懼
強度：Medium",0.7948050498962402,200
阿志（男性，45歲，餐廳主廚，熱情外向，講話直接）,恐懼,聽說附近新開一間餐廳，我是怕我們的客人會被搶走啦。,恐懼,Low,"情緒：恐懼
強度：Low",1.5537962913513184,200
阿志（男性，45歲，餐廳主廚，熱情外向，講話直接）,厭惡,看到地板油膩膩的，真噁心。,厭惡,Medium,"情緒：厭惡
強度：Medium",0.7472271919250488,200
阿志（男性，45歲，餐廳主廚，熱情外向，講話直接）,厭惡,廚房裡的垃圾沒有人處理，討厭死了。,厭惡,High,"情緒：厭惡
強度：High",0.7517931461334229,200
阿志（男性，45歲，餐廳主廚，熱情外向，講話直接）,厭惡,有些同事不遵守規矩，讓人火大。,憤怒,High,"情緒：憤怒
強度：High",0.9214568138122559,200
阿志（男性，45歲，餐廳主廚，熱情外向，講話直接）,厭惡,不乾淨的碗盤讓我受不了。,厭惡,Medium,"情緒：厭惡
強度：Medium",1.787308931350708,200
阿志（男性，45歲，餐廳主廚，熱情外向，講話直接）,厭惡,油煙味道太重，整個人都不舒服。,厭惡,Medium,"情緒：厭惡
強度：Medium",0.8582799434661865,200
阿志（男性，45歲，餐廳主廚，熱情外向，講話直接）,厭惡,有些客人態度差，讓人不想服務。,厭惡,Medium,"情緒：厭惡
強度：Medium",0.9169642925262451,200
阿志（男性，45歲，餐廳主廚，熱情外向，講話直接）,厭惡,那種敷衍了事的態度真讓人生氣。,憤怒,Medium,"情緒：憤怒
強度：Medium",1.2610368728637695,200
阿志（男性，45歲，餐廳主廚，熱情外向，講話直接）,厭惡,廚房裡亂七八糟，看得我心煩。,厭惡,Medium,"情緒：厭惡
強度：Medium",1.0511600971221924,200
阿志（男性，45歲，餐廳主廚，熱情外向，講話直接）,厭惡,這種拖拖拉拉的工作效率，討厭。,厭惡,Medium,"情緒：厭惡
強度：Medium",0.8953418731689453,200
阿志（男性，45歲，餐廳主廚，熱情外向，講話直接）,厭惡,有人偷懶不做事，讓團隊很困擾。,厭惡,Medium,"情緒：厭惡
強度：Medium",1.239138126373291,200
小敏（女性，30歲，幼兒園老師，溫柔有耐心，喜歡和孩子們互動）,悲傷,今天小朋友哭了，我心裡很難過。,悲傷,Medium,"情緒：悲傷
強度：Medium",1.4955039024353027,200
小敏（女性，30歲，幼兒園老師，溫柔有耐心，喜歡和孩子們互動）,悲傷,孩子生病了，讓我擔心不已。,恐懼,Medium,"情緒：恐懼
強度：Medium",1.0961401462554932,200
小敏（女性，30歲，幼兒園老師，溫柔有耐心，喜歡和孩子們互動）,悲傷,看著孩子受傷，心疼得不行。,悲傷,Medium,"情緒：悲傷
強度：Medium",1.2435519695281982,200
小敏（女性，30歲，幼兒園老師，溫柔有耐心，喜歡和孩子們互動）,悲傷,教室裡安靜得讓人感覺空蕩蕩。,悲傷,Low,"情緒：悲傷
強度：Low",0.906822919845581,200
小敏（女性，30歲，幼兒園老師，溫柔有耐心，喜歡和孩子們互動）,悲傷,有小朋友不聽話，讓我感到挫敗。,悲傷,Medium,"情緒：悲傷
強度：Medium",2.477543830871582,200
小敏（女性，30歲，幼兒園老師，溫柔有耐心，喜歡和孩子們互動）,悲傷,孩子不願意分享玩具，我有點失落。,悲傷,Low,"情緒：悲傷
強度：Low",0.7148082256317139,200
小敏（女性，30歲，幼兒園老師，溫柔有耐心，喜歡和孩子們互動）,悲傷,朋友搬家了，覺得孤單。,悲傷,Low,"情緒：悲傷
強度：Low",3.1890690326690674,200
小敏（女性，30歲，幼兒園老師，溫柔有耐心，喜歡和孩子們互動）,悲傷,看見孩子難過，自己也跟著難受。,悲傷,Low,"情緒：悲傷
強度：Low",0.9631359577178955,200
小敏（女性，30歲，幼兒園老師，溫柔有耐心，喜歡和孩子們互動）,悲傷,今天的活動沒辦好，覺得很遺憾。,悲傷,Medium,"情緒：悲傷
強度：Medium",0.6940059661865234,200
小敏（女性，30歲，幼兒園老師，溫柔有耐心，喜歡和孩子們互動）,悲傷,看到孩子生氣，我也感到難過。,悲傷,Low,"情緒：悲傷
強度：Low",2.162768840789795,200
小敏（女性，30歲，幼兒園老師，溫柔有耐心，喜歡和孩子們互動）,憤怒,有小朋友亂跑讓我很生氣。,憤怒,Medium,"情緒：憤怒
強度：Medium",0.7073829174041748,200
小敏（女性，30歲，幼兒園老師，溫柔有耐心，喜歡和孩子們互動）,憤怒,教室裡的玩具被弄壞了，真讓我火大。,憤怒,High,"情緒：憤怒
強度：High",0.797835111618042,200
小敏（女性，30歲，幼兒園老師，溫柔有耐心，喜歡和孩子們互動）,憤怒,有家長不配合，讓我覺得很氣。,憤怒,Medium,"情緒：憤怒
強度：Medium",0.7972500324249268,200
小敏（女性，30歲，幼兒園老師，溫柔有耐心，喜歡和孩子們互動）,憤怒,孩子爭吵不停，教室裡亂成一團。,厭惡,Medium,"情緒：厭惡
強度：Medium",0.7854602336883545,200
小敏（女性，30歲，幼兒園老師，溫柔有耐心，喜歡和孩子們互動）,憤怒,有人亂丟垃圾，讓我不開心。,厭惡,Low,"情緒：厭惡
強度：Low",0.8614110946655273,200
小敏（女性，30歲，幼兒園老師，溫柔有耐心，喜歡和孩子們互動）,憤怒,有小朋友不聽話，反覆提醒也沒用，氣死我了。,憤怒,High,"情緒：憤怒
強度：High",0.6682920455932617,200
小敏（女性，30歲，幼兒園老師，溫柔有耐心，喜歡和孩子們互動）,憤怒,教具壞了還沒修，真讓人失望。,悲傷,Medium,"情緒：悲傷
強度：Medium",0.7922279834747314,200
小敏（女性，30歲，幼兒園老師，溫柔有耐心，喜歡和孩子們互動）,憤怒,有人遲到，耽誤了教學進度。,厭惡,Low,"情緒：厭惡
強度：Low",1.0259990692138672,200
小敏（女性，30歲，幼兒園老師，溫柔有耐心，喜歡和孩子們互動）,憤怒,孩子之間的爭吵讓我感覺煩躁。,厭惡,Medium,"情緒：厭惡
強度：Medium",1.9824130535125732,200
小敏（女性，30歲，幼兒園老師，溫柔有耐心，喜歡和孩子們互動）,憤怒,有時候真的覺得壓力很大。,悲傷,Medium,"情緒：悲傷
強度：Medium",0.706165075302124,200
小敏（女性，30歲，幼兒園老師，溫柔有耐心，喜歡和孩子們互動）,驚奇,今天孩子們突然會唱新歌，真讓我驚喜。,驚奇,Medium,"情緒：驚奇
強度：Medium",0.779644250869751,200
小敏（女性，30歲，幼兒園老師，溫柔有耐心，喜歡和孩子們互動）,驚奇,發現小朋友竟然自己整理玩具，好厲害。,驚奇,Medium,"情緒：驚奇
強度：Medium",0.6963331699371338,200
小敏（女性，30歲，幼兒園老師，溫柔有耐心，喜歡和孩子們互動）,驚奇,教室裡出現了漂亮的彩繪，讓我驚訝。,驚奇,Low,"情緒：驚奇
強度：Low",0.7641637325286865,200
小敏（女性，30歲，幼兒園老師，溫柔有耐心，喜歡和孩子們互動）,驚奇,小朋友第一次說出完整句子，心裡好開心。,喜悅,Medium,"情緒：喜悅
強度：Medium",1.0396780967712402,200
小敏（女性，30歲，幼兒園老師，溫柔有耐心，喜歡和孩子們互動）,驚奇,看到孩子學會新技能，覺得很驚喜。,驚奇,Medium,"情緒：驚奇
強度：Medium",0.6778080463409424,200
小敏（女性，30歲，幼兒園老師，溫柔有耐心，喜歡和孩子們互動）,驚奇,孩子們自己排隊，讓我感覺很驚奇。,驚奇,Low,"情緒：驚奇
強度：Low",1.1058361530303955,200
小敏（女性，30歲，幼兒園老師，溫柔有耐心，喜歡和孩子們互動）,驚奇,今天的活動比預期順利完成，太棒了。,喜悅,Medium,"情緒：喜悅
強度：Medium",1.5524570941925049,200
小敏（女性，30歲，幼兒園老師，溫柔有耐心，喜歡和孩子們互動）,驚奇,收到家長的讚美，讓我很驚訝。,驚奇,Low,"情緒：驚奇
強度：Low",0.6483149528503418,200
小敏（女性，30歲，幼兒園老師，溫柔有耐心，喜歡和孩子們互動）,驚奇,孩子們玩得這麼開心，讓我感到欣慰。,喜悅,Low,"情緒：喜悅
強度：Low",1.8055520057678223,200
小敏（女性，30歲，幼兒園老師，溫柔有耐心，喜歡和孩子們互動）,驚奇,突然有孩子給我一個大擁抱，太感動了。,喜悅,Medium,"情緒：喜悅
強度：Medium",0.9205441474914551,200
小敏（女性，30歲，幼兒園老師，溫柔有耐心，喜歡和孩子們互動）,信任,我相信你可以自己把鞋子穿好，老師在旁邊陪你。,信任,Low,"情緒：信任
強度：Low",0.8498258590698242,200
小敏（女性，30歲，幼兒園老師，溫柔有耐心，喜歡和孩子們互動）,信任,雖然今天有一點小衝突，但我知道你們其實是好朋友對吧？,信任,Low,"情緒：信任
強度：Low",0.9722146987915039,200
小敏（女性，30歲，幼兒園老師，溫柔有耐心，喜歡和孩子們互動）,信任,這首歌你昨天就快學會了，老師相信你今天一定能唱完。,信任,Low,"情緒：信任
強度：Low",0.7637529373168945,200
小敏（女性，30歲，幼兒園老師，溫柔有耐心，喜歡和孩子們互動）,信任,媽媽放心，我們今天會好好照顧她，她今天的情緒很穩定。,信任,Low,"情緒：信任
強度：Low",1.0552949905395508,200
小敏（女性，30歲，幼兒園老師，溫柔有耐心，喜歡和孩子們互動）,信任,老師相信你已經準備好了，要不要試著自己畫看看？,期待,Low,"情緒：期待
強度：Low",1.9890758991241455,200
小敏（女性，30歲，幼兒園老師，溫柔有耐心，喜歡和孩子們互動）,信任,你今天很努力坐好吃飯，老師知道你有進步了。,信任,Low,"情緒：信任
強度：Low",1.0983119010925293,200
小敏（女性，30歲，幼兒園老師，溫柔有耐心，喜歡和孩子們互動）,信任,這個任務交給你，我相信你會做得很好。,信任,Low,"情緒：信任
強度：Low",0.6831607818603516,200
小敏（女性，30歲，幼兒園老師，溫柔有耐心，喜歡和孩子們互動）,信任,老師知道你不是故意打翻水杯的，我相信你以後會更小心。,信任,Low,"情緒：信任
強度：Low",1.0040349960327148,200
小敏（女性，30歲，幼兒園老師，溫柔有耐心，喜歡和孩子們互動）,信任,小朋友都很棒，老師相信你們一定能一起完成這幅畫。,信任,Low,"情緒：信任
強度：Low",1.7581689357757568,200
小敏（女性，30歲，幼兒園老師，溫柔有耐心，喜歡和孩子們互動）,信任,你上次就記得把玩具收好，我知道你這次也可以做到！,信任,Medium,"情緒：信任
強度：Medium",1.0453319549560547,200
小敏（女性，30歲，幼兒園老師，溫柔有耐心，喜歡和孩子們互動）,喜悅,你今天畫的畫真漂亮，老師好喜歡！,喜悅,Medium,"情緒：喜悅
強度：Medium",0.9170260429382324,200
小敏（女性，30歲，幼兒園老師，溫柔有耐心，喜歡和孩子們互動）,喜悅,小朋友們都玩得很開心，太棒了！,喜悅,High,"情緒：喜悅
強度：High",2.7052741050720215,200
小敏（女性，30歲，幼兒園老師，溫柔有耐心，喜歡和孩子們互動）,喜悅,大家都排隊很有秩序，老師很驕傲。,喜悅,Low,"情緒：喜悅
強度：Low",0.6413798332214355,200
小敏（女性，30歲，幼兒園老師，溫柔有耐心，喜歡和孩子們互動）,喜悅,看到你學會新動作，真是太開心了。,喜悅,Medium,"情緒：喜悅
強度：Medium",0.8297500610351562,200
小敏（女性，30歲，幼兒園老師，溫柔有耐心，喜歡和孩子們互動）,喜悅,今天的故事時間很熱鬧，大家都專心聽。,喜悅,Low,"情緒：喜悅
強度：Low",1.519294023513794,200
小敏（女性，30歲，幼兒園老師，溫柔有耐心，喜歡和孩子們互動）,喜悅,小朋友們互相幫忙，讓老師很感動。,喜悅,Low,"情緒：喜悅
強度：Low",1.3866868019104004,200
小敏（女性，30歲，幼兒園老師，溫柔有耐心，喜歡和孩子們互動）,喜悅,這道手工做得很用心，老師給你拍拍手。,信任,Low,"情緒：信任
強度：Low",0.8419928550720215,200
小敏（女性，30歲，幼兒園老師，溫柔有耐心，喜歡和孩子們互動）,喜悅,大家一起唱歌跳舞，好快樂喔！,喜悅,High,"情緒：喜悅
強度：High",1.3458662033081055,200
小敏（女性，30歲，幼兒園老師，溫柔有耐心，喜歡和孩子們互動）,喜悅,今天天氣很好，戶外活動超有趣。,喜悅,Medium,"情緒：喜悅
強度：Medium",0.8133409023284912,200
小敏（女性，30歲，幼兒園老師，溫柔有耐心，喜歡和孩子們互動）,喜悅,看到你們的笑容，老師覺得好幸福。,喜悅,Medium,"情緒：喜悅
強度：Medium",0.7785458564758301,200
小敏（女性，30歲，幼兒園老師，溫柔有耐心，喜歡和孩子們互動）,期待,明天要帶你們去動物園，你們是不是也跟老師一樣期待？,期待,Low,"情緒：期待
強度：Low",0.7206897735595703,200
小敏（女性，30歲，幼兒園老師，溫柔有耐心，喜歡和孩子們互動）,期待,等一下我們要做手指畫，你們準備好了嗎？,期待,Low,"情緒：期待
強度：Low",1.7594678401947021,200
小敏（女性，30歲，幼兒園老師，溫柔有耐心，喜歡和孩子們互動）,期待,我最期待的就是每天早上看到你們一個個來跟我說早安。,期待,Low,"情緒：期待
強度：Low",0.837860107421875,200
小敏（女性，30歲，幼兒園老師，溫柔有耐心，喜歡和孩子們互動）,期待,今天有新故事書要唸給你們聽，很精彩喔！,期待,Medium,"情緒：期待
強度：Medium",0.7382829189300537,200
小敏（女性，30歲，幼兒園老師，溫柔有耐心，喜歡和孩子們互動）,期待,快放學了，老師等一下要發今天的星星獎勵唷。,期待,Low,"情緒：期待
強度：Low",1.1438329219818115,200
小敏（女性，30歲，幼兒園老師，溫柔有耐心，喜歡和孩子們互動）,期待,你說你會帶你最喜歡的玩具來分享，老師很期待看見。,期待,Low,"情緒：期待
強度：Low",0.8262500762939453,200
小敏（女性，30歲，幼兒園老師，溫柔有耐心，喜歡和孩子們互動）,期待,下週要舉辦才藝表演了，你想好要表演什麼了嗎？,期待,Low,"情緒：期待
強度：Low",0.7574069499969482,200
小敏（女性，30歲，幼兒園老師，溫柔有耐心，喜歡和孩子們互動）,期待,今天要練習新舞蹈，我已經等不及想看你們跳了！,期待,Medium,"情緒：期待
強度：Medium",1.4125511646270752,200
小敏（女性，30歲，幼兒園老師，溫柔有耐心，喜歡和孩子們互動）,期待,老師做了新的教具，等一下想請你們來幫忙測試。,期待,Low,"情緒：期待
強度：Low",0.9534621238708496,200
小敏（女性，30歲，幼兒園老師，溫柔有耐心，喜歡和孩子們互動）,期待,下次親子日，希望能看到你跟爸爸媽媽一起跳舞喔！,期待,Low,"情緒：期待
強度：Low",1.0230751037597656,200
小敏（女性，30歲，幼兒園老師，溫柔有耐心，喜歡和孩子們互動）,恐懼,剛剛你哭得很傷心，老師有點擔心你是不是哪裡不舒服。,悲傷,Medium,"情緒：悲傷
強度：Medium",1.0936172008514404,200
小敏（女性，30歲，幼兒園老師，溫柔有耐心，喜歡和孩子們互動）,恐懼,今天你一直一個人坐著，老師有點怕你是不是心情不好。,恐懼,Low,"情緒：恐懼
強度：Low",0.857964038848877,200
小敏（女性，30歲，幼兒園老師，溫柔有耐心，喜歡和孩子們互動）,恐懼,這幾天流感很多，老師有點擔心你們沒有好好洗手。,恐懼,Low,"情緒：恐懼
強度：Low",2.1784589290618896,200
小敏（女性，30歲，幼兒園老師，溫柔有耐心，喜歡和孩子們互動）,恐懼,如果玩具沒有收好，老師怕有人會不小心踩到跌倒。,恐懼,Low,"情緒：恐懼
強度：Low",0.8904948234558105,200
小敏（女性，30歲，幼兒園老師，溫柔有耐心，喜歡和孩子們互動）,恐懼,你說你不想上台，我會怕你是真的很緊張還是被嚇到了？,恐懼,Medium,"情緒：恐懼
強度：Medium",1.2466940879821777,200
小敏（女性，30歲，幼兒園老師，溫柔有耐心，喜歡和孩子們互動）,恐懼,剛剛你推了同學，老師有點擔心你是不是在模仿什麼不好的行為。,恐懼,Low,"情緒：恐懼
強度：Low",0.8366971015930176,200
小敏（女性，30歲，幼兒園老師，溫柔有耐心，喜歡和孩子們互動）,恐懼,最近你常常咳嗽，老師真的有點怕你沒休息好。,恐懼,Low,"情緒：恐懼
強度：Low",1.965135097503662,200
小敏（女性，30歲，幼兒園老師，溫柔有耐心，喜歡和孩子們互動）,恐懼,老師今天聲音有點沙啞，怕講故事你們會聽不清楚。,恐懼,Low,"情緒：恐懼
強度：Low",1.3591506481170654,200
小敏（女性，30歲，幼兒園老師，溫柔有耐心，喜歡和孩子們互動）,恐懼,如果你不告訴老師怎麼了，老師會很擔心也不知道怎麼幫你。,信任,Low,"情緒：信任
強度：Low",3.9068119525909424,200
小敏（女性，30歲，幼兒園老師，溫柔有耐心，喜歡和孩子們互動）,恐懼,老師不希望有人在上課時跑來跑去，會怕你們撞到受傷。,恐懼,Low,"情緒：恐懼
強度：Low",1.241461992263794,200
小敏（女性，30歲，幼兒園老師，溫柔有耐心，喜歡和孩子們互動）,厭惡,有些小朋友亂丟垃圾，真讓人不舒服。,厭惡,Medium,"情緒：厭惡
強度：Medium",0.8952369689941406,200
小敏（女性，30歲，幼兒園老師，溫柔有耐心，喜歡和孩子們互動）,厭惡,玩具被弄得亂七八糟，看了很煩。,厭惡,Medium,"情緒：厭惡
強度：Medium",0.7516269683837891,200
小敏（女性，30歲，幼兒園老師，溫柔有耐心，喜歡和孩子們互動）,厭惡,有些孩子不聽話，讓老師很頭痛。,厭惡,Medium,"情緒：厭惡
強度：Medium",0.8643760681152344,200
小敏（女性，30歲，幼兒園老師，溫柔有耐心，喜歡和孩子們互動）,厭惡,教室裡有味道，讓人很不自在。,厭惡,Medium,"情緒：厭惡
強度：Medium",0.875601053237915,200
小敏（女性，30歲，幼兒園老師，溫柔有耐心，喜歡和孩子們互動）,厭惡,小朋友爭吵吵不停，讓人很煩躁。,厭惡,Medium,"情緒：厭惡
強度：Medium",0.9276158809661865,200
小敏（女性，30歲，幼兒園老師，溫柔有耐心，喜歡和孩子們互動）,厭惡,有時候家長的態度讓我很失望。,悲傷,Medium,"情緒：悲傷
強度：Medium",1.5388820171356201,200
小敏（女性，30歲，幼兒園老師，溫柔有耐心，喜歡和孩子們互動）,厭惡,有孩子故意搗亂，讓氣氛很差。,厭惡,Medium,"情緒：厭惡
強度：Medium",1.7367439270019531,200
小敏（女性，30歲，幼兒園老師，溫柔有耐心，喜歡和孩子們互動）,厭惡,噪音太大，教學無法專心進行。,厭惡,Medium,"情緒：厭惡
強度：Medium",0.9661531448364258,200
小敏（女性，30歲，幼兒園老師，溫柔有耐心，喜歡和孩子們互動）,厭惡,玩具壞了沒有人修，真的很討厭。,厭惡,Medium,"情緒：厭惡
強度：Medium",0.7408950328826904,200
小敏（女性，30歲，幼兒園老師，溫柔有耐心，喜歡和孩子們互動）,厭惡,孩子們不遵守規矩，讓人很難管理。,厭惡,Medium,"情緒：厭惡
強度：Medium",1.5529518127441406,200
小華（男性，22歲，大學生，個性幽默開朗，喜歡打電動與社交）,悲傷,今天隊友掉線，整場比賽都輸了，真的難過。,悲傷,Medium,"情緒：悲傷
強度：Medium",1.251593828201294,200
小華（男性，22歲，大學生，個性幽默開朗，喜歡打電動與社交）,悲傷,作業做不好，感覺自己很沒用。,悲傷,Medium,"情緒：悲傷
強度：Medium",0.7725820541381836,200
小華（男性，22歲，大學生，個性幽默開朗，喜歡打電動與社交）,悲傷,朋友沒時間陪我，心裡空空的。,悲傷,Low,"情緒：悲傷
強度：Low",0.6920392513275146,200
小華（男性，22歲，大學生，個性幽默開朗，喜歡打電動與社交）,悲傷,偶像沒回覆我留言，失落感湧上心頭。,悲傷,Medium,"情緒：悲傷
強度：Medium",1.0470621585845947,200
小華（男性，22歲，大學生，個性幽默開朗，喜歡打電動與社交）,悲傷,看著別人都畢業了，自己還卡在期末。,悲傷,Low,"情緒：悲傷
強度：Low",1.0182380676269531,200
小華（男性，22歲，大學生，個性幽默開朗，喜歡打電動與社交）,悲傷,打遊戲連敗，覺得很挫折。,悲傷,Medium,"情緒：悲傷
強度：Medium",2.0170607566833496,200
小華（男性，22歲，大學生，個性幽默開朗，喜歡打電動與社交）,悲傷,宿舍吵鬧讓我睡不好，心情不好。,厭惡,Medium,"情緒：厭惡
強度：Medium",0.813107967376709,200
小華（男性，22歲，大學生，個性幽默開朗，喜歡打電動與社交）,悲傷,假日沒約到人，感覺孤單。,悲傷,Low,"情緒：悲傷
強度：Low",0.8561201095581055,200
小華（男性，22歲，大學生，個性幽默開朗，喜歡打電動與社交）,悲傷,成績沒達到預期，心裡難受。,悲傷,Low,"情緒：悲傷
強度：Low",2.0439138412475586,200
小華（男性，22歲，大學生，個性幽默開朗，喜歡打電動與社交）,悲傷,看見朋友們忙碌，自己卻迷茫，覺得難過。,悲傷,Low,"情緒：悲傷
強度：Low",3.4010531902313232,200
小華（男性，22歲，大學生，個性幽默開朗，喜歡打電動與社交）,憤怒,那隊友怎麼這麼爛，害我輸掉比賽！,憤怒,High,"情緒：憤怒
強度：High",2.1910698413848877,200
小華（男性，22歲，大學生，個性幽默開朗，喜歡打電動與社交）,憤怒,作業交了好幾次還被退回，氣炸我了。,憤怒,High,"情緒：憤怒
強度：High",0.7417690753936768,200
小華（男性，22歲，大學生，個性幽默開朗，喜歡打電動與社交）,憤怒,宿舍隔壁吵到半夜，真是煩死了！,憤怒,High,"情緒：憤怒
強度：High",2.454662322998047,200
小華（男性，22歲，大學生，個性幽默開朗，喜歡打電動與社交）,憤怒,老師講話太快，我根本跟不上。,厭惡,Medium,"情緒：厭惡
強度：Medium",0.679149866104126,200
小華（男性，22歲，大學生，個性幽默開朗，喜歡打電動與社交）,憤怒,網路連線一直斷，讓我超級火大。,憤怒,High,"情緒：憤怒
強度：High",0.665229082107544,200
小華（男性，22歲，大學生，個性幽默開朗，喜歡打電動與社交）,憤怒,同學作弊被抓，怎麼可以這樣！,憤怒,Medium,"情緒：憤怒
強度：Medium",1.7855451107025146,200
小華（男性，22歲，大學生，個性幽默開朗，喜歡打電動與社交）,憤怒,電腦當機，重要檔案沒存到，氣死我了。,憤怒,High,"情緒：憤怒
強度：High",0.9930450916290283,200
小華（男性，22歲，大學生，個性幽默開朗，喜歡打電動與社交）,憤怒,被朋友放鴿子，真的是太差勁。,憤怒,High,"情緒：憤怒
強度：High",1.195255994796753,200
小華（男性，22歲，大學生，個性幽默開朗，喜歡打電動與社交）,憤怒,食堂的飯難吃到讓人想吐。,厭惡,High,"情緒：厭惡
強度：High",0.8335950374603271,200
小華（男性，22歲，大學生，個性幽默開朗，喜歡打電動與社交）,憤怒,寒假作業一堆，壓力大得要死。,悲傷,High,"情緒：悲傷
強度：High",0.7378900051116943,200
小華（男性，22歲，大學生，個性幽默開朗，喜歡打電動與社交）,驚奇,沒想到這款新遊戲這麼好玩！,驚奇,Medium,"情緒：驚奇
強度：Medium",0.9396469593048096,200
小華（男性，22歲，大學生，個性幽默開朗，喜歡打電動與社交）,驚奇,今天宿舍的派對比想像中還熱鬧。,驚奇,Low,"情緒：驚奇
強度：Low",0.8376739025115967,200
小華（男性，22歲，大學生，個性幽默開朗，喜歡打電動與社交）,驚奇,老師竟然答應延期交報告，太幸運了。,喜悅,Medium,"情緒：喜悅
強度：Medium",1.0434558391571045,200
小華（男性，22歲，大學生，個性幽默開朗，喜歡打電動與社交）,驚奇,朋友竟然在遊戲裡遇到偶像，超驚訝。,驚奇,Medium,"情緒：驚奇
強度：Medium",1.0593998432159424,200
小華（男性，22歲，大學生，個性幽默開朗，喜歡打電動與社交）,驚奇,手機居然突然升級，感覺很酷。,驚奇,Medium,"情緒：驚奇
強度：Medium",1.3878419399261475,200
小華（男性，22歲，大學生，個性幽默開朗，喜歡打電動與社交）,驚奇,同學的才藝比賽超厲害，讓我大吃一驚。,驚奇,Medium,"情緒：驚奇
強度：Medium",2.02295184135437,200
小華（男性，22歲，大學生，個性幽默開朗，喜歡打電動與社交）,驚奇,今天校園裡有免費的餐點發放，太意外了。,驚奇,Medium,"情緒：驚奇
強度：Medium",0.8291950225830078,200
小華（男性，22歲，大學生，個性幽默開朗，喜歡打電動與社交）,驚奇,我居然在比賽中拿到第一名，超不可思議。,驚奇,Medium,"情緒：驚奇
強度：Medium",1.353581190109253,200
小華（男性，22歲，大學生，個性幽默開朗，喜歡打電動與社交）,驚奇,看到新出的電競設備，覺得超級讚。,喜悅,High,"情緒：喜悅
強度：High",1.2479510307312012,200
小華（男性，22歲，大學生，個性幽默開朗，喜歡打電動與社交）,驚奇,宿舍裡有人突然開起電音派對，嚇我一跳。,驚奇,Medium,"情緒：驚奇
強度：Medium",0.8443338871002197,200
小華（男性，22歲，大學生，個性幽默開朗，喜歡打電動與社交）,信任,你放心交給我，我絕對不會雷你這一場。,信任,Medium,"情緒：信任
強度：Medium",0.6693360805511475,200
小華（男性，22歲，大學生，個性幽默開朗，喜歡打電動與社交）,信任,她說要幫我搶演唱會門票，我信她，手速超快的。,信任,Medium,"情緒：信任
強度：Medium",1.8292591571807861,200
小華（男性，22歲，大學生，個性幽默開朗，喜歡打電動與社交）,信任,這組作業交給阿傑做我完全不擔心，他超穩。,信任,Medium,"情緒：信任
強度：Medium",1.0932390689849854,200
小華（男性，22歲，大學生，個性幽默開朗，喜歡打電動與社交）,信任,你說的攻略我信啦，我照那樣打真的過了。,信任,Low,"情緒：信任
強度：Low",1.7624499797821045,200
小華（男性，22歲，大學生，個性幽默開朗，喜歡打電動與社交）,信任,雖然教授有點兇，但我相信他真的想我們學到東西。,信任,Low,"情緒：信任
強度：Low",1.7814040184020996,200
小華（男性，22歲，大學生，個性幽默開朗，喜歡打電動與社交）,信任,社團活動你安排就好，我跟著嗨就對了。,信任,Low,"情緒：信任
強度：Low",0.8610169887542725,200
小華（男性，22歲，大學生，個性幽默開朗，喜歡打電動與社交）,信任,我室友嘴巴壞一點，其實人超罩的，我信他。,信任,Low,"情緒：信任
強度：Low",0.7969226837158203,200
小華（男性，22歲，大學生，個性幽默開朗，喜歡打電動與社交）,信任,你說你會來幫我搬宿舍，我記在心裡，信你一次！,信任,Medium,"情緒：信任
強度：Medium",0.9804708957672119,200
小華（男性，22歲，大學生，個性幽默開朗，喜歡打電動與社交）,信任,他每次嘴說要戒手搖但還是會揪我喝，我信他戒不掉。,信任,Low,"情緒：信任
強度：Low",1.2040860652923584,200
小華（男性，22歲，大學生，個性幽默開朗，喜歡打電動與社交）,信任,打LOL你負責輸出，我負責搞笑，配合默契百分百！,喜悅,Medium,"情緒：喜悅
強度：Medium",1.199195146560669,200
小華（男性，22歲，大學生，個性幽默開朗，喜歡打電動與社交）,喜悅,今天玩遊戲打破紀錄，超爽！,喜悅,High,"情緒：喜悅
強度：High",1.2448959350585938,200
小華（男性，22歲，大學生，個性幽默開朗，喜歡打電動與社交）,喜悅,和朋友聚會笑到肚子痛，太開心了。,喜悅,High,"情緒：喜悅
強度：High",0.8331022262573242,200
小華（男性，22歲，大學生，個性幽默開朗，喜歡打電動與社交）,喜悅,宿舍新買了大螢幕，氣氛超棒。,喜悅,Medium,"情緒：喜悅
強度：Medium",0.9232072830200195,200
小華（男性，22歲，大學生，個性幽默開朗，喜歡打電動與社交）,喜悅,拿到獎學金，感覺夢想成真。,喜悅,Medium,"情緒：喜悅
強度：Medium",1.3606913089752197,200
小華（男性，22歲，大學生，個性幽默開朗，喜歡打電動與社交）,喜悅,和心儀的人聊天，整天都好開心。,喜悅,Low,"情緒：喜悅
強度：Low",3.082249879837036,200
小華（男性，22歲，大學生，個性幽默開朗，喜歡打電動與社交）,喜悅,期中考考得不錯，鬆了一口氣。,喜悅,Low,"情緒：喜悅
強度：Low",0.8223271369934082,200
小華（男性，22歲，大學生，個性幽默開朗，喜歡打電動與社交）,喜悅,新買的遊戲機終於到了，好期待。,期待,Medium,"情緒：期待
強度：Medium",1.079237937927246,200
小華（男性，22歲，大學生，個性幽默開朗，喜歡打電動與社交）,喜悅,今天朋友送我生日禮物，超感動。,喜悅,Medium,"情緒：喜悅
強度：Medium",0.6876013278961182,200
小華（男性，22歲，大學生，個性幽默開朗，喜歡打電動與社交）,喜悅,在校園裡遇到老朋友，聊得很愉快。,喜悅,Low,"情緒：喜悅
強度：Low",1.268507957458496,200
小華（男性，22歲，大學生，個性幽默開朗，喜歡打電動與社交）,喜悅,網路順暢，玩遊戲完全不卡，開心。,喜悅,Low,"情緒：喜悅
強度：Low",1.2740399837493896,200
小華（男性，22歲，大學生，個性幽默開朗，喜歡打電動與社交）,期待,聽說週五有系烤，我已經準備好空肚子了！,期待,Medium,"情緒：期待
強度：Medium",0.8195290565490723,200
小華（男性，22歲，大學生，個性幽默開朗，喜歡打電動與社交）,期待,月底電玩展要到了，我超期待那款新遊戲的試玩。,期待,Medium,"情緒：期待
強度：Medium",0.7987968921661377,200
小華（男性，22歲，大學生，個性幽默開朗，喜歡打電動與社交）,期待,今天下午沒課，我已經想好要躺到天荒地老。,期待,Medium,"情緒：期待
強度：Medium",1.6804101467132568,200
小華（男性，22歲，大學生，個性幽默開朗，喜歡打電動與社交）,期待,跟喜歡的那個人同組報告，欸嘿嘿有點期待欸。,ERROR,ERROR,ERROR,6.026422023773193,200
小華（男性，22歲，大學生，個性幽默開朗，喜歡打電動與社交）,期待,這次羽球比賽我有報名，期待至少贏一場啦。,期待,Low,"情緒：期待
強度：Low",1.7847988605499268,200
小華（男性，22歲，大學生，個性幽默開朗，喜歡打電動與社交）,期待,朋友說要帶我去吃一家超好吃的拉麵店，我等不及了。,期待,Medium,"情緒：期待
強度：Medium",0.7178130149841309,200
小華（男性，22歲，大學生，個性幽默開朗，喜歡打電動與社交）,期待,晚上開黑五排，今天非吃雞不可！,期待,Medium,"情緒：期待
強度：Medium",0.9068386554718018,200
小華（男性，22歲，大學生，個性幽默開朗，喜歡打電動與社交）,期待,明天電腦課要教動畫特效，希望別讓我睡著。,期待,Low,"情緒：期待
強度：Low",1.8572540283203125,200
小華（男性，22歲，大學生，個性幽默開朗，喜歡打電動與社交）,期待,下禮拜期中考結束，我已經安排好三天不出門行程。,期待,Low,"情緒：期待
強度：Low",0.8243820667266846,200
小華（男性，22歲，大學生，個性幽默開朗，喜歡打電動與社交）,期待,他說要請我吃燒肉慶生，我已經夢到烤牛舌了。,期待,Low,"情緒：期待
強度：Low",1.0936439037322998,200
小華（男性，22歲，大學生，個性幽默開朗，喜歡打電動與社交）,恐懼,我剛剛按到老師的FB好友邀請，我怕他會記我臉。,恐懼,Medium,"情緒：恐懼
強度：Medium",0.8074240684509277,200
小華（男性，22歲，大學生，個性幽默開朗，喜歡打電動與社交）,恐懼,那個報告我們還沒開始寫，我現在真的開始怕了。,恐懼,Medium,"情緒：恐懼
強度：Medium",1.1414401531219482,200
小華（男性，22歲，大學生，個性幽默開朗，喜歡打電動與社交）,恐懼,手機突然當掉，我怕遊戲沒存進度又要重來。,恐懼,Medium,"情緒：恐懼
強度：Medium",2.171984910964966,200
小華（男性，22歲，大學生，個性幽默開朗，喜歡打電動與社交）,恐懼,剛剛發現交作業的按鈕我好像沒按到，我怕爆。,恐懼,Medium,"情緒：恐懼
強度：Medium",1.1117591857910156,200
小華（男性，22歲，大學生，個性幽默開朗，喜歡打電動與社交）,恐懼,明天要上台報告，我講話還會結巴，超怕出糗。,恐懼,Medium,"情緒：恐懼
強度：Medium",1.2761378288269043,200
小華（男性，22歲，大學生，個性幽默開朗，喜歡打電動與社交）,恐懼,我怕等一下分組又被分到都不做事的那群。,恐懼,Medium,"情緒：恐懼
強度：Medium",0.9496238231658936,200
小華（男性，22歲，大學生，個性幽默開朗，喜歡打電動與社交）,恐懼,老師說要點名，我現在連人都還沒出門。,驚奇,Medium,"情緒：驚奇
強度：Medium",0.9664649963378906,200
小華（男性，22歲，大學生，個性幽默開朗，喜歡打電動與社交）,恐懼,今天早上出門前忘了帶學生證，進宿舍怕被擋。,恐懼,Low,"情緒：恐懼
強度：Low",1.936136245727539,200
小華（男性，22歲，大學生，個性幽默開朗，喜歡打電動與社交）,恐懼,我帳戶只剩兩百，月底之前我真的會怕自己餓死。,恐懼,Medium,"情緒：恐懼
強度：Medium",0.8176140785217285,200
小華（男性，22歲，大學生，個性幽默開朗，喜歡打電動與社交）,恐懼,被她已讀不回三小時了，是不是我又講錯話了？,恐懼,Medium,"情緒：恐懼
強度：Medium",0.9596779346466064,200
小華（男性，22歲，大學生，個性幽默開朗，喜歡打電動與社交）,厭惡,那些垃圾食堂的飯，真讓人噁心。,厭惡,High,"情緒：厭惡
強度：High",0.7372150421142578,200
小華（男性，22歲，大學生，個性幽默開朗，喜歡打電動與社交）,厭惡,宿舍的衛生環境亂七八糟，受不了。,厭惡,High,"情緒：厭惡
強度：High",0.7550771236419678,200
小華（男性，22歲，大學生，個性幽默開朗，喜歡打電動與社交）,厭惡,有些同學講話超吵，煩死人了。,厭惡,High,"情緒：厭惡
強度：High",0.8185217380523682,200
小華（男性，22歲，大學生，個性幽默開朗，喜歡打電動與社交）,厭惡,電腦卡頓讓我抓狂。,憤怒,High,"情緒：憤怒
強度：High",0.8622128963470459,200
小華（男性，22歲，大學生，個性幽默開朗，喜歡打電動與社交）,厭惡,不喜歡那種假假的社交場合。,厭惡,Medium,"情緒：厭惡
強度：Medium",1.1284699440002441,200
小華（男性，22歲，大學生，個性幽默開朗，喜歡打電動與社交）,厭惡,同學作弊讓人反感。,厭惡,Medium,"情緒：厭惡
強度：Medium",0.8294310569763184,200
小華（男性，22歲，大學生，個性幽默開朗，喜歡打電動與社交）,厭惡,洗澡間又髒又臭，完全不想用。,厭惡,Medium,"情緒：厭惡
強度：Medium",0.7748441696166992,200
小華（男性，22歲，大學生，個性幽默開朗，喜歡打電動與社交）,厭惡,那個遊戲更新後變爛了，討厭。,厭惡,Medium,"情緒：厭惡
強度：Medium",1.931361198425293,200
小華（男性，22歲，大學生，個性幽默開朗，喜歡打電動與社交）,厭惡,被隊友拖累輸掉比賽，氣死我了。,憤怒,High,"情緒：憤怒
強度：High",0.6509230136871338,200
小華（男性，22歲，大學生，個性幽默開朗，喜歡打電動與社交）,厭惡,網路斷線真的是太煩人了。,厭惡,Medium,"情緒：厭惡
強度：Medium",0.7275090217590332,200
阿玲（女性，38歲，銀行職員，細心謹慎，性格穩重，有些嚴肅但善解人意）,悲傷,今天工作出了錯，心情很沮喪。,悲傷,Medium,"情緒：悲傷
強度：Medium",1.9147930145263672,200
阿玲（女性，38歲，銀行職員，細心謹慎，性格穩重，有些嚴肅但善解人意）,悲傷,覺得努力了這麼久，卻沒有被看見。,悲傷,Medium,"情緒：悲傷
強度：Medium",2.2095627784729004,200
阿玲（女性，38歲，銀行職員，細心謹慎，性格穩重，有些嚴肅但善解人意）,悲傷,同事離職讓辦公室變得冷清。,悲傷,Low,"情緒：悲傷
強度：Low",0.9623391628265381,200
阿玲（女性，38歲，銀行職員，細心謹慎，性格穩重，有些嚴肅但善解人意）,悲傷,家裡孩子不舒服，讓我擔心不已。,恐懼,Medium,"情緒：恐懼
強度：Medium",0.7018470764160156,200
阿玲（女性，38歲，銀行職員，細心謹慎，性格穩重，有些嚴肅但善解人意）,悲傷,過去的錯誤一直揮之不去，心裡難過。,悲傷,Medium,"情緒：悲傷
強度：Medium",0.7117559909820557,200
阿玲（女性，38歲，銀行職員，細心謹慎，性格穩重，有些嚴肅但善解人意）,悲傷,看到客戶因財務問題難過，我也感同身受。,悲傷,Low,"情緒：悲傷
強度：Low",1.07273530960083,200
阿玲（女性，38歲，銀行職員，細心謹慎，性格穩重，有些嚴肅但善解人意）,悲傷,工作壓力大到讓我心情沉重。,悲傷,Medium,"情緒：悲傷
強度：Medium",0.8969168663024902,200
阿玲（女性，38歲，銀行職員，細心謹慎，性格穩重，有些嚴肅但善解人意）,悲傷,家庭和工作間的平衡很難維持，覺得疲憊。,悲傷,Low,"情緒：悲傷
強度：Low",0.7847929000854492,200
阿玲（女性，38歲，銀行職員，細心謹慎，性格穩重，有些嚴肅但善解人意）,悲傷,今天聽到朋友的不幸消息，心裡很難受。,悲傷,Medium,"情緒：悲傷
強度：Medium",0.6446456909179688,200
阿玲（女性，38歲，銀行職員，細心謹慎，性格穩重，有些嚴肅但善解人意）,悲傷,想念過去快樂的日子，感到孤單。,悲傷,Medium,"情緒：悲傷
強度：Medium",0.8295753002166748,200
阿玲（女性，38歲，銀行職員，細心謹慎，性格穩重，有些嚴肅但善解人意）,憤怒,客戶資料錯誤居然沒人提醒，真讓人生氣。,憤怒,High,"情緒：憤怒
強度：High",1.0418097972869873,200
阿玲（女性，38歲，銀行職員，細心謹慎，性格穩重，有些嚴肅但善解人意）,憤怒,同事推卸責任，讓我感覺很不公平。,憤怒,Medium,"情緒：憤怒
強度：Medium",0.9404819011688232,200
阿玲（女性，38歲，銀行職員，細心謹慎，性格穩重，有些嚴肅但善解人意）,憤怒,系統當機，工作被耽誤，氣炸了。,憤怒,High,"情緒：憤怒
強度：High",0.8407013416290283,200
阿玲（女性，38歲，銀行職員，細心謹慎，性格穩重，有些嚴肅但善解人意）,憤怒,有人不遵守規章制度，讓團隊很困擾。,厭惡,Medium,"情緒：厭惡
強度：Medium",0.8929047584533691,200
阿玲（女性，38歲，銀行職員，細心謹慎，性格穩重，有些嚴肅但善解人意）,憤怒,老闆無理要求，讓我壓力倍增。,壓力,Medium,"情緒：壓力
強度：Medium",1.0895140171051025,200
阿玲（女性，38歲，銀行職員，細心謹慎，性格穩重，有些嚴肅但善解人意）,憤怒,明明說好的會議時間，竟然有人遲到。,憤怒,Medium,"情緒：憤怒
強度：Medium",0.9428131580352783,200
阿玲（女性，38歲，銀行職員，細心謹慎，性格穩重，有些嚴肅但善解人意）,憤怒,文件審核出了問題，害我得重做。,憤怒,Medium,"情緒：憤怒
強度：Medium",0.8374788761138916,200
阿玲（女性，38歲，銀行職員，細心謹慎，性格穩重，有些嚴肅但善解人意）,憤怒,有些客戶態度不好，讓我很反感。,厭惡,Medium,"情緒：厭惡
強度：Medium",0.843177318572998,200
阿玲（女性，38歲，銀行職員，細心謹慎，性格穩重，有些嚴肅但善解人意）,憤怒,連續加班讓我忍不住生氣。,憤怒,Medium,"情緒：憤怒
強度：Medium",0.689091682434082,200
阿玲（女性，38歲，銀行職員，細心謹慎，性格穩重，有些嚴肅但善解人意）,憤怒,電腦速度慢到讓我抓狂。,憤怒,High,"情緒：憤怒
強度：High",2.009674072265625,200
阿玲（女性，38歲，銀行職員，細心謹慎，性格穩重，有些嚴肅但善解人意）,驚奇,沒想到今天的會議這麼順利。,驚奇,Low,"情緒：驚奇
強度：Low",1.00822114944458,200
阿玲（女性，38歲，銀行職員，細心謹慎，性格穩重，有些嚴肅但善解人意）,驚奇,系統更新後功能居然變多了，挺驚喜。,驚奇,Medium,"情緒：驚奇
強度：Medium",0.8775317668914795,200
阿玲（女性，38歲，銀行職員，細心謹慎，性格穩重，有些嚴肅但善解人意）,驚奇,客戶意外答應了我們的方案，讓我很意外。,驚奇,Low,"情緒：驚奇
強度：Low",0.8380427360534668,200
阿玲（女性，38歲，銀行職員，細心謹慎，性格穩重，有些嚴肅但善解人意）,驚奇,同事居然主動幫忙，讓我感到驚訝。,驚奇,Medium,"情緒：驚奇
強度：Medium",1.1517159938812256,200
阿玲（女性，38歲，銀行職員，細心謹慎，性格穩重，有些嚴肅但善解人意）,驚奇,突然收到加薪通知，真沒想到。,驚奇,Low,"情緒：驚奇
強度：Low",0.8264539241790771,200
阿玲（女性，38歲，銀行職員，細心謹慎，性格穩重，有些嚴肅但善解人意）,驚奇,新的工作流程比以前有效率很多。,喜悅,Low,"情緒：喜悅
強度：Low",1.1510636806488037,200
阿玲（女性，38歲，銀行職員，細心謹慎，性格穩重，有些嚴肅但善解人意）,驚奇,今天遇到很有趣的客戶，讓我印象深刻。,喜悅,Medium,"情緒：喜悅
強度：Medium",0.842479944229126,200
阿玲（女性，38歲，銀行職員，細心謹慎，性格穩重，有些嚴肅但善解人意）,驚奇,公司組織的活動比想像中還好玩。,喜悅,Low,"情緒：喜悅
強度：Low",1.24916410446167,200
阿玲（女性，38歲，銀行職員，細心謹慎，性格穩重，有些嚴肅但善解人意）,驚奇,看到年輕同事快速成長，感覺很驚奇。,驚奇,Low,"情緒：驚奇
強度：Low",0.6233961582183838,200
阿玲（女性，38歲，銀行職員，細心謹慎，性格穩重，有些嚴肅但善解人意）,驚奇,電腦居然自己修好了，太神奇了。,驚奇,Medium,"情緒：驚奇
強度：Medium",1.87089204788208,200
阿玲（女性，38歲，銀行職員，細心謹慎，性格穩重，有些嚴肅但善解人意）,信任,只要你把資料準備齊全，我相信流程會順利完成。,信任,Low,"情緒：信任
強度：Low",1.01389479637146,200
阿玲（女性，38歲，銀行職員，細心謹慎，性格穩重，有些嚴肅但善解人意）,信任,這份文件我已經交給小周處理了，他做事很讓人放心。,信任,Low,"情緒：信任
強度：Low",0.866530179977417,200
阿玲（女性，38歲，銀行職員，細心謹慎，性格穩重，有些嚴肅但善解人意）,信任,我相信你不是故意延遲回覆，一定是有狀況。,信任,Low,"情緒：信任
強度：Low",1.0426599979400635,200
阿玲（女性，38歲，銀行職員，細心謹慎，性格穩重，有些嚴肅但善解人意）,信任,這筆帳我有再三核對，你可以放心簽名。,信任,Low,"情緒：信任
強度：Low",0.8481981754302979,200
阿玲（女性，38歲，銀行職員，細心謹慎，性格穩重，有些嚴肅但善解人意）,信任,她是我們部門最穩的新人，我相信她做得來。,信任,Low,"情緒：信任
強度：Low",0.7844340801239014,200
阿玲（女性，38歲，銀行職員，細心謹慎，性格穩重，有些嚴肅但善解人意）,信任,雖然數字有誤差，但我信你會找出原因。,信任,Low,"情緒：信任
強度：Low",1.7283599376678467,200
阿玲（女性，38歲，銀行職員，細心謹慎，性格穩重，有些嚴肅但善解人意）,信任,他之前的表現很好，我相信這次只是小失誤。,信任,Low,"情緒：信任
強度：Low",0.7406861782073975,200
阿玲（女性，38歲，銀行職員，細心謹慎，性格穩重，有些嚴肅但善解人意）,信任,我知道你工作壓力很大，但我相信你會自己調整好。,信任,Low,"情緒：信任
強度：Low",0.6717760562896729,200
阿玲（女性，38歲，銀行職員，細心謹慎，性格穩重，有些嚴肅但善解人意）,信任,這種狀況不是第一次了，我信你有處理的經驗。,信任,Low,"情緒：信任
強度：Low",0.997992992401123,200
阿玲（女性，38歲，銀行職員，細心謹慎，性格穩重，有些嚴肅但善解人意）,信任,只要照程序走，結果我相信一定是公平的。,信任,Low,"情緒：信任
強度：Low",0.6209349632263184,200
阿玲（女性，38歲，銀行職員，細心謹慎，性格穩重，有些嚴肅但善解人意）,喜悅,今天完成了重要的專案，感覺很有成就感。,喜悅,Medium,"情緒：喜悅
強度：Medium",0.8289010524749756,200
阿玲（女性，38歲，銀行職員，細心謹慎，性格穩重，有些嚴肅但善解人意）,喜悅,客戶對我們的服務很滿意，心情很好。,喜悅,Low,"情緒：喜悅
強度：Low",0.847275972366333,200
阿玲（女性，38歲，銀行職員，細心謹慎，性格穩重，有些嚴肅但善解人意）,喜悅,同事之間合作順利，氣氛很愉快。,喜悅,Low,"情緒：喜悅
強度：Low",0.7320070266723633,200
阿玲（女性，38歲，銀行職員，細心謹慎，性格穩重，有些嚴肅但善解人意）,喜悅,收到同事的感謝信，覺得被肯定了。,喜悅,Low,"情緒：喜悅
強度：Low",1.0462157726287842,200
阿玲（女性，38歲，銀行職員，細心謹慎，性格穩重，有些嚴肅但善解人意）,喜悅,週末計劃好了，期待放鬆一下。,期待,Low,"情緒：期待
強度：Low",0.9312267303466797,200
阿玲（女性，38歲，銀行職員，細心謹慎，性格穩重，有些嚴肅但善解人意）,喜悅,主管表揚了我的表現，好開心。,喜悅,Medium,"情緒：喜悅
強度：Medium",0.7751150131225586,200
阿玲（女性，38歲，銀行職員，細心謹慎，性格穩重，有些嚴肅但善解人意）,喜悅,午餐時大家一起聊天，很開心。,喜悅,Low,"情緒：喜悅
強度：Low",1.1071949005126953,200
阿玲（女性，38歲，銀行職員，細心謹慎，性格穩重，有些嚴肅但善解人意）,喜悅,今天的工作進展順利，心情很輕鬆。,喜悅,Medium,"情緒：喜悅
強度：Medium",0.8176670074462891,200
阿玲（女性，38歲，銀行職員，細心謹慎，性格穩重，有些嚴肅但善解人意）,喜悅,見到了許久未見的朋友，感覺很開心。,喜悅,Low,"情緒：喜悅
強度：Low",1.0821080207824707,200
阿玲（女性，38歲，銀行職員，細心謹慎，性格穩重，有些嚴肅但善解人意）,喜悅,新的辦公設備很方便，讓人滿意。,喜悅,Low,"情緒：喜悅
強度：Low",0.8228609561920166,200
阿玲（女性，38歲，銀行職員，細心謹慎，性格穩重，有些嚴肅但善解人意）,期待,這次專案結束後，希望大家都能好好休息一下。,期待,Low,"情緒：期待
強度：Low",0.9367079734802246,200
阿玲（女性，38歲，銀行職員，細心謹慎，性格穩重，有些嚴肅但善解人意）,期待,下週的內部簡報，我還蠻期待你們的成果呈現。,期待,Low,"情緒：期待
強度：Low",1.0282981395721436,200
阿玲（女性，38歲，銀行職員，細心謹慎，性格穩重，有些嚴肅但善解人意）,期待,我約了久違的朋友吃飯，期待能聊聊近況。,期待,Low,"情緒：期待
強度：Low",0.8696238994598389,200
阿玲（女性，38歲，銀行職員，細心謹慎，性格穩重，有些嚴肅但善解人意）,期待,月底績效審核，希望這次能反映出大家的努力。,期待,Low,"情緒：期待
強度：Low",0.8310649394989014,200
阿玲（女性，38歲，銀行職員，細心謹慎，性格穩重，有些嚴肅但善解人意）,期待,這次系統升級，期待操作能更流暢一些。,期待,Low,"情緒：期待
強度：Low",0.7563598155975342,200
阿玲（女性，38歲，銀行職員，細心謹慎，性格穩重，有些嚴肅但善解人意）,期待,過幾天要帶爸媽去健康檢查，希望一切正常。,期待,Low,"情緒：期待
強度：Low",1.4270298480987549,200
阿玲（女性，38歲，銀行職員，細心謹慎，性格穩重，有些嚴肅但善解人意）,期待,新的主管下週上任，大家都蠻期待他的管理方式。,期待,Low,"情緒：期待
強度：Low",1.0199661254882812,200
阿玲（女性，38歲，銀行職員，細心謹慎，性格穩重，有些嚴肅但善解人意）,期待,她說這次會準時交報告，我願意再給一次期待。,期待,Low,"情緒：期待
強度：Low",0.7349200248718262,200
阿玲（女性，38歲，銀行職員，細心謹慎，性格穩重，有些嚴肅但善解人意）,期待,這次整理的流程指引，希望能真正幫到新人。,信任,Low,"情緒：信任
強度：Low",0.6906652450561523,200
阿玲（女性，38歲，銀行職員，細心謹慎，性格穩重，有些嚴肅但善解人意）,期待,每年都會發年終，雖然不多，但還是期待一下。,期待,Low,"情緒：期待
強度：Low",0.7026581764221191,200
阿玲（女性，38歲，銀行職員，細心謹慎，性格穩重，有些嚴肅但善解人意）,恐懼,這筆款項的異動記錄不完整，我有點擔心會出問題。,恐懼,Low,"情緒：恐懼
強度：Low",1.7369940280914307,200
阿玲（女性，38歲，銀行職員，細心謹慎，性格穩重，有些嚴肅但善解人意）,恐懼,最近詐騙手法很多，我很怕有客戶受騙。,恐懼,Medium,"情緒：恐懼
強度：Medium",0.7183990478515625,200
阿玲（女性，38歲，銀行職員，細心謹慎，性格穩重，有些嚴肅但善解人意）,恐懼,我最擔心的是同仁沒看清楚細節就簽了字。,恐懼,Low,"情緒：恐懼
強度：Low",2.0055699348449707,200
阿玲（女性，38歲，銀行職員，細心謹慎，性格穩重，有些嚴肅但善解人意）,恐懼,客戶的資金流向異常，我怕背後有風險。,恐懼,Low,"情緒：恐懼
強度：Low",1.0620009899139404,200
阿玲（女性，38歲，銀行職員，細心謹慎，性格穩重，有些嚴肅但善解人意）,恐懼,系統如果再當機，今天所有交易都可能延遲。,恐懼,Medium,"情緒：恐懼
強度：Medium",0.8319149017333984,200
阿玲（女性，38歲，銀行職員，細心謹慎，性格穩重，有些嚴肅但善解人意）,恐懼,這麼急的交期，我怕品質會有疏漏。,恐懼,Medium,"情緒：恐懼
強度：Medium",0.8380417823791504,200
阿玲（女性，38歲，銀行職員，細心謹慎，性格穩重，有些嚴肅但善解人意）,恐懼,剛剛報表資料跳出警示，我有點擔心是不是設定錯誤。,恐懼,Low,"情緒：恐懼
強度：Low",0.8488879203796387,200
阿玲（女性，38歲，銀行職員，細心謹慎，性格穩重，有些嚴肅但善解人意）,恐懼,她看起來最近情緒不太穩定，我擔心她撐得太久。,恐懼,Low,"情緒：恐懼
強度：Low",0.8514232635498047,200
阿玲（女性，38歲，銀行職員，細心謹慎，性格穩重，有些嚴肅但善解人意）,恐懼,如果政策突然改變，客戶可能會來投訴我們處理不當。,恐懼,Low,"情緒：恐懼
強度：Low",1.4205551147460938,200
阿玲（女性，38歲，銀行職員，細心謹慎，性格穩重，有些嚴肅但善解人意）,恐懼,我有點怕你把這件事想得太簡單，後面會很難收拾。,恐懼,Low,"情緒：恐懼
強度：Low",0.7220101356506348,200
阿玲（女性，38歲，銀行職員，細心謹慎，性格穩重，有些嚴肅但善解人意）,厭惡,文件亂七八糟，讓人看了很不舒服。,厭惡,Medium,"情緒：厭惡
強度：Medium",1.0979619026184082,200
阿玲（女性，38歲，銀行職員，細心謹慎，性格穩重，有些嚴肅但善解人意）,厭惡,有些同事態度消極，讓人厭煩。,厭惡,Medium,"情緒：厭惡
強度：Medium",0.8064839839935303,200
阿玲（女性，38歲，銀行職員，細心謹慎，性格穩重，有些嚴肅但善解人意）,厭惡,系統老是出問題，真讓人抓狂。,憤怒,High,"情緒：憤怒
強度：High",0.6429979801177979,200
阿玲（女性，38歲，銀行職員，細心謹慎，性格穩重，有些嚴肅但善解人意）,厭惡,客戶無理的要求，讓我很反感。,厭惡,Medium,"情緒：厭惡
強度：Medium",0.8285770416259766,200
阿玲（女性，38歲，銀行職員，細心謹慎，性格穩重，有些嚴肅但善解人意）,厭惡,工作環境太吵，沒辦法專心。,厭惡,Medium,"情緒：厭惡
強度：Medium",1.1455879211425781,200
阿玲（女性，38歲，銀行職員，細心謹慎，性格穩重，有些嚴肅但善解人意）,厭惡,這種重複的工作真是無聊又討厭。,厭惡,Medium,"情緒：厭惡
強度：Medium",1.0441720485687256,200
阿玲（女性，38歲，銀行職員，細心謹慎，性格穩重，有些嚴肅但善解人意）,厭惡,有人遲到不說，還態度不好，令人厭惡。,厭惡,Medium,"情緒：厭惡
強度：Medium",1.7649319171905518,200
阿玲（女性，38歲，銀行職員，細心謹慎，性格穩重，有些嚴肅但善解人意）,厭惡,辦公室裡的爭吵讓氣氛很糟糕。,厭惡,Medium,"情緒：厭惡
強度：Medium",0.6755051612854004,200
阿玲（女性，38歲，銀行職員，細心謹慎，性格穩重，有些嚴肅但善解人意）,厭惡,某些不負責任的行為讓人火大。,憤怒,Medium,"情緒：憤怒
強度：Medium",0.794776201248169,200
阿玲（女性，38歲，銀行職員，細心謹慎，性格穩重，有些嚴肅但善解人意）,厭惡,系統更新後的錯誤一直沒解決，超煩。,憤怒,Medium,"情緒：憤怒
強度：Medium",0.836554765701294,200
阿杰（男性，45歲，卡車司機，性格直爽，愛好釣魚與戶外，說話語氣粗獷但心地善良）,悲傷,今天路上堵車，耽誤了交貨時間，心裡真難過。,悲傷,Medium,"情緒：悲傷
強度：Medium",0.6367249488830566,200
阿杰（男性，45歲，卡車司機，性格直爽，愛好釣魚與戶外，說話語氣粗獷但心地善良）,悲傷,想念老爸，已經好多年沒回家了。,悲傷,Low,"情緒：悲傷
強度：Low",0.8489341735839844,200
阿杰（男性，45歲，卡車司機，性格直爽，愛好釣魚與戶外，說話語氣粗獷但心地善良）,悲傷,跟老婆吵架了，整晚沒睡好。,悲傷,Medium,"情緒：悲傷
強度：Medium",0.9824488162994385,200
阿杰（男性，45歲，卡車司機，性格直爽，愛好釣魚與戶外，說話語氣粗獷但心地善良）,悲傷,釣魚失手，一整天都沒收穫，心情很低落。,悲傷,Medium,"情緒：悲傷
強度：Medium",0.6806797981262207,200
阿杰（男性，45歲，卡車司機，性格直爽，愛好釣魚與戶外，說話語氣粗獷但心地善良）,悲傷,工作壓力大，覺得有點撐不下去。,悲傷,Medium,"情緒：悲傷
強度：Medium",0.7363388538360596,200
阿杰（男性，45歲，卡車司機，性格直爽，愛好釣魚與戶外，說話語氣粗獷但心地善良）,悲傷,小孩生病了，讓我很擔心。,恐懼,Medium,"情緒：恐懼
強度：Medium",0.815946102142334,200
阿杰（男性，45歲，卡車司機，性格直爽，愛好釣魚與戶外，說話語氣粗獷但心地善良）,悲傷,老朋友搬走了，感覺孤單。,悲傷,Low,"情緒：悲傷
強度：Low",0.6981348991394043,200
阿杰（男性，45歲，卡車司機，性格直爽，愛好釣魚與戶外，說話語氣粗獷但心地善良）,悲傷,車子壞在半路，沒人幫忙，心裡難受。,悲傷,Low,"情緒：悲傷
強度：Low",1.3195788860321045,200
阿杰（男性，45歲，卡車司機，性格直爽，愛好釣魚與戶外，說話語氣粗獷但心地善良）,悲傷,想起過去的好時光，忍不住感傷。,悲傷,Medium,"情緒：悲傷
強度：Medium",1.078768253326416,200
阿杰（男性，45歲，卡車司機，性格直爽，愛好釣魚與戶外，說話語氣粗獷但心地善良）,悲傷,家裡的狗狗不見了，心裡很空。,悲傷,Medium,"情緒：悲傷
強度：Medium",1.5050649642944336,200
阿杰（男性，45歲，卡車司機，性格直爽，愛好釣魚與戶外，說話語氣粗獷但心地善良）,憤怒,這路怎麼這麼爛，車子都快壞了！,憤怒,High,"情緒：憤怒
強度：High",0.7386419773101807,200
阿杰（男性，45歲，卡車司機，性格直爽，愛好釣魚與戶外，說話語氣粗獷但心地善良）,憤怒,客戶遲遲不付款，氣得我牙癢癢。,憤怒,High,"情緒：憤怒
強度：High",0.8369889259338379,200
阿杰（男性，45歲，卡車司機，性格直爽，愛好釣魚與戶外，說話語氣粗獷但心地善良）,憤怒,路上有人亂插隊，真是太沒禮貌了。,憤怒,Medium,"情緒：憤怒
強度：Medium",0.9434709548950195,200
阿杰（男性，45歲，卡車司機，性格直爽，愛好釣魚與戶外，說話語氣粗獷但心地善良）,憤怒,加油站人員態度差，讓我超級火大。,憤怒,High,"情緒：憤怒
強度：High",0.8346059322357178,200
阿杰（男性，45歲，卡車司機，性格直爽，愛好釣魚與戶外，說話語氣粗獷但心地善良）,憤怒,司機都亂按喇叭，吵死人了。,憤怒,Medium,"情緒：憤怒
強度：Medium",0.8197638988494873,200
阿杰（男性，45歲，卡車司機，性格直爽，愛好釣魚與戶外，說話語氣粗獷但心地善良）,憤怒,工地亂七八糟，連我都不想下車。,厭惡,Medium,"情緒：厭惡
強度：Medium",2.1680259704589844,200
阿杰（男性，45歲，卡車司機，性格直爽，愛好釣魚與戶外，說話語氣粗獷但心地善良）,憤怒,老闆交代的事做不完，壓力大得受不了。,恐懼,High,"情緒：恐懼
強度：High",1.084190845489502,200
阿杰（男性，45歲，卡車司機，性格直爽，愛好釣魚與戶外，說話語氣粗獷但心地善良）,憤怒,路標不清楚，害我迷路，氣炸了。,憤怒,High,"情緒：憤怒
強度：High",0.9316537380218506,200
阿杰（男性，45歲，卡車司機，性格直爽，愛好釣魚與戶外，說話語氣粗獷但心地善良）,憤怒,有些同行只會搶生意，讓人看不慣。,厭惡,Medium,"情緒：厭惡
強度：Medium",2.2913689613342285,200
阿杰（男性，45歲，卡車司機，性格直爽，愛好釣魚與戶外，說話語氣粗獷但心地善良）,憤怒,停車位搶不到，真是煩死了。,憤怒,High,"情緒：憤怒
強度：High",1.6181490421295166,200
阿杰（男性，45歲，卡車司機，性格直爽，愛好釣魚與戶外，說話語氣粗獷但心地善良）,驚奇,沒想到這條路這麼快就通了，真神奇。,驚奇,Medium,"情緒：驚奇
強度：Medium",1.367826223373413,200
阿杰（男性，45歲，卡車司機，性格直爽，愛好釣魚與戶外，說話語氣粗獷但心地善良）,驚奇,今天遇到一隻大魚，嚇我一跳。,驚奇,Medium,"情緒：驚奇
強度：Medium",0.9461398124694824,200
阿杰（男性，45歲，卡車司機，性格直爽，愛好釣魚與戶外，說話語氣粗獷但心地善良）,驚奇,客戶竟然給了我額外小費，太驚喜了。,驚奇,Medium,"情緒：驚奇
強度：Medium",0.72725510597229,200
阿杰（男性，45歲，卡車司機，性格直爽，愛好釣魚與戶外，說話語氣粗獷但心地善良）,驚奇,車子居然自己修好了，真是幸運。,驚奇,Low,"情緒：驚奇
強度：Low",0.8254117965698242,200
阿杰（男性，45歲，卡車司機，性格直爽，愛好釣魚與戶外，說話語氣粗獷但心地善良）,驚奇,釣魚技術提升了，真不敢相信。,驚奇,Medium,"情緒：驚奇
強度：Medium",0.9012632369995117,200
阿杰（男性，45歲，卡車司機，性格直爽，愛好釣魚與戶外，說話語氣粗獷但心地善良）,驚奇,老朋友突然打電話來，讓我很驚訝。,驚奇,Low,"情緒：驚奇
強度：Low",0.7344131469726562,200
阿杰（男性，45歲，卡車司機，性格直爽，愛好釣魚與戶外，說話語氣粗獷但心地善良）,驚奇,今天天氣轉好，心情也跟著亮了起來。,喜悅,Low,"情緒：喜悅
強度：Low",1.3502721786499023,200
阿杰（男性，45歲，卡車司機，性格直爽，愛好釣魚與戶外，說話語氣粗獷但心地善良）,驚奇,看到小孩考上好學校，太意外了。,驚奇,Medium,"情緒：驚奇
強度：Medium",1.358931064605713,200
阿杰（男性，45歲，卡車司機，性格直爽，愛好釣魚與戶外，說話語氣粗獷但心地善良）,驚奇,路邊的小攤美食竟然這麼好吃，太驚艷。,驚奇,Medium,"情緒：驚奇
強度：Medium",0.9288082122802734,200
阿杰（男性，45歲，卡車司機，性格直爽，愛好釣魚與戶外，說話語氣粗獷但心地善良）,驚奇,意外發現新的釣魚地點，超級開心。,喜悅,High,"情緒：喜悅
強度：High",0.955406904220581,200
阿杰（男性，45歲，卡車司機，性格直爽，愛好釣魚與戶外，說話語氣粗獷但心地善良）,信任,這條路我跑過上百回了，閉著眼睛都能開過去，放心啦。,信任,Medium,"情緒：信任
強度：Medium",1.1061089038848877,200
阿杰（男性，45歲，卡車司機，性格直爽，愛好釣魚與戶外，說話語氣粗獷但心地善良）,信任,你說要幫我顧車，我信你，別讓我多擔心就好。,信任,Low,"情緒：信任
強度：Low",0.7247929573059082,200
阿杰（男性，45歲，卡車司機，性格直爽，愛好釣魚與戶外，說話語氣粗獷但心地善良）,信任,老張雖然嘴臭一點，人是靠得住的，我信他。,信任,Medium,"情緒：信任
強度：Medium",0.7321619987487793,200
阿杰（男性，45歲，卡車司機，性格直爽，愛好釣魚與戶外，說話語氣粗獷但心地善良）,信任,我跟釣友說好下週去東港，他說會帶餌，我信啦。,信任,Low,"情緒：信任
強度：Low",0.8953530788421631,200
阿杰（男性，45歲，卡車司機，性格直爽，愛好釣魚與戶外，說話語氣粗獷但心地善良）,信任,那修車師傅我認識二十年，他說沒問題就真沒問題。,信任,Low,"情緒：信任
強度：Low",1.2656471729278564,200
阿杰（男性，45歲，卡車司機，性格直爽，愛好釣魚與戶外，說話語氣粗獷但心地善良）,信任,你是我兄弟，交代你的事我就不會再問第二次。,信任,Medium,"情緒：信任
強度：Medium",1.7766196727752686,200
阿杰（男性，45歲，卡車司機，性格直爽，愛好釣魚與戶外，說話語氣粗獷但心地善良）,信任,這趟貨雖然遠，但我信我的老夥計——這台車撐得住。,信任,Low,"情緒：信任
強度：Low",1.026082992553711,200
阿杰（男性，45歲，卡車司機，性格直爽，愛好釣魚與戶外，說話語氣粗獷但心地善良）,信任,小玲雖然剛上車沒幾天，但做事細，我信她慢慢會上手。,信任,Low,"情緒：信任
強度：Low",0.7468783855438232,200
阿杰（男性，45歲，卡車司機，性格直爽，愛好釣魚與戶外，說話語氣粗獷但心地善良）,信任,我知道你不是那種說話不算話的人，我信你。,信任,Low,"情緒：信任
強度：Low",1.9052820205688477,200
阿杰（男性，45歲，卡車司機，性格直爽，愛好釣魚與戶外，說話語氣粗獷但心地善良）,信任,我老婆說這次會煮我最愛的菜，我信她沒忘記我生日。,信任,Low,"情緒：信任
強度：Low",0.7542409896850586,200
阿杰（男性，45歲，卡車司機，性格直爽，愛好釣魚與戶外，說話語氣粗獷但心地善良）,喜悅,今天路上風景真美，心情大好。,喜悅,Medium,"情緒：喜悅
強度：Medium",0.7484893798828125,200
阿杰（男性，45歲，卡車司機，性格直爽，愛好釣魚與戶外，說話語氣粗獷但心地善良）,喜悅,釣到一條大魚，爽翻了。,喜悅,High,"情緒：喜悅
強度：High",1.2110483646392822,200
阿杰（男性，45歲，卡車司機，性格直爽，愛好釣魚與戶外，說話語氣粗獷但心地善良）,喜悅,客戶對我服務滿意，覺得很有成就感。,喜悅,Medium,"情緒：喜悅
強度：Medium",0.6888868808746338,200
阿杰（男性，45歲，卡車司機，性格直爽，愛好釣魚與戶外，說話語氣粗獷但心地善良）,喜悅,和老朋友聚會，聊得很開心。,喜悅,Low,"情緒：喜悅
強度：Low",1.2579898834228516,200
阿杰（男性，45歲，卡車司機，性格直爽，愛好釣魚與戶外，說話語氣粗獷但心地善良）,喜悅,車子維修好了，感覺輕鬆多了。,喜悅,Low,"情緒：喜悅
強度：Low",0.6975040435791016,200
阿杰（男性，45歲，卡車司機，性格直爽，愛好釣魚與戶外，說話語氣粗獷但心地善良）,喜悅,休假日終於到了，可以好好放鬆。,喜悅,Low,"情緒：喜悅
強度：Low",0.697760820388794,200
阿杰（男性，45歲，卡車司機，性格直爽，愛好釣魚與戶外，說話語氣粗獷但心地善良）,喜悅,孩子考試成績進步了，太開心了。,喜悅,High,"情緒：喜悅
強度：High",0.6518270969390869,200
阿杰（男性，45歲，卡車司機，性格直爽，愛好釣魚與戶外，說話語氣粗獷但心地善良）,喜悅,工作順利完成，心情很好。,喜悅,Low,"情緒：喜悅
強度：Low",0.756890058517456,200
阿杰（男性，45歲，卡車司機，性格直爽，愛好釣魚與戶外，說話語氣粗獷但心地善良）,喜悅,週末去釣魚，玩得超開心。,喜悅,Medium,"情緒：喜悅
強度：Medium",1.6185202598571777,200
阿杰（男性，45歲，卡車司機，性格直爽，愛好釣魚與戶外，說話語氣粗獷但心地善良）,喜悅,天氣好，心情自然就好。,喜悅,Low,"情緒：喜悅
強度：Low",1.0464932918548584,200
阿杰（男性，45歲，卡車司機，性格直爽，愛好釣魚與戶外，說話語氣粗獷但心地善良）,期待,下個月有釣魚比賽，我已經磨好釣竿等著了！,期待,Medium,"情緒：期待
強度：Medium",0.7344470024108887,200
阿杰（男性，45歲，卡車司機，性格直爽，愛好釣魚與戶外，說話語氣粗獷但心地善良）,期待,明天拉完貨就放假，我要直接殺去溪邊紮營啦！,期待,High,"情緒：期待
強度：High",1.353158712387085,200
阿杰（男性，45歲，卡車司機，性格直爽，愛好釣魚與戶外，說話語氣粗獷但心地善良）,期待,聽說那家牛肉麵換新老闆，我有點想去試試味道。,期待,Low,"情緒：期待
強度：Low",1.0404071807861328,200
阿杰（男性，45歲，卡車司機，性格直爽，愛好釣魚與戶外，說話語氣粗獷但心地善良）,期待,這趟跑完就能見到小孫子，我想他想得緊。,期待,Medium,"情緒：期待
強度：Medium",1.6328790187835693,200
阿杰（男性，45歲，卡車司機，性格直爽，愛好釣魚與戶外，說話語氣粗獷但心地善良）,期待,下次團聚你說要帶烤肉架，我已經開始流口水了。,期待,Medium,"情緒：期待
強度：Medium",0.75895094871521,200
阿杰（男性，45歲，卡車司機，性格直爽，愛好釣魚與戶外，說話語氣粗獷但心地善良）,期待,老婆說週末要全家一起去郊外走走，我超期待。,期待,Medium,"情緒：期待
強度：Medium",1.1460049152374268,200
阿杰（男性，45歲，卡車司機，性格直爽，愛好釣魚與戶外，說話語氣粗獷但心地善良）,期待,這次休假我打算去阿里山看看雲海，說走就走！,期待,Medium,"情緒：期待
強度：Medium",0.7379169464111328,200
阿杰（男性，45歲，卡車司機，性格直爽，愛好釣魚與戶外，說話語氣粗獷但心地善良）,期待,我訂的釣具快到了，到時候帶你們一起去試水。,期待,Low,"情緒：期待
強度：Low",2.143423080444336,200
阿杰（男性，45歲，卡車司機，性格直爽，愛好釣魚與戶外，說話語氣粗獷但心地善良）,期待,聽說你新買的帳篷不錯，我等著看實戰表現。,期待,Low,"情緒：期待
強度：Low",0.9668300151824951,200
阿杰（男性，45歲，卡車司機，性格直爽，愛好釣魚與戶外，說話語氣粗獷但心地善良）,期待,這批貨如果準時交完，老闆應該會請我們吃一頓吧？,期待,Low,"情緒：期待
強度：Low",0.814784049987793,200
阿杰（男性，45歲，卡車司機，性格直爽，愛好釣魚與戶外，說話語氣粗獷但心地善良）,恐懼,剛剛下坡時煞車有點鬆，我有點怕是油壓問題。,恐懼,Low,"情緒：恐懼
強度：Low",0.8039782047271729,200
阿杰（男性，45歲，卡車司機，性格直爽，愛好釣魚與戶外，說話語氣粗獷但心地善良）,恐懼,最近一直咳，我怕是那年留下來的老毛病又犯了。,恐懼,Low,"情緒：恐懼
強度：Low",0.903479814529419,200
阿杰（男性，45歲，卡車司機，性格直爽，愛好釣魚與戶外，說話語氣粗獷但心地善良）,恐懼,貨倉那邊說要臨檢，我心裡有點不踏實。,恐懼,Low,"情緒：恐懼
強度：Low",0.7264382839202881,200
阿杰（男性，45歲，卡車司機，性格直爽，愛好釣魚與戶外，說話語氣粗獷但心地善良）,恐懼,這雨下成這樣，山路開起來還真讓人捏把冷汗。,恐懼,Medium,"情緒：恐懼
強度：Medium",2.386533737182617,200
阿杰（男性，45歲，卡車司機，性格直爽，愛好釣魚與戶外，說話語氣粗獷但心地善良）,恐懼,剛剛差點被後面那輛大車追撞，嚇出一身汗。,恐懼,Medium,"情緒：恐懼
強度：Medium",0.8013932704925537,200
阿杰（男性，45歲，卡車司機，性格直爽，愛好釣魚與戶外，說話語氣粗獷但心地善良）,恐懼,我最怕的就是夜路看不清，有時候連路標都沒幾個。,恐懼,Medium,"情緒：恐懼
強度：Medium",0.7118101119995117,200
阿杰（男性，45歲，卡車司機，性格直爽，愛好釣魚與戶外，說話語氣粗獷但心地善良）,恐懼,車上那批玻璃器材很貴，抖太大力我真的怕碎了。,恐懼,Medium,"情緒：恐懼
強度：Medium",0.9055418968200684,200
阿杰（男性，45歲，卡車司機，性格直爽，愛好釣魚與戶外，說話語氣粗獷但心地善良）,恐懼,釣魚的時候要小心，我有次差點被鉤子刺進手裡。,恐懼,Low,"情緒：恐懼
強度：Low",2.1559360027313232,200
阿杰（男性，45歲，卡車司機，性格直爽，愛好釣魚與戶外，說話語氣粗獷但心地善良）,恐懼,我老婆最近總說頭暈，我有點怕她是過勞了。,恐懼,Low,"情緒：恐懼
強度：Low",0.7079801559448242,200
阿杰（男性，45歲，卡車司機，性格直爽，愛好釣魚與戶外，說話語氣粗獷但心地善良）,恐懼,我老哥最近聯絡不上，我怕他一個人在山上出什麼事。,恐懼,Medium,"情緒：恐懼
強度：Medium",0.7919812202453613,200
阿杰（男性，45歲，卡車司機，性格直爽，愛好釣魚與戶外，說話語氣粗獷但心地善良）,厭惡,路上的垃圾亂丟，真是看了不爽。,厭惡,Medium,"情緒：厭惡
強度：Medium",0.7072420120239258,200
阿杰（男性，45歲，卡車司機，性格直爽，愛好釣魚與戶外，說話語氣粗獷但心地善良）,厭惡,那些車子亂停車，害我沒地方停。,憤怒,Medium,"情緒：憤怒
強度：Medium",0.7538607120513916,200
阿杰（男性，45歲，卡車司機，性格直爽，愛好釣魚與戶外，說話語氣粗獷但心地善良）,厭惡,有些人開車超級沒禮貌，真討厭。,厭惡,High,"情緒：厭惡
強度：High",0.9156930446624756,200
阿杰（男性，45歲，卡車司機，性格直爽，愛好釣魚與戶外，說話語氣粗獷但心地善良）,厭惡,工作中遇到拖延的人，讓人火大。,憤怒,Medium,"情緒：憤怒
強度：Medium",0.7435061931610107,200
阿杰（男性，45歲，卡車司機，性格直爽，愛好釣魚與戶外，說話語氣粗獷但心地善良）,厭惡,路邊攤食物不衛生，根本吃不下。,厭惡,Medium,"情緒：厭惡
強度：Medium",0.6962440013885498,200
阿杰（男性，45歲，卡車司機，性格直爽，愛好釣魚與戶外，說話語氣粗獷但心地善良）,厭惡,天氣悶熱又不通風，讓人受不了。,厭惡,Medium,"情緒：厭惡
強度：Medium",0.9770083427429199,200
阿杰（男性，45歲，卡車司機，性格直爽，愛好釣魚與戶外，說話語氣粗獷但心地善良）,厭惡,有些同行不誠實，讓人不信任。,厭惡,Medium,"情緒：厭惡
強度：Medium",0.7547121047973633,200
阿杰（男性，45歲，卡車司機，性格直爽，愛好釣魚與戶外，說話語氣粗獷但心地善良）,厭惡,噪音太大，開車都無法專心。,厭惡,Medium,"情緒：厭惡
強度：Medium",1.0208802223205566,200
阿杰（男性，45歲，卡車司機，性格直爽，愛好釣魚與戶外，說話語氣粗獷但心地善良）,厭惡,車子老是故障，讓人煩躁。,憤怒,Medium,"情緒：憤怒
強度：Medium",0.6774611473083496,200
阿杰（男性，45歲，卡車司機，性格直爽，愛好釣魚與戶外，說話語氣粗獷但心地善良）,厭惡,遇到交通警察刁難，心情超差。,憤怒,High,"情緒：憤怒
強度：High",0.600837230682373,200
小玲（女性，29歲，幼兒園老師，性格溫柔有耐心，喜歡照顧小孩與手作）,悲傷,有小朋友生病了，心裡好難過。,悲傷,Medium,"情緒：悲傷
強度：Medium",0.8587939739227295,200
小玲（女性，29歲，幼兒園老師，性格溫柔有耐心，喜歡照顧小孩與手作）,悲傷,孩子哭了，我卻幫不上忙，感覺很無力。,悲傷,Medium,"情緒：悲傷
強度：Medium",0.8281431198120117,200
小玲（女性，29歲，幼兒園老師，性格溫柔有耐心，喜歡照顧小孩與手作）,悲傷,看著家長對我不滿，心裡有點難過。,悲傷,Low,"情緒：悲傷
強度：Low",0.737062931060791,200
小玲（女性，29歲，幼兒園老師，性格溫柔有耐心，喜歡照顧小孩與手作）,悲傷,今天班上的孩子不聽話，讓我有點失落。,悲傷,Low,"情緒：悲傷
強度：Low",0.7517969608306885,200
小玲（女性，29歲，幼兒園老師，性格溫柔有耐心，喜歡照顧小孩與手作）,悲傷,有些孩子因為家庭問題變得沉默，我很心疼。,悲傷,Medium,"情緒：悲傷
強度：Medium",1.096384048461914,200
小玲（女性，29歲，幼兒園老師，性格溫柔有耐心，喜歡照顧小孩與手作）,悲傷,覺得自己教學不夠好，心裡很沮喪。,悲傷,Medium,"情緒：悲傷
強度：Medium",0.6977980136871338,200
小玲（女性，29歲，幼兒園老師，性格溫柔有耐心，喜歡照顧小孩與手作）,悲傷,有小朋友受傷了，我很自責。,悲傷,Medium,"情緒：悲傷
強度：Medium",1.012403964996338,200
小玲（女性，29歲，幼兒園老師，性格溫柔有耐心，喜歡照顧小孩與手作）,悲傷,有時候想念自己的童年，覺得有點傷感。,悲傷,Low,"情緒：悲傷
強度：Low",0.735605001449585,200
小玲（女性，29歲，幼兒園老師，性格溫柔有耐心，喜歡照顧小孩與手作）,悲傷,看著畢業的孩子離開，心中充滿不捨。,悲傷,Medium,"情緒：悲傷
強度：Medium",0.7406330108642578,200
小玲（女性，29歲，幼兒園老師，性格溫柔有耐心，喜歡照顧小孩與手作）,悲傷,孤單的時候，會想起那些可愛的小朋友們。,悲傷,Low,"情緒：悲傷
強度：Low",0.9443349838256836,200
小玲（女性，29歲，幼兒園老師，性格溫柔有耐心，喜歡照顧小孩與手作）,憤怒,有家長無理取鬧，真的讓人火大。,憤怒,High,"情緒：憤怒
強度：High",0.6384298801422119,200
小玲（女性，29歲，幼兒園老師，性格溫柔有耐心，喜歡照顧小孩與手作）,憤怒,孩子不聽話，重複說了好多次還不改，氣死我了。,憤怒,High,"情緒：憤怒
強度：High",0.5978941917419434,200
小玲（女性，29歲，幼兒園老師，性格溫柔有耐心，喜歡照顧小孩與手作）,憤怒,同事不配合，工作變得很難做。,厭惡,Medium,"情緒：厭惡
強度：Medium",0.864567756652832,200
小玲（女性，29歲，幼兒園老師，性格溫柔有耐心，喜歡照顧小孩與手作）,憤怒,有人亂丟玩具，讓教室變得很亂，真不爽。,憤怒,Medium,"情緒：憤怒
強度：Medium",0.7331347465515137,200
小玲（女性，29歲，幼兒園老師，性格溫柔有耐心，喜歡照顧小孩與手作）,憤怒,被批評教學方式，心裡很不甘心。,悲傷,Medium,"情緒：悲傷
強度：Medium",0.8776249885559082,200
小玲（女性，29歲，幼兒園老師，性格溫柔有耐心，喜歡照顧小孩與手作）,憤怒,孩子間打架，我得一直勸解，真的很煩。,厭惡,Medium,"情緒：厭惡
強度：Medium",0.797523021697998,200
小玲（女性，29歲，幼兒園老師，性格溫柔有耐心，喜歡照顧小孩與手作）,憤怒,有時候感覺被家長誤解，氣得說不出話。,憤怒,Medium,"情緒：憤怒
強度：Medium",0.8839192390441895,200
小玲（女性，29歲，幼兒園老師，性格溫柔有耐心，喜歡照顧小孩與手作）,憤怒,家長會議拖太久，累得要命。,厭惡,Medium,"情緒：厭惡
強度：Medium",1.2033040523529053,200
小玲（女性，29歲，幼兒園老師，性格溫柔有耐心，喜歡照顧小孩與手作）,憤怒,教具壞了卻沒人修，讓我超級不爽。,憤怒,High,"情緒：憤怒
強度：High",0.6346850395202637,200
小玲（女性，29歲，幼兒園老師，性格溫柔有耐心，喜歡照顧小孩與手作）,憤怒,有些家長不尊重老師，讓我很生氣。,憤怒,Medium,"情緒：憤怒
強度：Medium",1.8751139640808105,200
小玲（女性，29歲，幼兒園老師，性格溫柔有耐心，喜歡照顧小孩與手作）,驚奇,今天孩子突然學會了一首新歌，真讓我驚喜,驚奇,Medium,"情緒：驚奇
強度：Medium",0.7636070251464844,200
小玲（女性，29歲，幼兒園老師，性格溫柔有耐心，喜歡照顧小孩與手作）,驚奇,有小朋友畫的畫比我想像中還棒，太驚艷了。,驚奇,Medium,"情緒：驚奇
強度：Medium",0.8052351474761963,200
小玲（女性，29歲，幼兒園老師，性格溫柔有耐心，喜歡照顧小孩與手作）,驚奇,孩子們居然能自己整理教室，讓我很驚訝。,驚奇,Medium,"情緒：驚奇
強度：Medium",1.0449650287628174,200
小玲（女性，29歲，幼兒園老師，性格溫柔有耐心，喜歡照顧小孩與手作）,驚奇,家長居然主動幫忙，真讓我感動。,喜悅,Medium,"情緒：喜悅
強度：Medium",0.8343188762664795,200
小玲（女性，29歲，幼兒園老師，性格溫柔有耐心，喜歡照顧小孩與手作）,驚奇,今天的活動比預期還成功，超開心。,喜悅,Medium,"情緒：喜悅
強度：Medium",0.8272950649261475,200
小玲（女性，29歲，幼兒園老師，性格溫柔有耐心，喜歡照顧小孩與手作）,驚奇,小朋友居然懂得分享玩具，讓我很意外。,驚奇,Medium,"情緒：驚奇
強度：Medium",0.9105808734893799,200
小玲（女性，29歲，幼兒園老師，性格溫柔有耐心，喜歡照顧小孩與手作）,驚奇,老師會議上有人提出好點子，真讓我驚喜。,驚奇,Low,"情緒：驚奇
強度：Low",0.9772248268127441,200
小玲（女性，29歲，幼兒園老師，性格溫柔有耐心，喜歡照顧小孩與手作）,驚奇,有位新同事教學方式很特別，讓我眼睛一亮。,驚奇,Low,"情緒：驚奇
強度：Low",1.0487940311431885,200
小玲（女性，29歲，幼兒園老師，性格溫柔有耐心，喜歡照顧小孩與手作）,驚奇,意外收到家長的感謝卡，感覺很幸福。,喜悅,Low,"情緒：喜悅
強度：Low",0.7368578910827637,200
小玲（女性，29歲，幼兒園老師，性格溫柔有耐心，喜歡照顧小孩與手作）,驚奇,今天的天氣好到讓我忍不住想帶孩子們出去玩。,喜悅,Low,"情緒：喜悅
強度：Low",1.2594549655914307,200
小玲（女性，29歲，幼兒園老師，性格溫柔有耐心，喜歡照顧小孩與手作）,信任,你今天有記得把玩具收好，老師知道你一定會越來越棒。,信任,Low,"情緒：信任
強度：Low",0.7772049903869629,200
小玲（女性，29歲，幼兒園老師，性格溫柔有耐心，喜歡照顧小孩與手作）,信任,雖然第一次做不太順利，但我相信你會越來越熟練的。,信任,Low,"情緒：信任
強度：Low",1.0278441905975342,200
小玲（女性，29歲，幼兒園老師，性格溫柔有耐心，喜歡照顧小孩與手作）,信任,我知道你不是故意不聽話，老師相信你只是心情不好。,信任,Low,"情緒：信任
強度：Low",1.136937141418457,200
小玲（女性，29歲，幼兒園老師，性格溫柔有耐心，喜歡照顧小孩與手作）,信任,你已經試著自己綁鞋帶了，老師真的很為你開心。,喜悅,Low,"情緒：喜悅
強度：Low",0.8494057655334473,200
小玲（女性，29歲，幼兒園老師，性格溫柔有耐心，喜歡照顧小孩與手作）,信任,只要你慢慢來，我相信你一定做得到。,信任,Low,"情緒：信任
強度：Low",0.8510520458221436,200
小玲（女性，29歲，幼兒園老師，性格溫柔有耐心，喜歡照顧小孩與手作）,信任,她今天雖然有點害羞，但我相信她其實很想跟大家玩。,信任,Low,"情緒：信任
強度：Low",1.3986120223999023,200
小玲（女性，29歲，幼兒園老師，性格溫柔有耐心，喜歡照顧小孩與手作）,信任,媽媽放心，小朋友今天有好好吃飯，也有午睡，我有一直注意她的狀況。,信任,Low,"情緒：信任
強度：Low",0.9879360198974609,200
小玲（女性，29歲，幼兒園老師，性格溫柔有耐心，喜歡照顧小孩與手作）,信任,老師相信你是一個會關心別人的小幫手。,信任,Low,"情緒：信任
強度：Low",0.8977799415588379,200
小玲（女性，29歲，幼兒園老師，性格溫柔有耐心，喜歡照顧小孩與手作）,信任,這組拼圖有點難，但老師相信你可以一步一步完成。,信任,Low,"情緒：信任
強度：Low",2.10683012008667,200
小玲（女性，29歲，幼兒園老師，性格溫柔有耐心，喜歡照顧小孩與手作）,信任,你把畫送給同學的時候很有禮貌，我相信你是一個溫暖的人。,信任,Low,"情緒：信任
強度：Low",0.8554270267486572,200
小玲（女性，29歲，幼兒園老師，性格溫柔有耐心，喜歡照顧小孩與手作）,喜悅,今天孩子們玩得好開心，我也很快樂。,喜悅,Low,"情緒：喜悅
強度：Low",0.779076099395752,200
小玲（女性，29歲，幼兒園老師，性格溫柔有耐心，喜歡照顧小孩與手作）,喜悅,看見小朋友學會新東西，心裡很滿足。,喜悅,Medium,"情緒：喜悅
強度：Medium",0.7358038425445557,200
小玲（女性，29歲，幼兒園老師，性格溫柔有耐心，喜歡照顧小孩與手作）,喜悅,教室裡充滿笑聲，氣氛好棒。,喜悅,Low,"情緒：喜悅
強度：Low",0.7272830009460449,200
小玲（女性，29歲，幼兒園老師，性格溫柔有耐心，喜歡照顧小孩與手作）,喜悅,收到孩子送的小禮物，好感動。,喜悅,Medium,"情緒：喜悅
強度：Medium",0.9548401832580566,200
小玲（女性，29歲，幼兒園老師，性格溫柔有耐心，喜歡照顧小孩與手作）,喜悅,見到家長的認可，覺得很開心。,喜悅,Medium,"情緒：喜悅
強度：Medium",0.9532508850097656,200
小玲（女性，29歲，幼兒園老師，性格溫柔有耐心，喜歡照顧小孩與手作）,喜悅,和同事一起準備活動，很有成就感。,喜悅,Low,"情緒：喜悅
強度：Low",0.8413009643554688,200
小玲（女性，29歲，幼兒園老師，性格溫柔有耐心，喜歡照顧小孩與手作）,喜悅,孩子們主動幫忙打掃，心情特別好。,喜悅,Medium,"情緒：喜悅
強度：Medium",0.7433600425720215,200
小玲（女性，29歲，幼兒園老師，性格溫柔有耐心，喜歡照顧小孩與手作）,喜悅,聽見孩子叫老師，覺得很幸福。,喜悅,Medium,"情緒：喜悅
強度：Medium",1.1208560466766357,200
小玲（女性，29歲，幼兒園老師，性格溫柔有耐心，喜歡照顧小孩與手作）,喜悅,天氣好，帶孩子們戶外活動，超開心。,喜悅,Medium,"情緒：喜悅
強度：Medium",0.8250730037689209,200
小玲（女性，29歲，幼兒園老師，性格溫柔有耐心，喜歡照顧小孩與手作）,喜悅,每天都期待跟孩子們見面。,期待,Low,"情緒：期待
強度：Low",1.2094762325286865,200
小玲（女性，29歲，幼兒園老師，性格溫柔有耐心，喜歡照顧小孩與手作）,期待,下禮拜要換季節主題佈置了，老師好期待你們一起幫忙。,期待,Low,"情緒：期待
強度：Low",0.8917341232299805,200
小玲（女性，29歲，幼兒園老師，性格溫柔有耐心，喜歡照顧小孩與手作）,期待,明天我們要做黏土小動物，你想好要做什麼了嗎？,期待,Low,"情緒：期待
強度：Low",0.9389472007751465,200
小玲（女性，29歲，幼兒園老師，性格溫柔有耐心，喜歡照顧小孩與手作）,期待,今天有你最喜歡的故事書，我等一下唸給你聽喔。,期待,Low,"情緒：期待
強度：Low",0.8499159812927246,200
小玲（女性，29歲，幼兒園老師，性格溫柔有耐心，喜歡照顧小孩與手作）,期待,這週末要做母親節卡片，我已經準備好好多漂亮的貼紙了。,期待,Medium,"情緒：期待
強度：Medium",0.7613270282745361,200
小玲（女性，29歲，幼兒園老師，性格溫柔有耐心，喜歡照顧小孩與手作）,期待,下個月是園遊會，我們要一起練跳舞，老師已經開始期待了！,期待,Medium,"情緒：期待
強度：Medium",0.8564209938049316,200
小玲（女性，29歲，幼兒園老師，性格溫柔有耐心，喜歡照顧小孩與手作）,期待,你說你會帶自己的作品來給大家看，老師很想看看喔。,期待,Low,"情緒：期待
強度：Low",1.7244009971618652,200
小玲（女性，29歲，幼兒園老師，性格溫柔有耐心，喜歡照顧小孩與手作）,期待,天氣變暖了，我們可以準備帶孩子們去戶外活動了，好期待。,期待,Low,"情緒：期待
強度：Low",0.6979382038116455,200
小玲（女性，29歲，幼兒園老師，性格溫柔有耐心，喜歡照顧小孩與手作）,期待,你說你喜歡種花，那下次來幫老師一起種盆栽好嗎？,期待,Low,"情緒：期待
強度：Low",1.882378101348877,200
小玲（女性，29歲，幼兒園老師，性格溫柔有耐心，喜歡照顧小孩與手作）,期待,今天有新的色紙和亮片，我想你們一定會很喜歡。,期待,Low,"情緒：期待
強度：Low",0.8364620208740234,200
小玲（女性，29歲，幼兒園老師，性格溫柔有耐心，喜歡照顧小孩與手作）,期待,等大家睡醒，我們一起來做下午的小驚喜手工，好不好？,期待,Low,"情緒：期待
強度：Low",0.8440630435943604,200
小玲（女性，29歲，幼兒園老師，性格溫柔有耐心，喜歡照顧小孩與手作）,恐懼,你剛剛突然哭了，是不是有什麼事情讓你害怕？,恐懼,Low,"情緒：恐懼
強度：Low",1.0501739978790283,200
小玲（女性，29歲，幼兒園老師，性格溫柔有耐心，喜歡照顧小孩與手作）,恐懼,老師剛剛看到你跌倒了，有沒有哪裡痛痛的？,關心（信任）,Low,"情緒：關心（信任）
強度：Low",0.9365720748901367,200
小玲（女性，29歲，幼兒園老師，性格溫柔有耐心，喜歡照顧小孩與手作）,恐懼,這幾天感冒的孩子比較多，我有點擔心大家會互相傳染。,恐懼,Low,"情緒：恐懼
強度：Low",2.9972450733184814,200
小玲（女性，29歲，幼兒園老師，性格溫柔有耐心，喜歡照顧小孩與手作）,恐懼,你剛剛咳嗽好幾聲，老師有點擔心你是不是不太舒服。,關心,Low,"情緒：關心
強度：Low",0.7842791080474854,200
小玲（女性，29歲，幼兒園老師，性格溫柔有耐心，喜歡照顧小孩與手作）,恐懼,今天下雨路滑，我怕你們跑太快會跌倒，要小心喔。,恐懼,Low,"情緒：恐懼
強度：Low",0.7883987426757812,200
小玲（女性，29歲，幼兒園老師，性格溫柔有耐心，喜歡照顧小孩與手作）,恐懼,我擔心這次的活動時間會太趕，小朋友可能會覺得很急促。,恐懼,Low,"情緒：恐懼
強度：Low",0.9354188442230225,200
小玲（女性，29歲，幼兒園老師，性格溫柔有耐心，喜歡照顧小孩與手作）,恐懼,老師剛剛發現你的便當沒吃幾口，是不是肚子不舒服？,信任,Low,"情緒：信任
強度：Low",1.1553561687469482,200
小玲（女性，29歲，幼兒園老師，性格溫柔有耐心，喜歡照顧小孩與手作）,恐懼,這麼晚還沒被接走，我有點擔心爸爸媽媽是不是遇到狀況了。,恐懼,Low,"情緒：恐懼
強度：Low",1.3922219276428223,200
小玲（女性，29歲，幼兒園老師，性格溫柔有耐心，喜歡照顧小孩與手作）,恐懼,老師最怕的是你們心裡不開心卻不說出來，我會很擔心喔。,恐懼,Low,"情緒：恐懼
強度：Low",1.5097980499267578,200
小玲（女性，29歲，幼兒園老師，性格溫柔有耐心，喜歡照顧小孩與手作）,恐懼,你說你夢到怪獸，那一定嚇到了吧？老師陪你不要怕。,信任,Low,"情緒：信任
強度：Low",0.711122989654541,200
小玲（女性，29歲，幼兒園老師，性格溫柔有耐心，喜歡照顧小孩與手作）,厭惡,有些玩具壞了，讓我很煩。,厭惡,Medium,"情緒：厭惡
強度：Medium",0.8670740127563477,200
小玲（女性，29歲，幼兒園老師，性格溫柔有耐心，喜歡照顧小孩與手作）,厭惡,孩子吵鬧不停，讓我頭痛。,厭惡,Medium,"情緒：厭惡
強度：Medium",1.129399061203003,200
小玲（女性，29歲，幼兒園老師，性格溫柔有耐心，喜歡照顧小孩與手作）,厭惡,有家長不遵守規定，真討厭。,厭惡,Medium,"情緒：厭惡
強度：Medium",0.9106371402740479,200
小玲（女性，29歲，幼兒園老師，性格溫柔有耐心，喜歡照顧小孩與手作）,厭惡,教室裡亂七八糟，看了很不舒服。,厭惡,Medium,"情緒：厭惡
強度：Medium",0.7471489906311035,200
小玲（女性，29歲，幼兒園老師，性格溫柔有耐心，喜歡照顧小孩與手作）,厭惡,有小朋友不聽話，讓我很無奈。,悲傷,Low,"情緒：悲傷
強度：Low",0.8746259212493896,200
小玲（女性，29歲，幼兒園老師，性格溫柔有耐心，喜歡照顧小孩與手作）,厭惡,同事間的小吵鬧，讓氣氛很差。,厭惡,Medium,"情緒：厭惡
強度：Medium",0.8325371742248535,200
小玲（女性，29歲，幼兒園老師，性格溫柔有耐心，喜歡照顧小孩與手作）,厭惡,重複教同樣的內容，感覺很無趣。,厭惡,Low,"情緒：厭惡
強度：Low",0.8310987949371338,200
小玲（女性，29歲，幼兒園老師，性格溫柔有耐心，喜歡照顧小孩與手作）,厭惡,天氣太熱，孩子們都不舒服。,悲傷,Low,"情緒：悲傷
強度：Low",0.9380977153778076,200
小玲（女性，29歲，幼兒園老師，性格溫柔有耐心，喜歡照顧小孩與手作）,厭惡,有時候覺得被誤解，心裡不舒服。,悲傷,Low,"情緒：悲傷
強度：Low",0.7737340927124023,200
小玲（女性，29歲，幼兒園老師，性格溫柔有耐心，喜歡照顧小孩與手作）,厭惡,家長會拖太久，讓人厭煩。,厭惡,Medium,"情緒：厭惡
強度：Medium",1.0075199604034424,200
