character,true_emotion,sentence,raw_response,predicted_emotion,predicted_score,time,status
阿美老師（女性，42 歲，小學自然科老師，溫柔耐心）,悲傷,今天小明哭著說他不想上學，我聽了心好酸，還是忍不住陪他坐了一整節課。,"情緒：悲傷
程度：0.8",悲傷,0.8,2.2642762660980225,200
阿美老師（女性，42 歲，小學自然科老師，溫柔耐心）,悲傷,那棵我們一起種的小樹被風吹倒了，孩子們看到的時候眼眶都紅了，我也好難過。,"情緒：悲傷
程度：0.85",悲傷,0.85,0.8536550998687744,200
阿美老師（女性，42 歲，小學自然科老師，溫柔耐心）,悲傷,每次畢業季，看著孩子們一個個離開，心裡真的五味雜陳，很捨不得啊。,"情緒：悲傷
程度：0.8",悲傷,0.8,0.943579912185669,200
阿美老師（女性，42 歲，小學自然科老師，溫柔耐心）,悲傷,剛才批改作文，有個孩子寫他爸爸又喝醉打人，我看得真的很心痛。,"情緒：悲傷
程度：0.8",悲傷,0.8,0.8055109977722168,200
阿美老師（女性，42 歲，小學自然科老師，溫柔耐心）,悲傷,今天早上收到通知，小玲轉學了，連句道別都沒說，教室都空了一塊似的。,"情緒：悲傷
程度：0.8",悲傷,0.8,1.079253911972046,200
阿美老師（女性，42 歲，小學自然科老師，溫柔耐心）,悲傷,有些孩子明明很聰明，卻因為家庭環境跟不上進度，我心裡真的很無力。,"情緒：悲傷
程度：0.8",悲傷,0.8,0.735083818435669,200
阿美老師（女性，42 歲，小學自然科老師，溫柔耐心）,悲傷,前幾年教過的小哲出車禍過世了，真不敢相信那麼陽光的孩子就這樣走了⋯⋯,"情緒：悲傷
程度：0.95",悲傷,0.95,0.8414866924285889,200
阿美老師（女性，42 歲，小學自然科老師，溫柔耐心）,悲傷,最近壓力有點大，回到家只想靜靜地坐著，什麼都不想講。,"情緒：悲傷
程度：0.7",悲傷,0.7,0.8525381088256836,200
阿美老師（女性，42 歲，小學自然科老師，溫柔耐心）,悲傷,我盡力想讓每個孩子都被看見，可有時候還是會覺得自己做得不夠好。,"情緒：悲傷
程度：0.6",悲傷,0.6,0.8424749374389648,200
阿美老師（女性，42 歲，小學自然科老師，溫柔耐心）,悲傷,有學生偷拿東西被抓，我當下其實很難過，因為我知道他不是壞孩子。,"情緒：悲傷
程度：0.8",悲傷,0.8,1.2309980392456055,200
阿美老師（女性，42 歲，小學自然科老師，溫柔耐心）,憤怒,我真的不能接受家長用手機罵孩子，那不是教育，那是情緒發洩！,"情緒：憤怒
程度：0.85",憤怒,0.85,1.4551079273223877,200
阿美老師（女性，42 歲，小學自然科老師，溫柔耐心）,憤怒,明明我提了三次學校設備要修，結果又拖了一個學期，真的氣人。,"情緒：憤怒
程度：0.85",憤怒,0.85,1.2463948726654053,200
阿美老師（女性，42 歲，小學自然科老師，溫柔耐心）,憤怒,有些人老是把老師當保母，孩子的一切都丟給我們管，這樣對嗎？,"情緒：憤怒
程度：0.7",憤怒,0.7,0.8470959663391113,200
阿美老師（女性，42 歲，小學自然科老師，溫柔耐心）,憤怒,那位男老師竟然在會議上打斷我三次，完全不尊重別人發言！,"情緒：憤怒
程度：0.85",憤怒,0.85,0.8664016723632812,200
阿美老師（女性，42 歲，小學自然科老師，溫柔耐心）,憤怒,今天看到有人在黑板上亂畫，還說是「藝術」，根本不尊重教室環境！,"情緒：憤怒
程度：0.8",憤怒,0.8,0.9894819259643555,200
阿美老師（女性，42 歲，小學自然科老師，溫柔耐心）,憤怒,我講了一整週的科展規則，還是有學生交白卷，真的氣又無奈。,"情緒：憤怒
程度：0.8",憤怒,0.8,0.7278268337249756,200
阿美老師（女性，42 歲，小學自然科老師，溫柔耐心）,憤怒,小華媽媽又遲到了快一小時來接人，孩子都快哭出來了，她好像完全不在意。,"情緒：憤怒
程度：0.7",憤怒,0.7,0.7264127731323242,200
阿美老師（女性，42 歲，小學自然科老師，溫柔耐心）,憤怒,教育部又下新指令，沒提前說，逼老師們臨時加班，誰來體諒我們？,"情緒：憤怒
程度：0.85",憤怒,0.85,1.09944486618042,200
阿美老師（女性，42 歲，小學自然科老師，溫柔耐心）,憤怒,批改考卷發現好幾題一模一樣，學生說沒抄，當我是笨蛋嗎？,"情緒：憤怒
程度：0.85",憤怒,0.85,3.423011064529419,200
阿美老師（女性，42 歲，小學自然科老師，溫柔耐心）,憤怒,有人說「老師就只是個拿固定薪水的」，這種話真的很刺耳！,"情緒：憤怒
程度：0.85",憤怒,0.85,0.7981529235839844,200
阿美老師（女性，42 歲，小學自然科老師，溫柔耐心）,驚奇,哇！我真的沒想到小君居然會主動幫同學收作業，以前他可是最愛賴皮的呢！,"情緒：驚奇
程度：0.8",驚奇,0.8,0.8248651027679443,200
阿美老師（女性，42 歲，小學自然科老師，溫柔耐心）,驚奇,今天午休走進教室，居然看到孩子們自己在靜靜看書，我差點以為走錯班。,"情緒：驚奇
程度：0.7",驚奇,0.7,1.0551528930664062,200
阿美老師（女性，42 歲，小學自然科老師，溫柔耐心）,驚奇,校長竟然說要讓我們老師決定課表順序？第一次聽到這種開放政策耶！,"情緒：驚奇
程度：0.8",驚奇,0.8,0.9112410545349121,200
阿美老師（女性，42 歲，小學自然科老師，溫柔耐心）,驚奇,小志居然寫了整整三頁自然觀察日誌，我以為他只會畫火柴人呢！,"情緒：驚奇
程度：0.8",驚奇,0.8,0.7036178112030029,200
阿美老師（女性，42 歲，小學自然科老師，溫柔耐心）,驚奇,剛剛回家看到先生洗好碗還拖了地，差點以為我在作夢！,"情緒：驚奇
程度：0.8",驚奇,0.8,0.668241024017334,200
阿美老師（女性，42 歲，小學自然科老師，溫柔耐心）,驚奇,我學生在自然科比賽拿了全國第三名，天啊我真的快哭了！,"情緒：喜悅
程度：0.95",喜悅,0.95,0.9960289001464844,200
阿美老師（女性，42 歲，小學自然科老師，溫柔耐心）,驚奇,原來學校後面那棵樹是台灣原生種！教了這麼多年我居然沒發現。,"情緒：驚奇
程度：0.7",驚奇,0.7,1.7914371490478516,200
阿美老師（女性，42 歲，小學自然科老師，溫柔耐心）,驚奇,今天午餐的便當居然有水果！第一次看到營養午餐有這麼用心的設計。,"情緒：驚奇
程度：0.7",驚奇,0.7,0.9692041873931885,200
阿美老師（女性，42 歲，小學自然科老師，溫柔耐心）,驚奇,有個孩子用廢紙做了一個太陽能烤箱，我真的是又驚又喜！,"情緒：驚奇
程度：0.9",驚奇,0.9,1.0663831233978271,200
阿美老師（女性，42 歲，小學自然科老師，溫柔耐心）,驚奇,下課時突然有家長來送手工餅乾給我，說孩子變得喜歡學習了，好感動也好意外。,"情緒：驚奇
程度：0.85",驚奇,0.85,0.9045901298522949,200
阿美老師（女性，42 歲，小學自然科老師，溫柔耐心）,信任,我相信你們每個人都有能力理解這個實驗的原理，只要願意多花點時間。,"情緒：信任
程度：0.8",信任,0.8,0.9931809902191162,200
阿美老師（女性，42 歲，小學自然科老師，溫柔耐心）,信任,小傑，我知道你最近有點分心，但我相信你會找回學習的節奏。,"情緒：信任
程度：0.8",信任,0.8,2.2372260093688965,200
阿美老師（女性，42 歲，小學自然科老師，溫柔耐心）,信任,老師會一直在這裡支持你們，遇到問題我們一起想辦法。,"情緒：信任
程度：0.9",信任,0.9,0.7876882553100586,200
阿美老師（女性，42 歲，小學自然科老師，溫柔耐心）,信任,妳如果願意多說一點，老師會很願意聽，也不會責怪妳。,"情緒：信任
程度：0.7",信任,0.7,0.7041378021240234,200
阿美老師（女性，42 歲，小學自然科老師，溫柔耐心）,信任,雖然這次考得不理想，但我知道你已經很努力了。,"情緒：信任
程度：0.7",信任,0.7,0.9440891742706299,200
阿美老師（女性，42 歲，小學自然科老師，溫柔耐心）,信任,你們每次的小觀察都有進步，老師都看在眼裡。,"情緒：信任
程度：0.8",信任,0.8,0.9376740455627441,200
阿美老師（女性，42 歲，小學自然科老師，溫柔耐心）,信任,我們班的同學都有團隊精神，這次的報告我相信你們一定合作得很好。,"情緒：信任
程度：0.9",信任,0.9,0.7172501087188721,200
阿美老師（女性，42 歲，小學自然科老師，溫柔耐心）,信任,老師知道你不是故意忘記帶作業的，我相信你下次會記得。,"情緒：信任
程度：0.8",信任,0.8,0.9642386436462402,200
阿美老師（女性，42 歲，小學自然科老師，溫柔耐心）,信任,雖然結果不一定完美，但我相信你做的每個決定都是經過思考的。,"情緒：信任
程度：0.8",信任,0.8,2.2356252670288086,200
阿美老師（女性，42 歲，小學自然科老師，溫柔耐心）,信任,妳總是很細心，這次的實驗我完全放心交給妳主導。,"情緒：信任
程度：0.92",信任,0.92,2.062303304672241,200
阿美老師（女性，42 歲，小學自然科老師，溫柔耐心）,喜悅,今天我們班全班交齊作業，第一次耶，我開心到請大家吃糖果！,"情緒：喜悅
程度：0.95",喜悅,0.95,0.8603599071502686,200
阿美老師（女性，42 歲，小學自然科老師，溫柔耐心）,喜悅,剛剛收到家長的感謝卡，說孩子變得愛學習了，真的超級有成就感。,"情緒：喜悅
程度：0.95",喜悅,0.95,2.8130669593811035,200
阿美老師（女性，42 歲，小學自然科老師，溫柔耐心）,喜悅,小朋友在自然課做的環保小盆栽都活下來了，我真的好開心！,"情緒：喜悅
程度：0.9",喜悅,0.9,1.6473767757415771,200
阿美老師（女性，42 歲，小學自然科老師，溫柔耐心）,喜悅,今天天氣好得不得了，下課還能跟孩子們在操場曬太陽。,"情緒：喜悅
程度：0.9",喜悅,0.9,1.058701992034912,200
阿美老師（女性，42 歲，小學自然科老師，溫柔耐心）,喜悅,小志終於學會用顯微鏡了，看到他興奮的樣子我也忍不住笑了出來。,"情緒：喜悅
程度：0.85",喜悅,0.85,0.8243818283081055,200
阿美老師（女性，42 歲，小學自然科老師，溫柔耐心）,喜悅,校務會議提前結束，終於可以早點回家泡杯茶，好幸福～,"情緒：喜悅
程度：0.8",喜悅,0.8,0.8415639400482178,200
阿美老師（女性，42 歲，小學自然科老師，溫柔耐心）,喜悅,剛剛小莉悄悄塞了張畫給我，說「謝謝老師陪我長大」，好暖心。,"情緒：喜悅
程度：0.8",喜悅,0.8,2.840101718902588,200
阿美老師（女性，42 歲，小學自然科老師，溫柔耐心）,喜悅,我今天穿了學生送我的圍裙上課，大家還鼓掌說我好可愛，真開心。,"情緒：喜悅
程度：0.9",喜悅,0.9,1.4423561096191406,200
阿美老師（女性，42 歲，小學自然科老師，溫柔耐心）,喜悅,自己熬夜準備的自然課小遊戲，孩子們玩得好開心，真的值得。,"情緒：喜悅
程度：0.8",喜悅,0.8,1.315614938735962,200
阿美老師（女性，42 歲，小學自然科老師，溫柔耐心）,喜悅,聽到孩子們在背後討論說「老師講課都不會無聊」，我整天都笑咪咪的。,"情緒：喜悅
程度：0.85",喜悅,0.85,3.0578622817993164,200
阿美老師（女性，42 歲，小學自然科老師，溫柔耐心）,期待,下週我們要去植物園參觀，我已經開始想像你們看到真實蕨類植物時的反應了！,"情緒：期待
程度：0.8",期待,0.8,3.360969066619873,200
阿美老師（女性，42 歲，小學自然科老師，溫柔耐心）,期待,明天的太陽能小車比賽，我真的很期待你們的作品上場。,"情緒：期待
程度：0.85",期待,0.85,3.2150912284851074,200
阿美老師（女性，42 歲，小學自然科老師，溫柔耐心）,期待,我好希望這次大家都能勇敢舉手發問，讓課堂更熱鬧一點。,"情緒：期待
程度：0.8",期待,0.8,0.877953052520752,200
阿美老師（女性，42 歲，小學自然科老師，溫柔耐心）,期待,妳上次畫的科學手抄報那麼漂亮，我很期待這次的成品！,"情緒：期待
程度：0.8",期待,0.8,0.8317978382110596,200
阿美老師（女性，42 歲，小學自然科老師，溫柔耐心）,期待,一想到你們下學期就要開始接觸天文單元，我就覺得好興奮。,"情緒：期待
程度：0.8",期待,0.8,0.7407588958740234,200
阿美老師（女性，42 歲，小學自然科老師，溫柔耐心）,期待,這次如果天氣好，我們就可以在戶外做實驗了，希望別下雨。,"情緒：期待
程度：0.7",期待,0.7,0.6963768005371094,200
阿美老師（女性，42 歲，小學自然科老師，溫柔耐心）,期待,妳最近這麼用功，我相信這次成果發表會表現得很棒。,"情緒：信任
程度：0.9",信任,0.9,2.0997188091278076,200
阿美老師（女性，42 歲，小學自然科老師，溫柔耐心）,期待,我們這週要開始孵小雞了，老師也跟你們一樣期待牠們破殼的樣子。,"情緒：期待
程度：0.9",期待,0.9,0.7528300285339355,200
阿美老師（女性，42 歲，小學自然科老師，溫柔耐心）,期待,每次你們的小組報告，我都會很期待看你們如何創意呈現。,"情緒：期待
程度：0.8",期待,0.8,0.6220870018005371,200
阿美老師（女性，42 歲，小學自然科老師，溫柔耐心）,期待,學期快結束了，我已經開始期待你們畢業時寫給老師的小卡片了。,"情緒：期待
程度：0.8",期待,0.8,0.827416181564331,200
阿美老師（女性，42 歲，小學自然科老師，溫柔耐心）,恐懼,我擔心你們太匆忙操作，萬一燒杯打破了會受傷。,"情緒：恐懼
程度：0.7",恐懼,0.7,2.1748311519622803,200
阿美老師（女性，42 歲，小學自然科老師，溫柔耐心）,恐懼,剛剛地震的時候，我真的很怕你們還在教室裡。,"情緒：恐懼
程度：0.85",恐懼,0.85,1.0021038055419922,200
阿美老師（女性，42 歲，小學自然科老師，溫柔耐心）,恐懼,每次看到你這樣獨自一個人不說話，我會擔心你是不是遇到什麼困難。,"情緒：信任
程度：0.6",信任,0.6,1.39176607131958,200
阿美老師（女性，42 歲，小學自然科老師，溫柔耐心）,恐懼,有時候我會害怕自己沒教好，耽誤了你們的學習。,"情緒：恐懼
程度：0.7",恐懼,0.7,3.05771803855896,200
阿美老師（女性，42 歲，小學自然科老師，溫柔耐心）,恐懼,天氣這麼熱，做戶外實驗我怕你們中暑。,"情緒：恐懼
程度：0.7",恐懼,0.7,1.976163625717163,200
阿美老師（女性，42 歲，小學自然科老師，溫柔耐心）,恐懼,妳最近常常請假，老師有點擔心妳的身體是不是出了什麼狀況。,"情緒：信任
程度：0.4",信任,0.4,0.7520649433135986,200
阿美老師（女性，42 歲，小學自然科老師，溫柔耐心）,恐懼,如果實驗出現失誤，我擔心會讓你們對科學失去興趣。,"情緒：恐懼
程度：0.7",恐懼,0.7,0.7027831077575684,200
阿美老師（女性，42 歲，小學自然科老師，溫柔耐心）,恐懼,學校附近最近交通事故多，我每天都很怕你們上下學的安全。,"情緒：恐懼
程度：0.8",恐懼,0.8,0.9857192039489746,200
阿美老師（女性，42 歲，小學自然科老師，溫柔耐心）,恐懼,妳說妳想一個人待著，老師有點擔心妳的情緒是不是出了問題。,"情緒：擔憂
程度：0.7",擔憂,0.7,1.9767401218414307,200
阿美老師（女性，42 歲，小學自然科老師，溫柔耐心）,恐懼,有時候夜深人靜時，我會想：萬一我不再當老師了，還能陪著你們嗎？,"情緒：悲傷
程度：0.7",悲傷,0.7,1.1381361484527588,200
阿美老師（女性，42 歲，小學自然科老師，溫柔耐心）,厭惡,老是有家長臨時丟訊息要改接送，完全沒在考慮老師的困擾。,"情緒：憤怒
程度：0.85",憤怒,0.85,0.7576110363006592,200
阿美老師（女性，42 歲，小學自然科老師，溫柔耐心）,厭惡,有些孩子在教室亂丟垃圾，看了真的很倒胃口。,"情緒：厭惡
程度：0.8",厭惡,0.8,0.9805221557617188,200
阿美老師（女性，42 歲，小學自然科老師，溫柔耐心）,厭惡,學校行政有些規定不合邏輯，每次都讓我們現場老師收爛攤子。,"情緒：憤怒
程度：0.8",憤怒,0.8,0.9136602878570557,200
阿美老師（女性，42 歲，小學自然科老師，溫柔耐心）,厭惡,午餐的魚一打開就是腥味，吃第一口就不想吃了。,"情緒：厭惡
程度：0.8",厭惡,0.8,0.8274011611938477,200
阿美老師（女性，42 歲，小學自然科老師，溫柔耐心）,厭惡,每次課後會議開得又久又沒重點，真是浪費大家時間。,"情緒：厭惡
程度：0.8",厭惡,0.8,0.6528401374816895,200
阿美老師（女性，42 歲，小學自然科老師，溫柔耐心）,厭惡,學生抄答案還敢說是「互相幫忙」，這什麼歪理？,"情緒：憤怒
程度：0.85",憤怒,0.85,2.093848943710327,200
阿美老師（女性，42 歲，小學自然科老師，溫柔耐心）,厭惡,教室冷氣壞了三天，維修人員還一副事不關己的樣子，真的受不了。,"情緒：憤怒
程度：0.85",憤怒,0.85,0.8029487133026123,200
阿美老師（女性，42 歲，小學自然科老師，溫柔耐心）,厭惡,有些老師上課完全不控場，吵到隔壁班，我們還得收拾善後。,"情緒：憤怒
程度：0.8",憤怒,0.8,1.192107915878296,200
阿美老師（女性，42 歲，小學自然科老師，溫柔耐心）,厭惡,小考有人作弊還裝無辜，那副嘴臉真的讓人氣到不行。,"情緒：憤怒
程度：0.92",憤怒,0.92,2.0346450805664062,200
阿美老師（女性，42 歲，小學自然科老師，溫柔耐心）,厭惡,明明跟校方反映過教具不夠，結果還是什麼都沒處理。,"情緒：憤怒
程度：0.8",憤怒,0.8,1.9110498428344727,200
阿輝（男性，29歲，外送員，樂觀直率）,悲傷,今晚風好大，外面淋雨還是要送，心裡真的覺得挺難過的。,"情緒：悲傷
程度：0.8",悲傷,0.8,0.8379440307617188,200
阿輝（男性，29歲，外送員，樂觀直率）,悲傷,有客人給差評，我都不知道哪裡做錯了，心裡怪怪的。,"情緒：悲傷
程度：0.7",悲傷,0.7,1.061091661453247,200
阿輝（男性，29歲，外送員，樂觀直率）,悲傷,看到那條街以前常來的攤位沒了，感覺這城市越來越冷清了。,"情緒：悲傷
程度：0.7",悲傷,0.7,0.7370781898498535,200
阿輝（男性，29歲，外送員，樂觀直率）,悲傷,工作這麼累，有時候也會想家裡，但又不能停下來。,"情緒：悲傷
程度：0.6",悲傷,0.6,0.9223620891571045,200
阿輝（男性，29歲，外送員，樂觀直率）,悲傷,今天路上撞見老同學，他說他現在過得比我好，心裡不是滋味。,"情緒：悲傷
程度：0.7",悲傷,0.7,1.0834271907806396,200
阿輝（男性，29歲，外送員，樂觀直率）,悲傷,小孩子對我笑了，但我知道自己沒法給他什麼真正的幫助。,"情緒：悲傷
程度：0.7",悲傷,0.7,2.2377538681030273,200
阿輝（男性，29歲，外送員，樂觀直率）,悲傷,看到別人聚在一起吃飯聊天，我卻孤單騎著車，好難過。,"情緒：悲傷
程度：0.8",悲傷,0.8,0.731234073638916,200
阿輝（男性，29歲，外送員，樂觀直率）,悲傷,手機沒電，訂單又來了，真想趕快結束這一天。,"情緒：厭惡
程度：0.7",厭惡,0.7,0.7331199645996094,200
阿輝（男性，29歲，外送員，樂觀直率）,悲傷,老闆又說我們工作效率不夠，心裡有點鬱悶。,"情緒：悲傷
程度：0.7",悲傷,0.7,0.6715347766876221,200
阿輝（男性，29歲，外送員，樂觀直率）,悲傷,今天接到一個特別冷漠的訂單，連聲謝謝都沒有，讓我心情很差。,"情緒：悲傷
程度：0.7",悲傷,0.7,1.4469811916351318,200
阿輝（男性，29歲，外送員，樂觀直率）,憤怒,這些客人訂了又改，害我繞來繞去，真是氣炸！,"情緒：憤怒
程度：0.95",憤怒,0.95,1.975059986114502,200
阿輝（男性，29歲，外送員，樂觀直率）,憤怒,天啊，明明我提早到，店家卻說餐還沒做好，搞什麼嘛！,"情緒：憤怒
程度：0.8",憤怒,0.8,1.073418140411377,200
阿輝（男性，29歲，外送員，樂觀直率）,憤怒,遇到塞車根本受不了，這城市到底有沒有交通規劃啊？,"情緒：憤怒
程度：0.85",憤怒,0.85,0.7868120670318604,200
阿輝（男性，29歲，外送員，樂觀直率）,憤怒,有些人明明訂外送，結果又自己跑去拿，害我白跑一趟！,"情緒：憤怒
程度：0.8",憤怒,0.8,1.2273988723754883,200
阿輝（男性，29歲，外送員，樂觀直率）,憤怒,客人態度差還不說謝謝，送餐都變成忍功大考驗。,"情緒：厭惡
程度：0.8",厭惡,0.8,1.6686530113220215,200
阿輝（男性，29歲，外送員，樂觀直率）,憤怒,老闆說我們要快送，但路上這麼亂，根本不可能！,"情緒：憤怒
程度：0.7",憤怒,0.7,1.136969804763794,200
阿輝（男性，29歲，外送員，樂觀直率）,憤怒,有人點錯餐還硬要改，害我送到一半又得回去，真想爆粗口。,"情緒：憤怒
程度：0.85",憤怒,0.85,0.8357980251312256,200
阿輝（男性，29歲，外送員，樂觀直率）,憤怒,天氣熱到爆炸，外面騎車像在烤箱裡，我已經快炸了！,"情緒：憤怒
程度：0.85",憤怒,0.85,1.0431640148162842,200
阿輝（男性，29歲，外送員，樂觀直率）,憤怒,這個月獎金又被扣，什麼理由我都聽爛了，氣死人！,"情緒：憤怒
程度：0.9",憤怒,0.9,3.9975180625915527,200
阿輝（男性，29歲，外送員，樂觀直率）,憤怒,看到路邊違停的車佔我路，真想下去拆輪胎。,"情緒：憤怒
程度：0.85",憤怒,0.85,1.2751970291137695,200
阿輝（男性，29歲，外送員，樂觀直率）,驚奇,居然有人送餐時還會跟我說「辛苦了」，真是太暖心了！,"情緒：喜悅
程度：0.9",喜悅,0.9,1.4226741790771484,200
阿輝（男性，29歲，外送員，樂觀直率）,驚奇,今天遇到一台超級帥的摩托車，騎起來感覺也爽。,"情緒：喜悅
程度：0.8",喜悅,0.8,0.6510970592498779,200
阿輝（男性，29歲，外送員，樂觀直率）,驚奇,剛剛那家餐廳的料理居然比想像中好吃，嚇我一跳。,"情緒：驚奇
程度：0.8",驚奇,0.8,1.235515832901001,200
阿輝（男性，29歲，外送員，樂觀直率）,驚奇,客人竟然給了我小費，這種事真是不常見欸！,"情緒：驚奇
程度：0.8",驚奇,0.8,0.8432247638702393,200
阿輝（男性，29歲，外送員，樂觀直率）,驚奇,今天路上碰到個老朋友，真沒想到我們還能這麼巧遇。,"情緒：驚奇
程度：0.7",驚奇,0.7,2.627183198928833,200
阿輝（男性，29歲，外送員，樂觀直率）,驚奇,看到小朋友送我一個笑容，瞬間整天心情都好起來了。,"情緒：喜悅
程度：0.85",喜悅,0.85,1.2165091037750244,200
阿輝（男性，29歲，外送員，樂觀直率）,驚奇,天氣這麼熱，居然還有人穿羽絨外套，太誇張了吧！,"情緒：驚奇
程度：0.7",驚奇,0.7,1.7551729679107666,200
阿輝（男性，29歲，外送員，樂觀直率）,驚奇,店家突然多給我一份餐點，真的是太佛心了。,"情緒：喜悅
程度：0.85",喜悅,0.85,1.1898422241210938,200
阿輝（男性，29歲，外送員，樂觀直率）,驚奇,今天訂單超多，居然都能準時送達，自己也佩服。,"情緒：喜悅
程度：0.7",喜悅,0.7,0.9186208248138428,200
阿輝（男性，29歲，外送員，樂觀直率）,驚奇,這城市竟然有這麼多漂亮的街景，以前從沒注意過。,"情緒：驚奇
程度：0.7",驚奇,0.7,0.9403560161590576,200
阿輝（男性，29歲，外送員，樂觀直率）,信任,放心啦，我一定準時把餐送到，不會讓你等太久的。,"情緒：信任
程度：0.7",信任,0.7,0.723118782043457,200
阿輝（男性，29歲，外送員，樂觀直率）,信任,我相信只要認真跑，哪天我也能靠這份工作存到頭期款。,"情緒：信任
程度：0.8",信任,0.8,1.236717939376831,200
阿輝（男性，29歲，外送員，樂觀直率）,信任,老闆你先給我機會試跑一天，我會讓你看到我做事的態度。,"情緒：期待
程度：0.7",期待,0.7,1.042633056640625,200
阿輝（男性，29歲，外送員，樂觀直率）,信任,跟著導航走，基本上都不會迷路啦，我信這系統。,"情緒：信任
程度：0.8",信任,0.8,1.0650041103363037,200
阿輝（男性，29歲，外送員，樂觀直率）,信任,你說你是第一次用這平台？沒關係，我教你，很簡單啦。,"情緒：信任
程度：0.2",信任,0.2,2.9351580142974854,200
阿輝（男性，29歲，外送員，樂觀直率）,信任,我相信你不是故意打錯地址，我們都有出錯的時候。,"情緒：信任
程度：0.7",信任,0.7,1.3564939498901367,200
阿輝（男性，29歲，外送員，樂觀直率）,信任,只要客人願意等，我一定拼命趕過去送到。,"情緒：信任
程度：0.7",信任,0.7,0.6717128753662109,200
阿輝（男性，29歲，外送員，樂觀直率）,信任,我以前也遇過很多困難，但我相信努力總會有回報。,"情緒：信任
程度：0.8",信任,0.8,1.2674589157104492,200
阿輝（男性，29歲，外送員，樂觀直率）,信任,兄弟你別擔心，我說幫你cover今天就一定做到。,"情緒：信任
程度：0.9",信任,0.9,1.0703151226043701,200
阿輝（男性，29歲，外送員，樂觀直率）,信任,公司雖然嚴格一點，但我信他們不會亂扣錢。,"情緒：信任
程度：0.7",信任,0.7,1.1049602031707764,200
阿輝（男性，29歲，外送員，樂觀直率）,喜悅,今天送單特別順利，感覺一整天都超開心！,"情緒：喜悅
程度：0.9",喜悅,0.9,0.9175682067871094,200
阿輝（男性，29歲，外送員，樂觀直率）,喜悅,客人說「謝謝你」那刻，真的是一種幸福感。,"情緒：喜悅
程度：0.9",喜悅,0.9,2.827167272567749,200
阿輝（男性，29歲，外送員，樂觀直率）,喜悅,下午休息時吃到一碗超好吃的冰，好爽！,"情緒：喜悅
程度：0.9",喜悅,0.9,0.7964942455291748,200
阿輝（男性，29歲，外送員，樂觀直率）,喜悅,今天碰到陽光大好，騎車心情都特別輕鬆。,"情緒：喜悅
程度：0.8",喜悅,0.8,0.8730061054229736,200
阿輝（男性，29歲，外送員，樂觀直率）,喜悅,跟同事一起吃便當，聊聊天，笑得很開心。,"情緒：喜悅
程度：0.9",喜悅,0.9,0.9797267913818359,200
阿輝（男性，29歲，外送員，樂觀直率）,喜悅,接到熟客訂單，感覺像老朋友一樣。,"情緒：信任
程度：0.7",信任,0.7,0.6750218868255615,200
阿輝（男性，29歲，外送員，樂觀直率）,喜悅,路上看到小狗搖尾巴，心都被融化了。,"情緒：喜悅
程度：0.85",喜悅,0.85,0.6703999042510986,200
阿輝（男性，29歲，外送員，樂觀直率）,喜悅,今天訂單多，賺得也多，真是開心的一天。,"情緒：喜悅
程度：0.9",喜悅,0.9,1.2253539562225342,200
阿輝（男性，29歲，外送員，樂觀直率）,喜悅,新買的安全帽戴起來超帥，心情大好。,"情緒：喜悅
程度：0.9",喜悅,0.9,0.8850588798522949,200
阿輝（男性，29歲，外送員，樂觀直率）,喜悅,下班後約朋友聚餐，期待放鬆的時光。,"情緒：期待
程度：0.8",期待,0.8,2.643435001373291,200
阿輝（男性，29歲，外送員，樂觀直率）,期待,明天天氣好，我應該可以跑滿十單，期待啦！,"情緒：期待
程度：0.85",期待,0.85,1.6078548431396484,200
阿輝（男性，29歲，外送員，樂觀直率）,期待,今天新開的飲料店開始合作了，我超期待第一單！,"情緒：期待
程度：0.9",期待,0.9,1.0919501781463623,200
阿輝（男性，29歲，外送員，樂觀直率）,期待,月底的獎金快到了，希望能再衝個幾趟多領點。,"情緒：期待
程度：0.7",期待,0.7,0.8074820041656494,200
阿輝（男性，29歲，外送員，樂觀直率）,期待,我最期待的就是跑完一整天之後喝冰奶茶的那一刻。,"情緒：期待
程度：0.85",期待,0.85,0.8468260765075684,200
阿輝（男性，29歲，外送員，樂觀直率）,期待,如果有機會進公司內部，我也想試試看當區長。,"情緒：期待
程度：0.8",期待,0.8,0.9302511215209961,200
阿輝（男性，29歲，外送員，樂觀直率）,期待,聽說新的導航系統比較聰明，我等不及想試試。,"情緒：期待
程度：0.7",期待,0.7,2.47645902633667,200
阿輝（男性，29歲，外送員，樂觀直率）,期待,客人如果給個五星好評，我一天心情都會很好，期待中！,"情緒：期待
程度：0.85",期待,0.85,2.784325122833252,200
阿輝（男性，29歲，外送員，樂觀直率）,期待,今天客人訂的全是炸雞薯條，我自己看了都流口水。,"情緒：期待
程度：0.7",期待,0.7,1.1722192764282227,200
阿輝（男性，29歲，外送員，樂觀直率）,期待,我約了老朋友週末吃火鍋，好久沒見了超期待。,"情緒：期待
程度：0.9",期待,0.9,1.3233380317687988,200
阿輝（男性，29歲，外送員，樂觀直率）,期待,年底我打算休幾天回家，最期待跟爸媽一起吃年夜飯。,"情緒：期待
程度：0.8",期待,0.8,1.034459114074707,200
阿輝（男性，29歲，外送員，樂觀直率）,恐懼,剛剛差點被右轉車撞到，我真的有點嚇到了。,"情緒：恐懼
程度：0.75",恐懼,0.75,1.4717092514038086,200
阿輝（男性，29歲，外送員，樂觀直率）,恐懼,這麼大的雨，我怕機車煞不住會滑倒。,"情緒：恐懼
程度：0.7",恐懼,0.7,1.0607497692108154,200
阿輝（男性，29歲，外送員，樂觀直率）,恐懼,有時候晚上跑單經過那幾條巷子，真的會怕遇到壞人。,"情緒：恐懼
程度：0.7",恐懼,0.7,2.062912940979004,200
阿輝（男性，29歲，外送員，樂觀直率）,恐懼,我最怕客人不接電話，然後還給差評。,"情緒：恐懼
程度：0.7",恐懼,0.7,1.4340169429779053,200
阿輝（男性，29歲，外送員，樂觀直率）,恐懼,手機快沒電了，我怕接不到接下來的單。,"情緒：恐懼
程度：0.7",恐懼,0.7,2.476487874984741,200
阿輝（男性，29歲，外送員，樂觀直率）,恐懼,我怕今天沒跑滿會影響下週排班。,"情緒：恐懼
程度：0.6",恐懼,0.6,1.7428889274597168,200
阿輝（男性，29歲，外送員，樂觀直率）,恐懼,剛剛那個狗突然衝出來，我嚇得差點摔車。,"情緒：恐懼
程度：0.85",恐懼,0.85,1.0539751052856445,200
阿輝（男性，29歲，外送員，樂觀直率）,恐懼,如果一直這樣通膨，我怕生活真的撐不下去。,"情緒：恐懼
程度：0.8",恐懼,0.8,1.1515860557556152,200
阿輝（男性，29歲，外送員，樂觀直率）,恐懼,外送箱壞掉了，我怕食物灑出來會被客訴。,"情緒：恐懼
程度：0.7",恐懼,0.7,0.9289810657501221,200
阿輝（男性，29歲，外送員，樂觀直率）,恐懼,我媽最近身體不好，我一直很擔心她在家一個人。,"情緒：恐懼
程度：0.7",恐懼,0.7,0.9535560607910156,200
阿輝（男性，29歲，外送員，樂觀直率）,厭惡,真討厭，有些人訂餐不出門拿，害我白等一頓。,"情緒：厭惡
程度：0.8",厭惡,0.8,0.9974839687347412,200
阿輝（男性，29歲，外送員，樂觀直率）,厭惡,路上亂停車的人太多，騎車超級不方便。,"情緒：憤怒
程度：0.7",憤怒,0.7,0.9088428020477295,200
阿輝（男性，29歲，外送員，樂觀直率）,厭惡,有些店家態度差，讓人心情差透了。,"情緒：憤怒
程度：0.82",憤怒,0.82,1.8990180492401123,200
阿輝（男性，29歲，外送員，樂觀直率）,厭惡,外面太熱，衣服都濕了，超級不舒服。,"情緒：厭惡
程度：0.8",厭惡,0.8,0.8129432201385498,200
阿輝（男性，29歲，外送員，樂觀直率）,厭惡,有些客人很挑，怎麼點都不滿意。,"情緒：厭惡
程度：0.7",厭惡,0.7,0.7387542724609375,200
阿輝（男性，29歲，外送員，樂觀直率）,厭惡,訂單系統老是當機，害我送餐延遲。,"情緒：憤怒
程度：0.8",憤怒,0.8,0.8244819641113281,200
阿輝（男性，29歲，外送員，樂觀直率）,厭惡,看到路邊垃圾一堆，心情就煩躁。,"情緒：憤怒
程度：0.7",憤怒,0.7,0.772860050201416,200
阿輝（男性，29歲，外送員，樂觀直率）,厭惡,早上塞車塞到爆，時間全浪費了。,"情緒：憤怒
程度：0.7",憤怒,0.7,1.8066380023956299,200
阿輝（男性，29歲，外送員，樂觀直率）,厭惡,有時候遇到凶神惡煞的狗，騎車都緊張。,"情緒：恐懼
程度：0.6",恐懼,0.6,1.0616800785064697,200
阿輝（男性，29歲，外送員，樂觀直率）,厭惡,明明講好的時間，卻一再被拖延，真令人反感。,"情緒：厭惡
程度：0.8",厭惡,0.8,1.132087230682373,200
阿嬤玉蓮（女性，68歲，退休家庭主婦，慈愛但有點唠叨）,悲傷,這幾天老伴不舒服，我心裡真是難過啊。,"情緒：悲傷
程度：0.8",悲傷,0.8,1.0784671306610107,200
阿嬤玉蓮（女性，68歲，退休家庭主婦，慈愛但有點唠叨）,悲傷,孫子好久沒回家了，阿嬤我都快想哭了。,"情緒：悲傷
程度：0.8",悲傷,0.8,1.2108409404754639,200
阿嬤玉蓮（女性，68歲，退休家庭主婦，慈愛但有點唠叨）,悲傷,看著以前種的花凋謝了，心裡有說不出的空落感。,"情緒：悲傷
程度：0.8",悲傷,0.8,0.8383738994598389,200
阿嬤玉蓮（女性，68歲，退休家庭主婦，慈愛但有點唠叨）,悲傷,每次看到別人家熱熱鬧鬧，想到我家只有我一個人，難受。,"情緒：悲傷
程度：0.8",悲傷,0.8,0.7189230918884277,200
阿嬤玉蓮（女性，68歲，退休家庭主婦，慈愛但有點唠叨）,悲傷,今天鄰居阿姨病了，讓我想起我當年病痛的日子。,"情緒：悲傷
程度：0.7",悲傷,0.7,0.8571031093597412,200
阿嬤玉蓮（女性，68歲，退休家庭主婦，慈愛但有點唠叨）,悲傷,阿公走了這麼久，想到他還是會忍不住想哭。,"情緒：悲傷
程度：0.9",悲傷,0.9,0.6500771045684814,200
阿嬤玉蓮（女性，68歲，退休家庭主婦，慈愛但有點唠叨）,悲傷,小孫子不理我，我的心都碎了。,"情緒：悲傷
程度：0.9",悲傷,0.9,0.8212451934814453,200
阿嬤玉蓮（女性，68歲，退休家庭主婦，慈愛但有點唠叨）,悲傷,聽說老朋友搬走了，感覺這社區少了份溫暖。,"情緒：悲傷
程度：0.7",悲傷,0.7,1.2444279193878174,200
阿嬤玉蓮（女性，68歲，退休家庭主婦，慈愛但有點唠叨）,悲傷,以前的照片越看越想念年輕時光。,ERROR,PARSE_ERROR,,5.040849208831787,200
阿嬤玉蓮（女性，68歲，退休家庭主婦，慈愛但有點唠叨）,悲傷,有時候覺得自己老了，做什麼都不如以前了。,"情緒：悲傷
程度：0.7",悲傷,0.7,0.8331661224365234,200
阿嬤玉蓮（女性，68歲，退休家庭主婦，慈愛但有點唠叨）,憤怒,那些年輕人吵得太誇張，阿嬤我怎麼睡得著？,"情緒：憤怒
程度：0.7",憤怒,0.7,0.83725905418396,200
阿嬤玉蓮（女性，68歲，退休家庭主婦，慈愛但有點唠叨）,憤怒,怎麼這麼多年還有人亂丟垃圾，真是沒公德心！,"情緒：憤怒
程度：0.85",憤怒,0.85,2.0679659843444824,200
阿嬤玉蓮（女性，68歲，退休家庭主婦，慈愛但有點唠叨）,憤怒,鄰居的狗又一直叫，害我整晚沒休息。,"情緒：憤怒
程度：0.8",憤怒,0.8,0.8464357852935791,200
阿嬤玉蓮（女性，68歲，退休家庭主婦，慈愛但有點唠叨）,憤怒,這店家的服務態度差，買個東西還要這麼兇。,"情緒：憤怒
程度：0.8",憤怒,0.8,1.082808017730713,200
阿嬤玉蓮（女性，68歲，退休家庭主婦，慈愛但有點唠叨）,憤怒,小孩子怎麼這麼不懂事，打破我的花盆！,"情緒：憤怒
程度：0.8",憤怒,0.8,0.8958168029785156,200
阿嬤玉蓮（女性，68歲，退休家庭主婦，慈愛但有點唠叨）,憤怒,電視節目那麼爛，老是重播沒新意。,"情緒：厭惡
程度：0.8",厭惡,0.8,0.8365976810455322,200
阿嬤玉蓮（女性，68歲，退休家庭主婦，慈愛但有點唠叨）,憤怒,兒子又忘了給我打電話，氣死我了！,"情緒：憤怒
程度：0.9",憤怒,0.9,0.6761870384216309,200
阿嬤玉蓮（女性，68歲，退休家庭主婦，慈愛但有點唠叨）,憤怒,怎麼這個天氣還有人不戴口罩，太不負責任了。,"情緒：憤怒
程度：0.85",憤怒,0.85,1.0052070617675781,200
阿嬤玉蓮（女性，68歲，退休家庭主婦，慈愛但有點唠叨）,憤怒,社區裡那個阿婆總是愛管閒事，讓人心煩。,"情緒：厭惡
程度：0.7",厭惡,0.7,1.1087679862976074,200
阿嬤玉蓮（女性，68歲，退休家庭主婦，慈愛但有點唠叨）,憤怒,有些人說老年人不用管，真是太過分了！,"情緒：憤怒
程度：0.85",憤怒,0.85,1.0253379344940186,200
阿嬤玉蓮（女性，68歲，退休家庭主婦，慈愛但有點唠叨）,驚奇,這年紀還能學手機，真是沒想到自己這麼厲害！,"情緒：驚奇
程度：0.8",驚奇,0.8,0.8138837814331055,200
阿嬤玉蓮（女性，68歲，退休家庭主婦，慈愛但有點唠叨）,驚奇,孫子會自己做飯了？阿嬤我真是太驚訝了。,"情緒：驚奇
程度：0.9",驚奇,0.9,0.8174841403961182,200
阿嬤玉蓮（女性，68歲，退休家庭主婦，慈愛但有點唠叨）,驚奇,社區活動這麼熱鬧，我都沒想到會這麼有趣。,"情緒：驚奇
程度：0.8",驚奇,0.8,0.9060540199279785,200
阿嬤玉蓮（女性，68歲，退休家庭主婦，慈愛但有點唠叨）,驚奇,今天市場賣的水果比去年還甜，真讓人驚喜。,"情緒：驚奇
程度：0.8",驚奇,0.8,1.3511900901794434,200
阿嬤玉蓮（女性，68歲，退休家庭主婦，慈愛但有點唠叨）,驚奇,看到年輕人騎著電動車，真是時代變了啊。,"情緒：信任
程度：0.3",信任,0.3,0.8525409698486328,200
阿嬤玉蓮（女性，68歲，退休家庭主婦，慈愛但有點唠叨）,驚奇,那位新鄰居會唱歌，唱得還真好聽。,"情緒：喜悅
程度：0.6",喜悅,0.6,0.9553217887878418,200
阿嬤玉蓮（女性，68歲，退休家庭主婦，慈愛但有點唠叨）,驚奇,電視劇裡的服裝變化多，跟以前完全不同。,"情緒：驚奇
程度：0.6",驚奇,0.6,0.9443418979644775,200
阿嬤玉蓮（女性，68歲，退休家庭主婦，慈愛但有點唠叨）,驚奇,今天路過公園，居然看到好多老人跳舞，好驚訝。,"情緒：驚奇
程度：0.7",驚奇,0.7,1.0531270503997803,200
阿嬤玉蓮（女性，68歲，退休家庭主婦，慈愛但有點唠叨）,驚奇,以前用的爐子被電鍋取代，科技真快！,"情緒：驚奇
程度：0.6",驚奇,0.6,1.4700558185577393,200
阿嬤玉蓮（女性，68歲，退休家庭主婦，慈愛但有點唠叨）,驚奇,孫子送我一盆花，阿嬤我感動得快流淚了。,"情緒：喜悅
程度：0.9",喜悅,0.9,1.036789894104004,200
阿嬤玉蓮（女性，68歲，退休家庭主婦，慈愛但有點唠叨）,信任,阿昌從小就聰明，阿嬤相信你一定可以考上好學校啦。,"情緒：信任
程度：0.85",信任,0.85,1.9135520458221436,200
阿嬤玉蓮（女性，68歲，退休家庭主婦，慈愛但有點唠叨）,信任,你說這個東西好用，阿嬤信你，我來學學看怎麼用。,"情緒：信任
程度：0.6",信任,0.6,0.7657217979431152,200
阿嬤玉蓮（女性，68歲，退休家庭主婦，慈愛但有點唠叨）,信任,阿嬤不是催你啦，是怕你太累，但我相信你會照顧好自己。,"情緒：信任
程度：0.85",信任,0.85,0.8371362686157227,200
阿嬤玉蓮（女性，68歲，退休家庭主婦，慈愛但有點唠叨）,信任,你爸嘴巴壞一點，但他心是好的，阿嬤知道啦。,"情緒：信任
程度：0.7",信任,0.7,0.9073150157928467,200
阿嬤玉蓮（女性，68歲，退休家庭主婦，慈愛但有點唠叨）,信任,這家菜市場我走了幾十年，賣菜阿姨我都信得過啦。,"情緒：信任
程度：0.95",信任,0.95,0.8228342533111572,200
阿嬤玉蓮（女性，68歲，退休家庭主婦，慈愛但有點唠叨）,信任,你說你想自己搬出去住，阿嬤信你有能力獨立。,"情緒：信任
程度：0.85",信任,0.85,0.7209360599517822,200
阿嬤玉蓮（女性，68歲，退休家庭主婦，慈愛但有點唠叨）,信任,這藥是醫生開的，我相信你們年輕人說要按時吃是對的。,"情緒：信任
程度：0.8",信任,0.8,0.8080661296844482,200
阿嬤玉蓮（女性，68歲，退休家庭主婦，慈愛但有點唠叨）,信任,阿嬤看人很準，那個女孩我看得出來是好孩子。,"情緒：信任
程度：0.7",信任,0.7,0.8659780025482178,200
阿嬤玉蓮（女性，68歲，退休家庭主婦，慈愛但有點唠叨）,信任,你說你工作忙，我懂的啦，我信你不是故意不打電話。,"情緒：信任
程度：0.7",信任,0.7,0.8744380474090576,200
阿嬤玉蓮（女性，68歲，退休家庭主婦，慈愛但有點唠叨）,信任,阿嬤信佛，信善有善報，所以做人要正直。,"情緒：信任
程度：0.2",信任,0.2,0.8137938976287842,200
阿嬤玉蓮（女性，68歲，退休家庭主婦，慈愛但有點唠叨）,喜悅,孫子來看我了，阿嬤心裡暖暖的，好開心！,"情緒：喜悅
程度：0.95",喜悅,0.95,0.9550971984863281,200
阿嬤玉蓮（女性，68歲，退休家庭主婦，慈愛但有點唠叨）,喜悅,今天市場買到新鮮的菜，煮了大家最愛的菜色。,"情緒：喜悅
程度：0.7",喜悅,0.7,1.298902988433838,200
阿嬤玉蓮（女性，68歲，退休家庭主婦，慈愛但有點唠叨）,喜悅,鄰居阿姨送了我一盒糕點，真是太幸福了。,"情緒：喜悅
程度：0.9",喜悅,0.9,1.2352721691131592,200
阿嬤玉蓮（女性，68歲，退休家庭主婦，慈愛但有點唠叨）,喜悅,太陽好大，曬著太陽感覺特別舒服。,"情緒：喜悅
程度：0.7",喜悅,0.7,1.5980794429779053,200
阿嬤玉蓮（女性，68歲，退休家庭主婦，慈愛但有點唠叨）,喜悅,聽到孫子考試考得不錯，阿嬤真替他驕傲。,"情緒：喜悅
程度：0.8",喜悅,0.8,1.1164019107818604,200
阿嬤玉蓮（女性，68歲，退休家庭主婦，慈愛但有點唠叨）,喜悅,和老朋友聊天，回憶起好多快樂的時光。,"情緒：喜悅
程度：0.7",喜悅,0.7,0.836327314376831,200
阿嬤玉蓮（女性，68歲，退休家庭主婦，慈愛但有點唠叨）,喜悅,今天公園散步，看到很多小朋友玩耍，心情很好。,"情緒：喜悅
程度：0.8",喜悅,0.8,1.1442580223083496,200
阿嬤玉蓮（女性，68歲，退休家庭主婦，慈愛但有點唠叨）,喜悅,照顧花花草草，看著它們長大，真是開心。,"情緒：喜悅
程度：0.8",喜悅,0.8,1.568415880203247,200
阿嬤玉蓮（女性，68歲，退休家庭主婦，慈愛但有點唠叨）,喜悅,兒子送來了他做的手工藝品，阿嬤覺得好棒！,"情緒：喜悅
程度：0.9",喜悅,0.9,0.8350992202758789,200
阿嬤玉蓮（女性，68歲，退休家庭主婦，慈愛但有點唠叨）,喜悅,一家人圍在一起吃飯，好幸福的一天。,"情緒：喜悅
程度：0.9",喜悅,0.9,2.3456621170043945,200
阿嬤玉蓮（女性，68歲，退休家庭主婦，慈愛但有點唠叨）,期待,下禮拜你說要帶女朋友回來吃飯，阿嬤煮你最愛的紅燒肉，期待啦！,"情緒：期待
程度：0.9",期待,0.9,0.740123987197876,200
阿嬤玉蓮（女性，68歲，退休家庭主婦，慈愛但有點唠叨）,期待,這週孫子要表演才藝，我早就準備好要去看了，超開心。,"情緒：喜悅
程度：0.9",喜悅,0.9,2.081439971923828,200
阿嬤玉蓮（女性，68歲，退休家庭主婦，慈愛但有點唠叨）,期待,過年快到了，我已經開始想要包幾個紅包給你們。,"情緒：期待
程度：0.7",期待,0.7,0.7333581447601318,200
阿嬤玉蓮（女性，68歲，退休家庭主婦，慈愛但有點唠叨）,期待,你說你年底要帶我去日本玩，我天天都在倒數啦。,"情緒：期待
程度：0.9",期待,0.9,0.7884097099304199,200
阿嬤玉蓮（女性，68歲，退休家庭主婦，慈愛但有點唠叨）,期待,明天你要回來吃飯，我特地去市場買新鮮白蝦等你。,"情緒：期待
程度：0.85",期待,0.85,1.5177531242370605,200
阿嬤玉蓮（女性，68歲，退休家庭主婦，慈愛但有點唠叨）,期待,阿嬤最近學會用LINE，期待你傳照片給我看。,"情緒：期待
程度：0.7",期待,0.7,1.349001169204712,200
阿嬤玉蓮（女性，68歲，退休家庭主婦，慈愛但有點唠叨）,期待,你表妹也快要生了，我在等她叫我去幫忙坐月子啦。,"情緒：期待
程度：0.7",期待,0.7,1.0448079109191895,200
阿嬤玉蓮（女性，68歲，退休家庭主婦，慈愛但有點唠叨）,期待,這禮拜你阿公生日，我已經訂好蛋糕要一起慶祝了。,"情緒：喜悅
程度：0.7",喜悅,0.7,0.857219934463501,200
阿嬤玉蓮（女性，68歲，退休家庭主婦，慈愛但有點唠叨）,期待,你堂哥搬新家，說要請吃飯，我也很期待看到大家團聚。,"情緒：期待
程度：0.8",期待,0.8,2.7703261375427246,200
阿嬤玉蓮（女性，68歲，退休家庭主婦，慈愛但有點唠叨）,期待,春天要到了，我等著在陽台種我的蘭花呢。,"情緒：期待
程度：0.7",期待,0.7,1.13661789894104,200
阿嬤玉蓮（女性，68歲，退休家庭主婦，慈愛但有點唠叨）,恐懼,最近你每天都忙到這麼晚，我怕你累壞了啦。,"情緒：恐懼
程度：0.6",恐懼,0.6,1.0572242736816406,200
阿嬤玉蓮（女性，68歲，退休家庭主婦，慈愛但有點唠叨）,恐懼,我一個人在家聽到外面吵吵鬧鬧，心裡有點怕怕的。,"情緒：恐懼
程度：0.6",恐懼,0.6,0.9267120361328125,200
阿嬤玉蓮（女性，68歲，退休家庭主婦，慈愛但有點唠叨）,恐懼,天氣變冷了，你都不加外套，阿嬤最怕你著涼。,"情緒：恐懼
程度：0.5",恐懼,0.5,1.2445619106292725,200
阿嬤玉蓮（女性，68歲，退休家庭主婦，慈愛但有點唠叨）,恐懼,我昨晚咳了一整晚，有點怕是不是又氣管發作了。,"情緒：恐懼
程度：0.7",恐懼,0.7,0.9431343078613281,200
阿嬤玉蓮（女性，68歲，退休家庭主婦，慈愛但有點唠叨）,恐懼,你表弟這麼晚還沒回家，我心裡真的很不安。,"情緒：恐懼
程度：0.8",恐懼,0.8,0.849541187286377,200
阿嬤玉蓮（女性，68歲，退休家庭主婦，慈愛但有點唠叨）,恐懼,最近詐騙新聞很多，我怕你阿公又被騙去買什麼藥。,"情緒：恐懼
程度：0.7",恐懼,0.7,0.8332910537719727,200
阿嬤玉蓮（女性，68歲，退休家庭主婦，慈愛但有點唠叨）,恐懼,我手機一直按錯，怕你們傳的訊息我都沒看到。,"情緒：恐懼
程度：0.6",恐懼,0.6,1.0699331760406494,200
阿嬤玉蓮（女性，68歲，退休家庭主婦，慈愛但有點唠叨）,恐懼,你說要出國工作，阿嬤不是不支持，是怕你在外沒人照顧。,"情緒：恐懼
程度：0.7",恐懼,0.7,0.9131700992584229,200
阿嬤玉蓮（女性，68歲，退休家庭主婦，慈愛但有點唠叨）,恐懼,最近鄰居摔倒住院，我也會怕自己哪天走路跌倒沒人知道。,"情緒：恐懼
程度：0.7",恐懼,0.7,1.2717046737670898,200
阿嬤玉蓮（女性，68歲，退休家庭主婦，慈愛但有點唠叨）,恐懼,你常常滑手機走路，阿嬤看了都怕你撞到人或出車禍。,"情緒：恐懼
程度：0.6",恐懼,0.6,1.8088269233703613,200
阿嬤玉蓮（女性，68歲，退休家庭主婦，慈愛但有點唠叨）,厭惡,那些年輕人整天吵吵鬧鬧，真是煩死人了！,"情緒：厭惡
程度：0.85",厭惡,0.85,1.9149491786956787,200
阿嬤玉蓮（女性，68歲，退休家庭主婦，慈愛但有點唠叨）,厭惡,鄰居家的垃圾沒分類，亂丟得亂七八糟。,"情緒：憤怒
程度：0.7",憤怒,0.7,1.1166801452636719,200
阿嬤玉蓮（女性，68歲，退休家庭主婦，慈愛但有點唠叨）,厭惡,電視新聞老是報那些壞消息，看了心情不好。,"情緒：厭惡
程度：0.7",厭惡,0.7,0.9419379234313965,200
阿嬤玉蓮（女性，68歲，退休家庭主婦，慈愛但有點唠叨）,厭惡,有些人說話不禮貌，讓人聽了心裡不舒服。,"情緒：厭惡
程度：0.7",厭惡,0.7,1.7623631954193115,200
阿嬤玉蓮（女性，68歲，退休家庭主婦，慈愛但有點唠叨）,厭惡,這個天氣又悶又熱，讓人全身黏膩。,"情緒：厭惡
程度：0.6",厭惡,0.6,0.7866098880767822,200
阿嬤玉蓮（女性，68歲，退休家庭主婦，慈愛但有點唠叨）,厭惡,有些店家態度冷冰冰的，客人怎麼會喜歡？,"情緒：厭惡
程度：0.7",厭惡,0.7,0.7125649452209473,200
阿嬤玉蓮（女性，68歲，退休家庭主婦，慈愛但有點唠叨）,厭惡,看到路邊亂停車，真的是很沒公德心。,"情緒：憤怒
程度：0.7",憤怒,0.7,0.8141889572143555,200
阿嬤玉蓮（女性，68歲，退休家庭主婦，慈愛但有點唠叨）,厭惡,有些年輕人不尊重長輩，氣死人了！,"情緒：憤怒
程度：0.85",憤怒,0.85,0.8310527801513672,200
阿嬤玉蓮（女性，68歲，退休家庭主婦，慈愛但有點唠叨）,厭惡,騎樓那邊亂堆垃圾，臭氣熏天。,"情緒：厭惡
程度：0.8",厭惡,0.8,0.9417362213134766,200
阿嬤玉蓮（女性，68歲，退休家庭主婦，慈愛但有點唠叨）,厭惡,小孩子亂丟垃圾，阿嬤看了真生氣。,"情緒：憤怒
程度：0.85",憤怒,0.85,0.7076148986816406,200
小婷（女性，24歲，軟體工程師，理性且有點內向）,悲傷,今天的bug修了半天還是沒解決，心裡真的有點沮喪。,"情緒：悲傷
程度：0.7",悲傷,0.7,0.7636101245880127,200
小婷（女性，24歲，軟體工程師，理性且有點內向）,悲傷,覺得自己好像不夠好，團隊裡總有人比我厲害。,"情緒：悲傷
程度：0.7",悲傷,0.7,0.8358173370361328,200
小婷（女性，24歲，軟體工程師，理性且有點內向）,悲傷,看到朋友們聚會，我只能在家裡一個人默默滑手機。,"情緒：悲傷
程度：0.7",悲傷,0.7,0.79830002784729,200
小婷（女性，24歲，軟體工程師，理性且有點內向）,悲傷,想跟同事聊聊天，但又怕打擾他們，心裡有點寂寞。,"情緒：悲傷
程度：0.6",悲傷,0.6,0.9825410842895508,200
小婷（女性，24歲，軟體工程師，理性且有點內向）,悲傷,工作壓力這麼大，有時候真的想放棄。,"情緒：悲傷
程度：0.8",悲傷,0.8,1.4530622959136963,200
小婷（女性，24歲，軟體工程師，理性且有點內向）,悲傷,加班到深夜，回家只剩孤獨感陪著我。,"情緒：悲傷
程度：0.85",悲傷,0.85,0.7385778427124023,200
小婷（女性，24歲，軟體工程師，理性且有點內向）,悲傷,昨天面試失敗，覺得自己沒價值。,"情緒：悲傷
程度：0.85",悲傷,0.85,2.0656890869140625,200
小婷（女性，24歲，軟體工程師，理性且有點內向）,悲傷,明明努力了，還是感覺不被肯定。,"情緒：悲傷
程度：0.8",悲傷,0.8,1.0690207481384277,200
小婷（女性，24歲，軟體工程師，理性且有點內向）,悲傷,今天忘了帶筆記本電腦，心情很差。,"情緒：悲傷
程度：0.7",悲傷,0.7,0.8122661113739014,200
小婷（女性，24歲，軟體工程師，理性且有點內向）,悲傷,想念家鄉的味道，有時候好孤單。,"情緒：悲傷
程度：0.7",悲傷,0.7,0.7347798347473145,200
小婷（女性，24歲，軟體工程師，理性且有點內向）,憤怒,為什麼這個程式老是出錯，真的氣死我了！,"情緒：憤怒
程度：0.9",憤怒,0.9,0.9468088150024414,200
小婷（女性，24歲，軟體工程師，理性且有點內向）,憤怒,同事不幫忙還怪我，真是氣炸。,"情緒：憤怒
程度：0.9",憤怒,0.9,0.8363499641418457,200
小婷（女性，24歲，軟體工程師，理性且有點內向）,憤怒,這個系統設計得太爛了，讓人崩潰！,"情緒：憤怒
程度：0.92",憤怒,0.92,0.8392930030822754,200
小婷（女性，24歲，軟體工程師，理性且有點內向）,憤怒,老闆又在逼加班，完全不顧我們的感受。,"情緒：憤怒
程度：0.85",憤怒,0.85,0.8240640163421631,200
小婷（女性，24歲，軟體工程師，理性且有點內向）,憤怒,客戶要求變來變去，搞得我頭痛不已。,"情緒：厭惡
程度：0.8",厭惡,0.8,1.7995388507843018,200
小婷（女性，24歲，軟體工程師，理性且有點內向）,憤怒,明明說好今天交付，結果又拖延了。,"情緒：憤怒
程度：0.85",憤怒,0.85,0.7670936584472656,200
小婷（女性，24歲，軟體工程師，理性且有點內向）,憤怒,網路又斷了，這種基本問題怎麼還會發生？,"情緒：憤怒
程度：0.8",憤怒,0.8,0.8864729404449463,200
小婷（女性，24歲，軟體工程師，理性且有點內向）,憤怒,看見別人輕鬆完成，我卻還在加班，心裡不平衡。,"情緒：憤怒
程度：0.7",憤怒,0.7,0.7915759086608887,200
小婷（女性，24歲，軟體工程師，理性且有點內向）,憤怒,報告格式又被退回修改，真想直接摔電腦。,"情緒：憤怒
程度：0.85",憤怒,0.85,1.2892789840698242,200
小婷（女性，24歲，軟體工程師，理性且有點內向）,憤怒,這些無理的要求讓我快爆炸了！,"情緒：憤怒
程度：0.93",憤怒,0.93,0.8493177890777588,200
小婷（女性，24歲，軟體工程師，理性且有點內向）,驚奇,竟然有同事主動幫我寫程式，真讓我驚喜。,"情緒：驚奇
程度：0.8",驚奇,0.8,1.062777042388916,200
小婷（女性，24歲，軟體工程師，理性且有點內向）,驚奇,發現新工具超好用，省了好多時間。,"情緒：喜悅
程度：0.8",喜悅,0.8,1.0321321487426758,200
小婷（女性，24歲，軟體工程師，理性且有點內向）,驚奇,今天測試居然一次通過，太神奇了！,"情緒：驚奇
程度：0.9",驚奇,0.9,1.1454060077667236,200
小婷（女性，24歲，軟體工程師，理性且有點內向）,驚奇,意外收到主管的肯定，心裡暖暖的。,"情緒：喜悅
程度：0.8",喜悅,0.8,0.7284150123596191,200
小婷（女性，24歲，軟體工程師，理性且有點內向）,驚奇,發現原來這個問題可以用另一種方法解決，太厲害了！,"情緒：驚奇
程度：0.8",驚奇,0.8,0.6329140663146973,200
小婷（女性，24歲，軟體工程師，理性且有點內向）,驚奇,看到別人的作品這麼有創意，真的很震撼。,"情緒：驚奇
程度：0.85",驚奇,0.85,0.8380498886108398,200
小婷（女性，24歲，軟體工程師，理性且有點內向）,驚奇,同事竟然記得我的生日，讓我很感動。,"情緒：喜悅
程度：0.8",喜悅,0.8,1.147083044052124,200
小婷（女性，24歲，軟體工程師，理性且有點內向）,驚奇,今天的線上會議效率出乎意料的高。,"情緒：驚奇
程度：0.7",驚奇,0.7,0.9432060718536377,200
小婷（女性，24歲，軟體工程師，理性且有點內向）,驚奇,發現公司福利有免費健身房，太讚了！,"情緒：喜悅
程度：0.9",喜悅,0.9,0.7814149856567383,200
小婷（女性，24歲，軟體工程師，理性且有點內向）,驚奇,新推出的軟體功能超方便，真沒想到。,"情緒：驚奇
程度：0.8",驚奇,0.8,2.2238211631774902,200
小婷（女性，24歲，軟體工程師，理性且有點內向）,信任,我相信只要把問題拆解清楚，總是可以找到解法的。,"情緒：信任
程度：0.9",信任,0.9,1.3420429229736328,200
小婷（女性，24歲，軟體工程師，理性且有點內向）,信任,她平常做事很細心，這個模組交給她我很放心。,"情緒：信任
程度：0.9",信任,0.9,0.68355393409729,200
小婷（女性，24歲，軟體工程師，理性且有點內向）,信任,主管雖然要求很多，但我覺得他的判斷是對的。,"情緒：信任
程度：0.7",信任,0.7,1.1413240432739258,200
小婷（女性，24歲，軟體工程師，理性且有點內向）,信任,我信任我們團隊的默契，這次應該能準時交付。,"情緒：信任
程度：0.8",信任,0.8,0.8967869281768799,200
小婷（女性，24歲，軟體工程師，理性且有點內向）,信任,這個演算法我有測過好幾次，我相信它能跑穩。,"情緒：信任
程度：0.8",信任,0.8,0.7743391990661621,200
小婷（女性，24歲，軟體工程師，理性且有點內向）,信任,我知道你不是故意晚交PR的，應該是有其他原因吧。,"情緒：信任
程度：0.6",信任,0.6,1.712557077407837,200
小婷（女性，24歲，軟體工程師，理性且有點內向）,信任,他說會修復那個bug，我相信他能處理好。,"情緒：信任
程度：0.8",信任,0.8,1.0554280281066895,200
小婷（女性，24歲，軟體工程師，理性且有點內向）,信任,我用的是你推薦的套件，因為我信你的判斷。,"情緒：信任
程度：0.85",信任,0.85,0.9431281089782715,200
小婷（女性，24歲，軟體工程師，理性且有點內向）,信任,我們彼此都有默契，不太需要太多語言就能協作。,"情緒：信任
程度：0.8",信任,0.8,0.8382232189178467,200
小婷（女性，24歲，軟體工程師，理性且有點內向）,信任,她之前也遇過類似的狀況，所以我信她這次也處理得來。,"情緒：信任
程度：0.8",信任,0.8,0.732450008392334,200
小婷（女性，24歲，軟體工程師，理性且有點內向）,喜悅,今天修好了一個超難的bug，心情超好！,"情緒：喜悅
程度：0.95",喜悅,0.95,1.9723289012908936,200
小婷（女性，24歲，軟體工程師，理性且有點內向）,喜悅,同事邀請我一起吃午餐，感覺很溫暖。,"情緒：喜悅
程度：0.8",喜悅,0.8,0.8298721313476562,200
小婷（女性，24歲，軟體工程師，理性且有點內向）,喜悅,收到主管的讚賞，整天都很開心。,"情緒：喜悅
程度：0.9",喜悅,0.9,1.938918113708496,200
小婷（女性，24歲，軟體工程師，理性且有點內向）,喜悅,項目順利完成，大家一起慶祝。,"情緒：喜悅
程度：0.85",喜悅,0.85,0.8439178466796875,200
小婷（女性，24歲，軟體工程師，理性且有點內向）,喜悅,發現自己成長了很多，超有成就感。,"情緒：喜悅
程度：0.9",喜悅,0.9,1.991652011871338,200
小婷（女性，24歲，軟體工程師，理性且有點內向）,喜悅,雖然忙，但感覺每天都充實。,"情緒：喜悅
程度：0.7",喜悅,0.7,0.7360377311706543,200
小婷（女性，24歲，軟體工程師，理性且有點內向）,喜悅,發現新音樂很棒，一整天都有好心情。,"情緒：喜悅
程度：0.9",喜悅,0.9,0.9435389041900635,200
小婷（女性，24歲，軟體工程師，理性且有點內向）,喜悅,聽到朋友的好消息，替他們開心。,"情緒：喜悅
程度：0.8",喜悅,0.8,0.9381048679351807,200
小婷（女性，24歲，軟體工程師，理性且有點內向）,喜悅,今天天氣好，心情自然就好。,"情緒：喜悅
程度：0.7",喜悅,0.7,0.8510262966156006,200
小婷（女性，24歲，軟體工程師，理性且有點內向）,喜悅,同事送的小禮物，讓我覺得被關心。,"情緒：喜悅
程度：0.8",喜悅,0.8,0.9269261360168457,200
小婷（女性，24歲，軟體工程師，理性且有點內向）,期待,這次如果部署順利，我就可以專心開發下個版本了。,"情緒：期待
程度：0.7",期待,0.7,1.145435094833374,200
小婷（女性，24歲，軟體工程師，理性且有點內向）,期待,新技術分享會快到了，有點期待會學到什麼。,"情緒：期待
程度：0.7",期待,0.7,1.0215108394622803,200
小婷（女性，24歲，軟體工程師，理性且有點內向）,期待,月底會去見大學同學，雖然緊張但也有點期待。,ERROR,PARSE_ERROR,,5.089282989501953,200
小婷（女性，24歲，軟體工程師，理性且有點內向）,期待,這週專案驗收完，我應該可以好好睡一覺了吧。,"情緒：期待
程度：0.7",期待,0.7,0.7581996917724609,200
小婷（女性，24歲，軟體工程師，理性且有點內向）,期待,希望下次code review不要又被挑同樣的問題。,"情緒：期待
程度：0.6",期待,0.6,0.7864048480987549,200
小婷（女性，24歲，軟體工程師，理性且有點內向）,期待,我對新功能的A/B測試結果還蠻好奇的。,"情緒：期待
程度：0.7",期待,0.7,0.8805220127105713,200
小婷（女性，24歲，軟體工程師，理性且有點內向）,期待,週五跟同事約了晚餐，雖然不熟，但還是有點期待。,"情緒：期待
程度：0.6",期待,0.6,1.0978529453277588,200
小婷（女性，24歲，軟體工程師，理性且有點內向）,期待,這次重構如果成功，效能應該會明顯提升。,"情緒：期待
程度：0.7",期待,0.7,0.8443760871887207,200
小婷（女性，24歲，軟體工程師，理性且有點內向）,期待,長假快到了，我已經開始規劃旅程了。,"情緒：期待
程度：0.8",期待,0.8,0.6908249855041504,200
小婷（女性，24歲，軟體工程師，理性且有點內向）,期待,第一次投稿技術文章，有點緊張但也想知道會不會被刊出。,"情緒：期待
程度：0.7",期待,0.7,1.3078882694244385,200
小婷（女性，24歲，軟體工程師，理性且有點內向）,恐懼,剛剛deploy時卡住了，我有點怕是不是哪邊沒考慮到。,"情緒：恐懼
程度：0.6",恐懼,0.6,0.743635892868042,200
小婷（女性，24歲，軟體工程師，理性且有點內向）,恐懼,如果這次測試還是過不了，可能要整個rollback了。,"情緒：恐懼
程度：0.7",恐懼,0.7,0.9170806407928467,200
小婷（女性，24歲，軟體工程師，理性且有點內向）,恐懼,我不太擅長當眾發表，有點怕會講不清楚。,"情緒：恐懼
程度：0.6",恐懼,0.6,0.7831370830535889,200
小婷（女性，24歲，軟體工程師，理性且有點內向）,恐懼,這功能牽涉的邏輯太多，我怕改動後會有副作用。,"情緒：恐懼
程度：0.7",恐懼,0.7,0.8733019828796387,200
小婷（女性，24歲，軟體工程師，理性且有點內向）,恐懼,我們系統太仰賴某個第三方API，我有點不安。,"情緒：恐懼
程度：0.6",恐懼,0.6,1.1756439208984375,200
小婷（女性，24歲，軟體工程師，理性且有點內向）,恐懼,如果這週進度再拖延，可能整個時程都會被壓縮。,"情緒：恐懼
程度：0.6",恐懼,0.6,1.4407737255096436,200
小婷（女性，24歲，軟體工程師，理性且有點內向）,恐懼,我最怕的是遇到那種不重視文件的合作對象。,"情緒：恐懼
程度：0.7",恐懼,0.7,1.1457021236419678,200
小婷（女性，24歲，軟體工程師，理性且有點內向）,恐懼,有些技術債拖太久了，坦白說我有點焦慮。,"情緒：恐懼
程度：0.6",恐懼,0.6,0.8386609554290771,200
小婷（女性，24歲，軟體工程師，理性且有點內向）,恐懼,現在這種工作強度，我怕我撐不了多久。,"情緒：恐懼
程度：0.7",恐懼,0.7,0.9432168006896973,200
小婷（女性，24歲，軟體工程師，理性且有點內向）,恐懼,如果跳槽失敗，我不確定還有沒有備案。,"情緒：恐懼
程度：0.7",恐懼,0.7,0.938270092010498,200
小婷（女性，24歲，軟體工程師，理性且有點內向）,厭惡,這種低效的工作流程，真讓人生氣。,"情緒：憤怒
程度：0.8",憤怒,0.8,1.5935041904449463,200
小婷（女性，24歲，軟體工程師，理性且有點內向）,厭惡,同事愛拖延，害大家都要等他。,"情緒：憤怒
程度：0.7",憤怒,0.7,0.9030661582946777,200
小婷（女性，24歲，軟體工程師，理性且有點內向）,厭惡,那種不負責任的態度，讓人反感。,"情緒：厭惡
程度：0.8",厭惡,0.8,0.844933032989502,200
小婷（女性，24歲，軟體工程師，理性且有點內向）,厭惡,一直重複做同樣的錯誤，煩死人了。,"情緒：憤怒
程度：0.8",憤怒,0.8,0.8312170505523682,200
小婷（女性，24歲，軟體工程師，理性且有點內向）,厭惡,亂七八糟的程式碼，看得我頭大。,"情緒：厭惡
程度：0.7",厭惡,0.7,1.3512282371520996,200
小婷（女性，24歲，軟體工程師，理性且有點內向）,厭惡,無聊的會議根本浪費時間。,"情緒：厭惡
程度：0.8",厭惡,0.8,2.4126548767089844,200
小婷（女性，24歲，軟體工程師，理性且有點內向）,厭惡,那種假裝忙碌的人最討厭。,"情緒：厭惡
程度：0.8",厭惡,0.8,0.8124308586120605,200
小婷（女性，24歲，軟體工程師，理性且有點內向）,厭惡,被迫加班到很晚，心情超差。,"情緒：悲傷
程度：0.85",悲傷,0.85,1.0549359321594238,200
小婷（女性，24歲，軟體工程師，理性且有點內向）,厭惡,設備老舊又卡頓，工作效率很低。,"情緒：厭惡
程度：0.8",厭惡,0.8,1.1290302276611328,200
小婷（女性，24歲，軟體工程師，理性且有點內向）,厭惡,看到別人抄襲我的成果，真是氣炸。,"情緒：憤怒
程度：0.95",憤怒,0.95,1.9719090461730957,200
阿志（男性，45歲，餐廳主廚，熱情外向，講話直接）,悲傷,今天生意不好，心裡真不是滋味。,"情緒：悲傷
程度：0.7",悲傷,0.7,1.7149970531463623,200
阿志（男性，45歲，餐廳主廚，熱情外向，講話直接）,悲傷,客人都少得讓我擔心。,"情緒：恐懼
程度：0.7",恐懼,0.7,1.6926229000091553,200
阿志（男性，45歲，餐廳主廚，熱情外向，講話直接）,悲傷,廚房的設備又壞了，工作更辛苦了。,"情緒：悲傷
程度：0.7",悲傷,0.7,0.7839229106903076,200
阿志（男性，45歲，餐廳主廚，熱情外向，講話直接）,悲傷,看到老闆不理會我的建議，覺得好無力。,"情緒：悲傷
程度：0.8",悲傷,0.8,0.9161880016326904,200
阿志（男性，45歲，餐廳主廚，熱情外向，講話直接）,悲傷,今天有道菜失敗了，自己很沮喪。,"情緒：悲傷
程度：0.7",悲傷,0.7,1.0210330486297607,200
阿志（男性，45歲，餐廳主廚，熱情外向，講話直接）,悲傷,聽說老同事換工作了，心裡空落落的。,"情緒：悲傷
程度：0.7",悲傷,0.7,0.8597202301025391,200
阿志（男性，45歲，餐廳主廚，熱情外向，講話直接）,悲傷,家裡小孩生病了，心情不好。,"情緒：悲傷
程度：0.8",悲傷,0.8,0.8057630062103271,200
阿志（男性，45歲，餐廳主廚，熱情外向，講話直接）,悲傷,工作忙碌又沒時間陪家人，真難過。,"情緒：悲傷
程度：0.8",悲傷,0.8,1.228637933731079,200
阿志（男性，45歲，餐廳主廚，熱情外向，講話直接）,悲傷,想念以前和團隊合作的快樂時光。,"情緒：悲傷
程度：0.7",悲傷,0.7,0.8960220813751221,200
阿志（男性，45歲，餐廳主廚，熱情外向，講話直接）,悲傷,今天煮的湯味道怪怪的，讓我不舒服。,"情緒：厭惡
程度：0.7",厭惡,0.7,3.1830830574035645,200
阿志（男性，45歲，餐廳主廚，熱情外向，講話直接）,憤怒,廚房裡亂成一團，真的氣炸我。,"情緒：憤怒
程度：0.9",憤怒,0.9,0.8068389892578125,200
阿志（男性，45歲，餐廳主廚，熱情外向，講話直接）,憤怒,客人點餐慢吞吞，害整個流程卡住。,"情緒：憤怒
程度：0.7",憤怒,0.7,1.0481998920440674,200
阿志（男性，45歲，餐廳主廚，熱情外向，講話直接）,憤怒,那個助手老是犯錯，怎麼教都不聽。,"情緒：憤怒
程度：0.8",憤怒,0.8,0.8807790279388428,200
阿志（男性，45歲，餐廳主廚，熱情外向，講話直接）,憤怒,老闆又改菜單，搞得我們手忙腳亂。,"情緒：憤怒
程度：0.7",憤怒,0.7,1.6706929206848145,200
阿志（男性，45歲，餐廳主廚，熱情外向，講話直接）,憤怒,有人用錯食材，這樣怎麼上菜？,"情緒：憤怒
程度：0.7",憤怒,0.7,2.387946844100952,200
阿志（男性，45歲，餐廳主廚，熱情外向，講話直接）,憤怒,工作壓力大到讓我想爆炸。,"情緒：憤怒
程度：0.9",憤怒,0.9,3.097689151763916,200
阿志（男性，45歲，餐廳主廚，熱情外向，講話直接）,憤怒,廚房油煙太重，整天嗆得我要發瘋。,"情緒：厭惡
程度：0.85",厭惡,0.85,1.1173491477966309,200
阿志（男性，45歲，餐廳主廚，熱情外向，講話直接）,憤怒,同事不配合，怎麼能做好菜？,"情緒：憤怒
程度：0.7",憤怒,0.7,0.841738224029541,200
阿志（男性，45歲，餐廳主廚，熱情外向，講話直接）,憤怒,餐廳的清潔根本不到位，太惡心了。,"情緒：厭惡
程度：0.9",厭惡,0.9,0.8432822227478027,200
阿志（男性，45歲，餐廳主廚，熱情外向，講話直接）,憤怒,這種態度讓我真的忍不住想吼。,"情緒：憤怒
程度：0.85",憤怒,0.85,2.509014129638672,200
阿志（男性，45歲，餐廳主廚，熱情外向，講話直接）,驚奇,沒想到這道新菜這麼受歡迎，太驚訝了。,"情緒：驚奇
程度：0.85",驚奇,0.85,0.9603712558746338,200
阿志（男性，45歲，餐廳主廚，熱情外向，講話直接）,驚奇,今天的食材比平常新鮮很多，真幸運。,"情緒：喜悅
程度：0.7",喜悅,0.7,1.1074728965759277,200
阿志（男性，45歲，餐廳主廚，熱情外向，講話直接）,驚奇,新來的學徒廚藝進步超快，讓我震驚。,"情緒：驚奇
程度：0.85",驚奇,0.85,1.4257850646972656,200
阿志（男性，45歲，餐廳主廚，熱情外向，講話直接）,驚奇,客人竟然點了我們從沒試過的菜，真有趣。,"情緒：驚奇
程度：0.7",驚奇,0.7,0.8633928298950195,200
阿志（男性，45歲，餐廳主廚，熱情外向，講話直接）,驚奇,收到客人讚美，心情大好。,"情緒：喜悅
程度：0.9",喜悅,0.9,1.4936840534210205,200
阿志（男性，45歲，餐廳主廚，熱情外向，講話直接）,驚奇,廚房裝了新設備，效率提高不少。,"情緒：信任
程度：0.6",信任,0.6,0.9761569499969482,200
阿志（男性，45歲，餐廳主廚，熱情外向，講話直接）,驚奇,那道甜點意外做成功了，讓我驚喜。,"情緒：驚奇
程度：0.9",驚奇,0.9,0.8935890197753906,200
阿志（男性，45歲，餐廳主廚，熱情外向，講話直接）,驚奇,店裡突然來了一群老顧客，好熱鬧。,"情緒：喜悅
程度：0.8",喜悅,0.8,1.1888411045074463,200
阿志（男性，45歲，餐廳主廚，熱情外向，講話直接）,驚奇,工作中遇到新靈感，感覺超棒。,"情緒：喜悅
程度：0.9",喜悅,0.9,1.1213009357452393,200
阿志（男性，45歲，餐廳主廚，熱情外向，講話直接）,驚奇,今天的調味完美，讓我很驚喜。,"情緒：驚奇
程度：0.8",驚奇,0.8,0.9345130920410156,200
阿志（男性，45歲，餐廳主廚，熱情外向，講話直接）,信任,你照我說的做，這道菜一定會成功！,"情緒：信任
程度：0.7",信任,0.7,1.032865047454834,200
阿志（男性，45歲，餐廳主廚，熱情外向，講話直接）,信任,阿明的刀工我最信，他切的魚片我敢直接上桌。,"情緒：信任
程度：0.9",信任,0.9,0.8464009761810303,200
阿志（男性，45歲，餐廳主廚，熱情外向，講話直接）,信任,客人雖然挑，但我有信心這道菜能讓他滿意。,"情緒：信任
程度：0.7",信任,0.7,0.8606441020965576,200
阿志（男性，45歲，餐廳主廚，熱情外向，講話直接）,信任,我信你有那個天份，廚房的事學一下就上手。,"情緒：信任
程度：0.8",信任,0.8,0.7247188091278076,200
阿志（男性，45歲，餐廳主廚，熱情外向，講話直接）,信任,材料我都交代給老蔡採購，他不會讓我們用到不新鮮的。,"情緒：信任
程度：0.6",信任,0.6,1.0197820663452148,200
阿志（男性，45歲，餐廳主廚，熱情外向，講話直接）,信任,我們這個團隊配合那麼久了，我完全放心交給你們。,"情緒：信任
程度：0.9",信任,0.9,1.0028049945831299,200
阿志（男性，45歲，餐廳主廚，熱情外向，講話直接）,信任,這鍋湯交給你煮沒問題，我相信你。,"情緒：信任
程度：0.8",信任,0.8,0.9757781028747559,200
阿志（男性，45歲，餐廳主廚，熱情外向，講話直接）,信任,這位客人上次就愛吃你炒的米粉，這次一樣交給你炒！,"情緒：信任
程度：0.8",信任,0.8,1.0374886989593506,200
阿志（男性，45歲，餐廳主廚，熱情外向，講話直接）,信任,我說可以就是可以，老闆信我那是有原因的。,"情緒：信任
程度：0.85",信任,0.85,1.653944969177246,200
阿志（男性，45歲，餐廳主廚，熱情外向，講話直接）,信任,你就照食譜煮，不用怕出錯，我都幫你想好了。,"情緒：信任
程度：0.7",信任,0.7,0.8316240310668945,200
阿志（男性，45歲，餐廳主廚，熱情外向，講話直接）,喜悅,今天客人很多，廚房氣氛超好。,"情緒：喜悅
程度：0.8",喜悅,0.8,0.9448099136352539,200
阿志（男性，45歲，餐廳主廚，熱情外向，講話直接）,喜悅,新菜賣得特別好，大家都很開心。,"情緒：喜悅
程度：0.9",喜悅,0.9,0.9404819011688232,200
阿志（男性，45歲，餐廳主廚，熱情外向，講話直接）,喜悅,學徒做得不錯，讓我放心不少。,"情緒：信任
程度：0.7",信任,0.7,1.8539283275604248,200
阿志（男性，45歲，餐廳主廚，熱情外向，講話直接）,喜悅,收到老顧客的讚美，心裡暖暖的。,"情緒：喜悅
程度：0.8",喜悅,0.8,1.829334020614624,200
阿志（男性，45歲，餐廳主廚，熱情外向，講話直接）,喜悅,大家一起合作，感覺很棒。,"情緒：喜悅
程度：0.8",喜悅,0.8,4.235764026641846,200
阿志（男性，45歲，餐廳主廚，熱情外向，講話直接）,喜悅,餐廳新裝潢，看起來很有氣氛。,"情緒：喜悅
程度：0.6",喜悅,0.6,1.9644200801849365,200
阿志（男性，45歲，餐廳主廚，熱情外向，講話直接）,喜悅,試做的甜點成功了，特別有成就感。,"情緒：喜悅
程度：0.9",喜悅,0.9,0.7723588943481445,200
阿志（男性，45歲，餐廳主廚，熱情外向，講話直接）,喜悅,晚餐時間忙碌但愉快。,"情緒：喜悅
程度：0.7",喜悅,0.7,1.301699161529541,200
阿志（男性，45歲，餐廳主廚，熱情外向，講話直接）,喜悅,廚房氣味香噴噴，讓人開心。,"情緒：喜悅
程度：0.8",喜悅,0.8,0.7302908897399902,200
阿志（男性，45歲，餐廳主廚，熱情外向，講話直接）,喜悅,看到員工笑容滿面，心情也好。,"情緒：喜悅
程度：0.7",喜悅,0.7,1.3287527561187744,200
阿志（男性，45歲，餐廳主廚，熱情外向，講話直接）,期待,這週新菜單上了，我等著看客人什麼反應！,"情緒：期待
程度：0.8",期待,0.8,0.9488930702209473,200
阿志（男性，45歲，餐廳主廚，熱情外向，講話直接）,期待,下個月比賽我報名了，這次一定要拚一個獎回來。,"情緒：期待
程度：0.8",期待,0.8,0.849668025970459,200
阿志（男性，45歲，餐廳主廚，熱情外向，講話直接）,期待,聽說那個美食部落客要來，我有點期待他吃完的評論。,"情緒：期待
程度：0.7",期待,0.7,1.760970115661621,200
阿志（男性，45歲，餐廳主廚，熱情外向，講話直接）,期待,週末的訂位爆滿，等著看我們廚房怎麼發揮啦！,"情緒：期待
程度：0.8",期待,0.8,0.8068029880523682,200
阿志（男性，45歲，餐廳主廚，熱情外向，講話直接）,期待,小張最近學得不錯，我期待他能快點升副主廚。,"情緒：期待
程度：0.7",期待,0.7,1.0374667644500732,200
阿志（男性，45歲，餐廳主廚，熱情外向，講話直接）,期待,新鮮白蝦剛到，我腦袋已經在想要怎麼做創意菜了！,"情緒：期待
程度：0.85",期待,0.85,0.7587051391601562,200
阿志（男性，45歲，餐廳主廚，熱情外向，講話直接）,期待,晚上那桌是熟客，他們一來我就來勁兒。,"情緒：喜悅
程度：0.7",喜悅,0.7,0.8893299102783203,200
阿志（男性，45歲，餐廳主廚，熱情外向，講話直接）,期待,這次換我設計甜點環節，說真的我超期待！,"情緒：期待
程度：0.9",期待,0.9,1.0058131217956543,200
阿志（男性，45歲，餐廳主廚，熱情外向，講話直接）,期待,明天我們開放試吃，我想聽聽大家的反應。,"情緒：期待
程度：0.7",期待,0.7,1.3404569625854492,200
阿志（男性，45歲，餐廳主廚，熱情外向，講話直接）,期待,年夜飯的菜單我想了半年，一定讓客人吃到笑。,"情緒：期待
程度：0.8",期待,0.8,1.3512778282165527,200
阿志（男性，45歲，餐廳主廚，熱情外向，講話直接）,恐懼,剛剛火爐冒了一下，我怕是瓦斯管哪裡鬆了。,"情緒：恐懼
程度：0.7",恐懼,0.7,0.8147878646850586,200
阿志（男性，45歲，餐廳主廚，熱情外向，講話直接）,恐懼,冰箱如果再壞，我們這批生魚片就全毀了。,"情緒：恐懼
程度：0.7",恐懼,0.7,0.9358611106872559,200
阿志（男性，45歲，餐廳主廚，熱情外向，講話直接）,恐懼,我最怕就是尖峰時段出大包，客人一等火就上來。,"情緒：恐懼
程度：0.8",恐懼,0.8,1.1314280033111572,200
阿志（男性，45歲，餐廳主廚，熱情外向，講話直接）,恐懼,你油倒太多了，小心等下整鍋起火！,"情緒：恐懼
程度：0.72",恐懼,0.72,0.954768180847168,200
阿志（男性，45歲，餐廳主廚，熱情外向，講話直接）,恐懼,這道菜看起來怪怪的，我有點怕是不是哪個步驟搞錯了。,"情緒：恐懼
程度：0.6",恐懼,0.6,1.9221158027648926,200
阿志（男性，45歲，餐廳主廚，熱情外向，講話直接）,恐懼,最近食安查得緊，我們絕對不能有一點疏忽。,"情緒：信任
程度：0.4",信任,0.4,0.7667100429534912,200
阿志（男性，45歲，餐廳主廚，熱情外向，講話直接）,恐懼,那批牛肉來得有點晚，我怕今天備料趕不完。,"情緒：恐懼
程度：0.5",恐懼,0.5,1.1302149295806885,200
阿志（男性，45歲，餐廳主廚，熱情外向，講話直接）,恐懼,我喉嚨最近怪怪的，希望不是感冒，不然影響太大了。,"情緒：恐懼
程度：0.6",恐懼,0.6,1.1414830684661865,200
阿志（男性，45歲，餐廳主廚，熱情外向，講話直接）,恐懼,天氣這麼熱，怕那些海鮮放不久，快處理一處理。,"情緒：恐懼
程度：0.5",恐懼,0.5,0.7306969165802002,200
阿志（男性，45歲，餐廳主廚，熱情外向，講話直接）,恐懼,聽說附近新開一間餐廳，我是怕我們的客人會被搶走啦。,"情緒：恐懼
程度：0.6",恐懼,0.6,0.8352489471435547,200
阿志（男性，45歲，餐廳主廚，熱情外向，講話直接）,厭惡,看到地板油膩膩的，真噁心。,"情緒：厭惡
程度：0.8",厭惡,0.8,1.3433430194854736,200
阿志（男性，45歲，餐廳主廚，熱情外向，講話直接）,厭惡,廚房裡的垃圾沒有人處理，討厭死了。,"情緒：厭惡
程度：0.8",厭惡,0.8,1.451430320739746,200
阿志（男性，45歲，餐廳主廚，熱情外向，講話直接）,厭惡,有些同事不遵守規矩，讓人火大。,"情緒：憤怒
程度：0.8",憤怒,0.8,0.7572760581970215,200
阿志（男性，45歲，餐廳主廚，熱情外向，講話直接）,厭惡,不乾淨的碗盤讓我受不了。,"情緒：厭惡
程度：0.8",厭惡,0.8,1.2133851051330566,200
阿志（男性，45歲，餐廳主廚，熱情外向，講話直接）,厭惡,油煙味道太重，整個人都不舒服。,"情緒：厭惡
程度：0.8",厭惡,0.8,0.9571788311004639,200
阿志（男性，45歲，餐廳主廚，熱情外向，講話直接）,厭惡,有些客人態度差，讓人不想服務。,"情緒：厭惡
程度：0.8",厭惡,0.8,0.8933858871459961,200
阿志（男性，45歲，餐廳主廚，熱情外向，講話直接）,厭惡,那種敷衍了事的態度真讓人生氣。,"情緒：憤怒
程度：0.8",憤怒,0.8,0.8561441898345947,200
阿志（男性，45歲，餐廳主廚，熱情外向，講話直接）,厭惡,廚房裡亂七八糟，看得我心煩。,"情緒：厭惡
程度：0.7",厭惡,0.7,0.9138062000274658,200
阿志（男性，45歲，餐廳主廚，熱情外向，講話直接）,厭惡,這種拖拖拉拉的工作效率，討厭。,"情緒：厭惡
程度：0.8",厭惡,0.8,0.7494800090789795,200
阿志（男性，45歲，餐廳主廚，熱情外向，講話直接）,厭惡,有人偷懶不做事，讓團隊很困擾。,"情緒：憤怒
程度：0.7",憤怒,0.7,1.3462951183319092,200
小敏（女性，30歲，幼兒園老師，溫柔有耐心，喜歡和孩子們互動）,悲傷,今天小朋友哭了，我心裡很難過。,"情緒：悲傷
程度：0.8",悲傷,0.8,2.8540749549865723,200
小敏（女性，30歲，幼兒園老師，溫柔有耐心，喜歡和孩子們互動）,悲傷,孩子生病了，讓我擔心不已。,"情緒：恐懼
程度：0.8",恐懼,0.8,0.822883129119873,200
小敏（女性，30歲，幼兒園老師，溫柔有耐心，喜歡和孩子們互動）,悲傷,看著孩子受傷，心疼得不行。,"情緒：悲傷
程度：0.8",悲傷,0.8,0.7719531059265137,200
小敏（女性，30歲，幼兒園老師，溫柔有耐心，喜歡和孩子們互動）,悲傷,教室裡安靜得讓人感覺空蕩蕩。,"情緒：悲傷
程度：0.7",悲傷,0.7,1.218113899230957,200
小敏（女性，30歲，幼兒園老師，溫柔有耐心，喜歡和孩子們互動）,悲傷,有小朋友不聽話，讓我感到挫敗。,"情緒：悲傷
程度：0.7",悲傷,0.7,0.9225611686706543,200
小敏（女性，30歲，幼兒園老師，溫柔有耐心，喜歡和孩子們互動）,悲傷,孩子不願意分享玩具，我有點失落。,"情緒：悲傷
程度：0.4",悲傷,0.4,0.8513658046722412,200
小敏（女性，30歲，幼兒園老師，溫柔有耐心，喜歡和孩子們互動）,悲傷,朋友搬家了，覺得孤單。,"情緒：悲傷
程度：0.8",悲傷,0.8,0.7849359512329102,200
小敏（女性，30歲，幼兒園老師，溫柔有耐心，喜歡和孩子們互動）,悲傷,看見孩子難過，自己也跟著難受。,"情緒：悲傷
程度：0.8",悲傷,0.8,0.6766741275787354,200
小敏（女性，30歲，幼兒園老師，溫柔有耐心，喜歡和孩子們互動）,悲傷,今天的活動沒辦好，覺得很遺憾。,"情緒：悲傷
程度：0.6",悲傷,0.6,0.9793581962585449,200
小敏（女性，30歲，幼兒園老師，溫柔有耐心，喜歡和孩子們互動）,悲傷,看到孩子生氣，我也感到難過。,"情緒：悲傷
程度：0.8",悲傷,0.8,0.7310960292816162,200
小敏（女性，30歲，幼兒園老師，溫柔有耐心，喜歡和孩子們互動）,憤怒,有小朋友亂跑讓我很生氣。,"情緒：憤怒
程度：0.8",憤怒,0.8,0.9154951572418213,200
小敏（女性，30歲，幼兒園老師，溫柔有耐心，喜歡和孩子們互動）,憤怒,教室裡的玩具被弄壞了，真讓我火大。,"情緒：憤怒
程度：0.85",憤怒,0.85,0.931149959564209,200
小敏（女性，30歲，幼兒園老師，溫柔有耐心，喜歡和孩子們互動）,憤怒,有家長不配合，讓我覺得很氣。,"情緒：憤怒
程度：0.8",憤怒,0.8,1.1521008014678955,200
小敏（女性，30歲，幼兒園老師，溫柔有耐心，喜歡和孩子們互動）,憤怒,孩子爭吵不停，教室裡亂成一團。,"情緒：憤怒
程度：0.7",憤怒,0.7,1.0273830890655518,200
小敏（女性，30歲，幼兒園老師，溫柔有耐心，喜歡和孩子們互動）,憤怒,有人亂丟垃圾，讓我不開心。,"情緒：厭惡
程度：0.7",厭惡,0.7,0.7297499179840088,200
小敏（女性，30歲，幼兒園老師，溫柔有耐心，喜歡和孩子們互動）,憤怒,有小朋友不聽話，反覆提醒也沒用，氣死我了。,"情緒：憤怒
程度：0.9",憤怒,0.9,0.8383162021636963,200
小敏（女性，30歲，幼兒園老師，溫柔有耐心，喜歡和孩子們互動）,憤怒,教具壞了還沒修，真讓人失望。,"情緒：悲傷
程度：0.7",悲傷,0.7,1.954747200012207,200
小敏（女性，30歲，幼兒園老師，溫柔有耐心，喜歡和孩子們互動）,憤怒,有人遲到，耽誤了教學進度。,"情緒：厭惡
程度：0.6",厭惡,0.6,1.0374178886413574,200
小敏（女性，30歲，幼兒園老師，溫柔有耐心，喜歡和孩子們互動）,憤怒,孩子之間的爭吵讓我感覺煩躁。,"情緒：厭惡
程度：0.7",厭惡,0.7,0.9362301826477051,200
小敏（女性，30歲，幼兒園老師，溫柔有耐心，喜歡和孩子們互動）,憤怒,有時候真的覺得壓力很大。,"情緒：悲傷
程度：0.7",悲傷,0.7,0.8333330154418945,200
小敏（女性，30歲，幼兒園老師，溫柔有耐心，喜歡和孩子們互動）,驚奇,今天孩子們突然會唱新歌，真讓我驚喜。,"情緒：驚奇
程度：0.8",驚奇,0.8,0.8565702438354492,200
小敏（女性，30歲，幼兒園老師，溫柔有耐心，喜歡和孩子們互動）,驚奇,發現小朋友竟然自己整理玩具，好厲害。,"情緒：驚奇
程度：0.7",驚奇,0.7,1.218752145767212,200
小敏（女性，30歲，幼兒園老師，溫柔有耐心，喜歡和孩子們互動）,驚奇,教室裡出現了漂亮的彩繪，讓我驚訝。,"情緒：驚奇
程度：0.7",驚奇,0.7,0.8967370986938477,200
小敏（女性，30歲，幼兒園老師，溫柔有耐心，喜歡和孩子們互動）,驚奇,小朋友第一次說出完整句子，心裡好開心。,"情緒：喜悅
程度：0.9",喜悅,0.9,1.035160779953003,200
小敏（女性，30歲，幼兒園老師，溫柔有耐心，喜歡和孩子們互動）,驚奇,看到孩子學會新技能，覺得很驚喜。,"情緒：驚奇
程度：0.8",驚奇,0.8,1.1053848266601562,200
小敏（女性，30歲，幼兒園老師，溫柔有耐心，喜歡和孩子們互動）,驚奇,孩子們自己排隊，讓我感覺很驚奇。,"情緒：驚奇
程度：0.7",驚奇,0.7,1.1147658824920654,200
小敏（女性，30歲，幼兒園老師，溫柔有耐心，喜歡和孩子們互動）,驚奇,今天的活動比預期順利完成，太棒了。,"情緒：喜悅
程度：0.9",喜悅,0.9,1.0410847663879395,200
小敏（女性，30歲，幼兒園老師，溫柔有耐心，喜歡和孩子們互動）,驚奇,收到家長的讚美，讓我很驚訝。,"情緒：驚奇
程度：0.7",驚奇,0.7,1.0523321628570557,200
小敏（女性，30歲，幼兒園老師，溫柔有耐心，喜歡和孩子們互動）,驚奇,孩子們玩得這麼開心，讓我感到欣慰。,"情緒：喜悅
程度：0.8",喜悅,0.8,1.974233865737915,200
小敏（女性，30歲，幼兒園老師，溫柔有耐心，喜歡和孩子們互動）,驚奇,突然有孩子給我一個大擁抱，太感動了。,"情緒：喜悅
程度：0.9",喜悅,0.9,0.915349006652832,200
小敏（女性，30歲，幼兒園老師，溫柔有耐心，喜歡和孩子們互動）,信任,我相信你可以自己把鞋子穿好，老師在旁邊陪你。,"情緒：信任
程度：0.8",信任,0.8,0.893521785736084,200
小敏（女性，30歲，幼兒園老師，溫柔有耐心，喜歡和孩子們互動）,信任,雖然今天有一點小衝突，但我知道你們其實是好朋友對吧？,"情緒：信任
程度：0.6",信任,0.6,0.8707528114318848,200
小敏（女性，30歲，幼兒園老師，溫柔有耐心，喜歡和孩子們互動）,信任,這首歌你昨天就快學會了，老師相信你今天一定能唱完。,"情緒：信任
程度：0.9",信任,0.9,1.7959461212158203,200
小敏（女性，30歲，幼兒園老師，溫柔有耐心，喜歡和孩子們互動）,信任,媽媽放心，我們今天會好好照顧她，她今天的情緒很穩定。,"情緒：信任
程度：0.2",信任,0.2,0.8745439052581787,200
小敏（女性，30歲，幼兒園老師，溫柔有耐心，喜歡和孩子們互動）,信任,老師相信你已經準備好了，要不要試著自己畫看看？,"情緒：信任
程度：0.8",信任,0.8,0.8713419437408447,200
小敏（女性，30歲，幼兒園老師，溫柔有耐心，喜歡和孩子們互動）,信任,你今天很努力坐好吃飯，老師知道你有進步了。,"情緒：信任
程度：0.7",信任,0.7,1.1248219013214111,200
小敏（女性，30歲，幼兒園老師，溫柔有耐心，喜歡和孩子們互動）,信任,這個任務交給你，我相信你會做得很好。,"情緒：信任
程度：0.9",信任,0.9,1.3719470500946045,200
小敏（女性，30歲，幼兒園老師，溫柔有耐心，喜歡和孩子們互動）,信任,老師知道你不是故意打翻水杯的，我相信你以後會更小心。,"情緒：信任
程度：0.9",信任,0.9,0.8341357707977295,200
小敏（女性，30歲，幼兒園老師，溫柔有耐心，喜歡和孩子們互動）,信任,小朋友都很棒，老師相信你們一定能一起完成這幅畫。,"情緒：信任
程度：0.9",信任,0.9,0.7769677639007568,200
小敏（女性，30歲，幼兒園老師，溫柔有耐心，喜歡和孩子們互動）,信任,你上次就記得把玩具收好，我知道你這次也可以做到！,"情緒：期待
程度：0.7",期待,0.7,0.9876978397369385,200
小敏（女性，30歲，幼兒園老師，溫柔有耐心，喜歡和孩子們互動）,喜悅,你今天畫的畫真漂亮，老師好喜歡！,"情緒：喜悅
程度：0.9",喜悅,0.9,0.9378399848937988,200
小敏（女性，30歲，幼兒園老師，溫柔有耐心，喜歡和孩子們互動）,喜悅,小朋友們都玩得很開心，太棒了！,"情緒：喜悅
程度：0.9",喜悅,0.9,1.0404658317565918,200
小敏（女性，30歲，幼兒園老師，溫柔有耐心，喜歡和孩子們互動）,喜悅,大家都排隊很有秩序，老師很驕傲。,"情緒：喜悅
程度：0.7",喜悅,0.7,1.1451430320739746,200
小敏（女性，30歲，幼兒園老師，溫柔有耐心，喜歡和孩子們互動）,喜悅,看到你學會新動作，真是太開心了。,"情緒：喜悅
程度：0.9",喜悅,0.9,0.8138759136199951,200
小敏（女性，30歲，幼兒園老師，溫柔有耐心，喜歡和孩子們互動）,喜悅,今天的故事時間很熱鬧，大家都專心聽。,"情緒：喜悅
程度：0.7",喜悅,0.7,0.912039041519165,200
小敏（女性，30歲，幼兒園老師，溫柔有耐心，喜歡和孩子們互動）,喜悅,小朋友們互相幫忙，讓老師很感動。,"情緒：喜悅
程度：0.8",喜悅,0.8,1.2328801155090332,200
小敏（女性，30歲，幼兒園老師，溫柔有耐心，喜歡和孩子們互動）,喜悅,這道手工做得很用心，老師給你拍拍手。,"情緒：喜悅
程度：0.8",喜悅,0.8,0.7820248603820801,200
小敏（女性，30歲，幼兒園老師，溫柔有耐心，喜歡和孩子們互動）,喜悅,大家一起唱歌跳舞，好快樂喔！,"情緒：喜悅
程度：0.9",喜悅,0.9,0.828157901763916,200
小敏（女性，30歲，幼兒園老師，溫柔有耐心，喜歡和孩子們互動）,喜悅,今天天氣很好，戶外活動超有趣。,"情緒：喜悅
程度：0.8",喜悅,0.8,0.8324041366577148,200
小敏（女性，30歲，幼兒園老師，溫柔有耐心，喜歡和孩子們互動）,喜悅,看到你們的笑容，老師覺得好幸福。,"情緒：喜悅
程度：0.9",喜悅,0.9,0.8142311573028564,200
小敏（女性，30歲，幼兒園老師，溫柔有耐心，喜歡和孩子們互動）,期待,明天要帶你們去動物園，你們是不是也跟老師一樣期待？,"情緒：期待
程度：0.85",期待,0.85,0.8547708988189697,200
小敏（女性，30歲，幼兒園老師，溫柔有耐心，喜歡和孩子們互動）,期待,等一下我們要做手指畫，你們準備好了嗎？,"情緒：期待
程度：0.7",期待,0.7,0.9346928596496582,200
小敏（女性，30歲，幼兒園老師，溫柔有耐心，喜歡和孩子們互動）,期待,我最期待的就是每天早上看到你們一個個來跟我說早安。,"情緒：期待
程度：0.9",期待,0.9,1.2452678680419922,200
小敏（女性，30歲，幼兒園老師，溫柔有耐心，喜歡和孩子們互動）,期待,今天有新故事書要唸給你們聽，很精彩喔！,"情緒：期待
程度：0.8",期待,0.8,1.063598871231079,200
小敏（女性，30歲，幼兒園老師，溫柔有耐心，喜歡和孩子們互動）,期待,快放學了，老師等一下要發今天的星星獎勵唷。,"情緒：期待
程度：0.7",期待,0.7,1.1556589603424072,200
小敏（女性，30歲，幼兒園老師，溫柔有耐心，喜歡和孩子們互動）,期待,你說你會帶你最喜歡的玩具來分享，老師很期待看見。,"情緒：期待
程度：0.8",期待,0.8,0.7940118312835693,200
小敏（女性，30歲，幼兒園老師，溫柔有耐心，喜歡和孩子們互動）,期待,下週要舉辦才藝表演了，你想好要表演什麼了嗎？,"情緒：期待
程度：0.7",期待,0.7,0.7523918151855469,200
小敏（女性，30歲，幼兒園老師，溫柔有耐心，喜歡和孩子們互動）,期待,今天要練習新舞蹈，我已經等不及想看你們跳了！,"情緒：期待
程度：0.85",期待,0.85,0.7675540447235107,200
小敏（女性，30歲，幼兒園老師，溫柔有耐心，喜歡和孩子們互動）,期待,老師做了新的教具，等一下想請你們來幫忙測試。,"情緒：期待
程度：0.7",期待,0.7,2.003990888595581,200
小敏（女性，30歲，幼兒園老師，溫柔有耐心，喜歡和孩子們互動）,期待,下次親子日，希望能看到你跟爸爸媽媽一起跳舞喔！,"情緒：期待
程度：0.7",期待,0.7,1.0417449474334717,200
小敏（女性，30歲，幼兒園老師，溫柔有耐心，喜歡和孩子們互動）,恐懼,剛剛你哭得很傷心，老師有點擔心你是不是哪裡不舒服。,"情緒：悲傷
程度：0.7",悲傷,0.7,0.7517368793487549,200
小敏（女性，30歲，幼兒園老師，溫柔有耐心，喜歡和孩子們互動）,恐懼,今天你一直一個人坐著，老師有點怕你是不是心情不好。,"情緒：恐懼
程度：0.6",恐懼,0.6,1.118699073791504,200
小敏（女性，30歲，幼兒園老師，溫柔有耐心，喜歡和孩子們互動）,恐懼,這幾天流感很多，老師有點擔心你們沒有好好洗手。,"情緒：恐懼
程度：0.5",恐懼,0.5,1.4132018089294434,200
小敏（女性，30歲，幼兒園老師，溫柔有耐心，喜歡和孩子們互動）,恐懼,如果玩具沒有收好，老師怕有人會不小心踩到跌倒。,"情緒：恐懼
程度：0.6",恐懼,0.6,0.9034409523010254,200
小敏（女性，30歲，幼兒園老師，溫柔有耐心，喜歡和孩子們互動）,恐懼,你說你不想上台，我會怕你是真的很緊張還是被嚇到了？,"情緒：恐懼
程度：0.7",恐懼,0.7,1.012294054031372,200
小敏（女性，30歲，幼兒園老師，溫柔有耐心，喜歡和孩子們互動）,恐懼,剛剛你推了同學，老師有點擔心你是不是在模仿什麼不好的行為。,"情緒：信任
程度：0.3",信任,0.3,1.385207176208496,200
小敏（女性，30歲，幼兒園老師，溫柔有耐心，喜歡和孩子們互動）,恐懼,最近你常常咳嗽，老師真的有點怕你沒休息好。,"情緒：恐懼
程度：0.5",恐懼,0.5,1.052304983139038,200
小敏（女性，30歲，幼兒園老師，溫柔有耐心，喜歡和孩子們互動）,恐懼,老師今天聲音有點沙啞，怕講故事你們會聽不清楚。,"情緒：恐懼
程度：0.4",恐懼,0.4,0.9346599578857422,200
小敏（女性，30歲，幼兒園老師，溫柔有耐心，喜歡和孩子們互動）,恐懼,如果你不告訴老師怎麼了，老師會很擔心也不知道怎麼幫你。,"情緒：信任
程度：0.2",信任,0.2,2.3250510692596436,200
小敏（女性，30歲，幼兒園老師，溫柔有耐心，喜歡和孩子們互動）,恐懼,老師不希望有人在上課時跑來跑去，會怕你們撞到受傷。,"情緒：恐懼
程度：0.4",恐懼,0.4,0.8326389789581299,200
小敏（女性，30歲，幼兒園老師，溫柔有耐心，喜歡和孩子們互動）,厭惡,有些小朋友亂丟垃圾，真讓人不舒服。,"情緒：厭惡
程度：0.7",厭惡,0.7,0.7985937595367432,200
小敏（女性，30歲，幼兒園老師，溫柔有耐心，喜歡和孩子們互動）,厭惡,玩具被弄得亂七八糟，看了很煩。,"情緒：厭惡
程度：0.7",厭惡,0.7,2.6101040840148926,200
小敏（女性，30歲，幼兒園老師，溫柔有耐心，喜歡和孩子們互動）,厭惡,有些孩子不聽話，讓老師很頭痛。,"情緒：厭惡
程度：0.6",厭惡,0.6,1.269139051437378,200
小敏（女性，30歲，幼兒園老師，溫柔有耐心，喜歡和孩子們互動）,厭惡,教室裡有味道，讓人很不自在。,"情緒：厭惡
程度：0.7",厭惡,0.7,0.9103250503540039,200
小敏（女性，30歲，幼兒園老師，溫柔有耐心，喜歡和孩子們互動）,厭惡,小朋友爭吵吵不停，讓人很煩躁。,"情緒：厭惡
程度：0.7",厭惡,0.7,1.3731110095977783,200
小敏（女性，30歲，幼兒園老師，溫柔有耐心，喜歡和孩子們互動）,厭惡,有時候家長的態度讓我很失望。,"情緒：悲傷
程度：0.7",悲傷,0.7,1.1155920028686523,200
小敏（女性，30歲，幼兒園老師，溫柔有耐心，喜歡和孩子們互動）,厭惡,有孩子故意搗亂，讓氣氛很差。,"情緒：憤怒
程度：0.7",憤怒,0.7,0.8067350387573242,200
小敏（女性，30歲，幼兒園老師，溫柔有耐心，喜歡和孩子們互動）,厭惡,噪音太大，教學無法專心進行。,"情緒：憤怒
程度：0.7",憤怒,0.7,1.267578125,200
小敏（女性，30歲，幼兒園老師，溫柔有耐心，喜歡和孩子們互動）,厭惡,玩具壞了沒有人修，真的很討厭。,"情緒：厭惡
程度：0.8",厭惡,0.8,0.7647678852081299,200
小敏（女性，30歲，幼兒園老師，溫柔有耐心，喜歡和孩子們互動）,厭惡,孩子們不遵守規矩，讓人很難管理。,"情緒：憤怒
程度：0.7",憤怒,0.7,2.1289238929748535,200
小華（男性，22歲，大學生，個性幽默開朗，喜歡打電動與社交）,悲傷,今天隊友掉線，整場比賽都輸了，真的難過。,"情緒：悲傷
程度：0.8",悲傷,0.8,1.05491304397583,200
小華（男性，22歲，大學生，個性幽默開朗，喜歡打電動與社交）,悲傷,作業做不好，感覺自己很沒用。,"情緒：悲傷
程度：0.85",悲傷,0.85,1.1505749225616455,200
小華（男性，22歲，大學生，個性幽默開朗，喜歡打電動與社交）,悲傷,朋友沒時間陪我，心裡空空的。,"情緒：悲傷
程度：0.8",悲傷,0.8,0.8291969299316406,200
小華（男性，22歲，大學生，個性幽默開朗，喜歡打電動與社交）,悲傷,偶像沒回覆我留言，失落感湧上心頭。,"情緒：悲傷
程度：0.8",悲傷,0.8,0.7110919952392578,200
小華（男性，22歲，大學生，個性幽默開朗，喜歡打電動與社交）,悲傷,看著別人都畢業了，自己還卡在期末。,"情緒：悲傷
程度：0.7",悲傷,0.7,0.8548290729522705,200
小華（男性，22歲，大學生，個性幽默開朗，喜歡打電動與社交）,悲傷,打遊戲連敗，覺得很挫折。,"情緒：悲傷
程度：0.7",悲傷,0.7,1.0902509689331055,200
小華（男性，22歲，大學生，個性幽默開朗，喜歡打電動與社交）,悲傷,宿舍吵鬧讓我睡不好，心情不好。,"情緒：悲傷
程度：0.7",悲傷,0.7,0.7827351093292236,200
小華（男性，22歲，大學生，個性幽默開朗，喜歡打電動與社交）,悲傷,假日沒約到人，感覺孤單。,"情緒：悲傷
程度：0.7",悲傷,0.7,1.0466809272766113,200
小華（男性，22歲，大學生，個性幽默開朗，喜歡打電動與社交）,悲傷,成績沒達到預期，心裡難受。,"情緒：悲傷
程度：0.8",悲傷,0.8,0.9625840187072754,200
小華（男性，22歲，大學生，個性幽默開朗，喜歡打電動與社交）,悲傷,看見朋友們忙碌，自己卻迷茫，覺得難過。,"情緒：悲傷
程度：0.8",悲傷,0.8,1.5234038829803467,200
小華（男性，22歲，大學生，個性幽默開朗，喜歡打電動與社交）,憤怒,那隊友怎麼這麼爛，害我輸掉比賽！,"情緒：憤怒
程度：0.9",憤怒,0.9,2.3708419799804688,200
小華（男性，22歲，大學生，個性幽默開朗，喜歡打電動與社交）,憤怒,作業交了好幾次還被退回，氣炸我了。,"情緒：憤怒
程度：0.9",憤怒,0.9,0.8374118804931641,200
小華（男性，22歲，大學生，個性幽默開朗，喜歡打電動與社交）,憤怒,宿舍隔壁吵到半夜，真是煩死了！,"情緒：憤怒
程度：0.9",憤怒,0.9,2.4720919132232666,200
小華（男性，22歲，大學生，個性幽默開朗，喜歡打電動與社交）,憤怒,老師講話太快，我根本跟不上。,"情緒：悲傷
程度：0.7",悲傷,0.7,0.7384328842163086,200
小華（男性，22歲，大學生，個性幽默開朗，喜歡打電動與社交）,憤怒,網路連線一直斷，讓我超級火大。,"情緒：憤怒
程度：0.9",憤怒,0.9,2.1562211513519287,200
小華（男性，22歲，大學生，個性幽默開朗，喜歡打電動與社交）,憤怒,同學作弊被抓，怎麼可以這樣！,"情緒：憤怒
程度：0.8",憤怒,0.8,1.1399710178375244,200
小華（男性，22歲，大學生，個性幽默開朗，喜歡打電動與社交）,憤怒,電腦當機，重要檔案沒存到，氣死我了。,"情緒：憤怒
程度：0.9",憤怒,0.9,1.8283109664916992,200
小華（男性，22歲，大學生，個性幽默開朗，喜歡打電動與社交）,憤怒,被朋友放鴿子，真的是太差勁。,"情緒：憤怒
程度：0.8",憤怒,0.8,2.4360547065734863,200
小華（男性，22歲，大學生，個性幽默開朗，喜歡打電動與社交）,憤怒,食堂的飯難吃到讓人想吐。,"情緒：厭惡
程度：0.9",厭惡,0.9,0.8046050071716309,200
小華（男性，22歲，大學生，個性幽默開朗，喜歡打電動與社交）,憤怒,寒假作業一堆，壓力大得要死。,"情緒：悲傷
程度：0.85",悲傷,0.85,1.318753957748413,200
小華（男性，22歲，大學生，個性幽默開朗，喜歡打電動與社交）,驚奇,沒想到這款新遊戲這麼好玩！,"情緒：驚奇
程度：0.85",驚奇,0.85,0.8775701522827148,200
小華（男性，22歲，大學生，個性幽默開朗，喜歡打電動與社交）,驚奇,今天宿舍的派對比想像中還熱鬧。,"情緒：驚奇
程度：0.7",驚奇,0.7,2.860076904296875,200
小華（男性，22歲，大學生，個性幽默開朗，喜歡打電動與社交）,驚奇,老師竟然答應延期交報告，太幸運了。,"情緒：喜悅
程度：0.85",喜悅,0.85,1.3570630550384521,200
小華（男性，22歲，大學生，個性幽默開朗，喜歡打電動與社交）,驚奇,朋友竟然在遊戲裡遇到偶像，超驚訝。,"情緒：驚奇
程度：0.9",驚奇,0.9,1.9592938423156738,200
小華（男性，22歲，大學生，個性幽默開朗，喜歡打電動與社交）,驚奇,手機居然突然升級，感覺很酷。,"情緒：驚奇
程度：0.7",驚奇,0.7,1.8721489906311035,200
小華（男性，22歲，大學生，個性幽默開朗，喜歡打電動與社交）,驚奇,同學的才藝比賽超厲害，讓我大吃一驚。,"情緒：驚奇
程度：0.85",驚奇,0.85,1.5372350215911865,200
小華（男性，22歲，大學生，個性幽默開朗，喜歡打電動與社交）,驚奇,今天校園裡有免費的餐點發放，太意外了。,"情緒：驚奇
程度：0.8",驚奇,0.8,0.814453125,200
小華（男性，22歲，大學生，個性幽默開朗，喜歡打電動與社交）,驚奇,我居然在比賽中拿到第一名，超不可思議。,"情緒：驚奇
程度：0.95",驚奇,0.95,1.1600019931793213,200
小華（男性，22歲，大學生，個性幽默開朗，喜歡打電動與社交）,驚奇,看到新出的電競設備，覺得超級讚。,"情緒：喜悅
程度：0.9",喜悅,0.9,1.2420470714569092,200
小華（男性，22歲，大學生，個性幽默開朗，喜歡打電動與社交）,驚奇,宿舍裡有人突然開起電音派對，嚇我一跳。,"情緒：驚奇
程度：0.8",驚奇,0.8,0.7321681976318359,200
小華（男性，22歲，大學生，個性幽默開朗，喜歡打電動與社交）,信任,你放心交給我，我絕對不會雷你這一場。,"情緒：信任
程度：0.85",信任,0.85,0.9381670951843262,200
小華（男性，22歲，大學生，個性幽默開朗，喜歡打電動與社交）,信任,她說要幫我搶演唱會門票，我信她，手速超快的。,"情緒：信任
程度：0.85",信任,0.85,1.0427629947662354,200
小華（男性，22歲，大學生，個性幽默開朗，喜歡打電動與社交）,信任,這組作業交給阿傑做我完全不擔心，他超穩。,"情緒：信任
程度：0.9",信任,0.9,0.7779982089996338,200
小華（男性，22歲，大學生，個性幽默開朗，喜歡打電動與社交）,信任,你說的攻略我信啦，我照那樣打真的過了。,"情緒：信任
程度：0.8",信任,0.8,0.8379929065704346,200
小華（男性，22歲，大學生，個性幽默開朗，喜歡打電動與社交）,信任,雖然教授有點兇，但我相信他真的想我們學到東西。,"情緒：信任
程度：0.8",信任,0.8,0.7612271308898926,200
小華（男性，22歲，大學生，個性幽默開朗，喜歡打電動與社交）,信任,社團活動你安排就好，我跟著嗨就對了。,"情緒：信任
程度：0.7",信任,0.7,1.954369068145752,200
小華（男性，22歲，大學生，個性幽默開朗，喜歡打電動與社交）,信任,我室友嘴巴壞一點，其實人超罩的，我信他。,"情緒：信任
程度：0.9",信任,0.9,0.8216650485992432,200
小華（男性，22歲，大學生，個性幽默開朗，喜歡打電動與社交）,信任,你說你會來幫我搬宿舍，我記在心裡，信你一次！,"情緒：信任
程度：0.7",信任,0.7,2.1446101665496826,200
小華（男性，22歲，大學生，個性幽默開朗，喜歡打電動與社交）,信任,他每次嘴說要戒手搖但還是會揪我喝，我信他戒不掉。,"情緒：信任
程度：0.4",信任,0.4,0.8289690017700195,200
小華（男性，22歲，大學生，個性幽默開朗，喜歡打電動與社交）,信任,打LOL你負責輸出，我負責搞笑，配合默契百分百！,"情緒：喜悅
程度：0.85",喜悅,0.85,0.7361011505126953,200
小華（男性，22歲，大學生，個性幽默開朗，喜歡打電動與社交）,喜悅,今天玩遊戲打破紀錄，超爽！,"情緒：喜悅
程度：0.9",喜悅,0.9,1.0436069965362549,200
小華（男性，22歲，大學生，個性幽默開朗，喜歡打電動與社交）,喜悅,和朋友聚會笑到肚子痛，太開心了。,"情緒：喜悅
程度：0.95",喜悅,0.95,0.9407529830932617,200
小華（男性，22歲，大學生，個性幽默開朗，喜歡打電動與社交）,喜悅,宿舍新買了大螢幕，氣氛超棒。,"情緒：喜悅
程度：0.8",喜悅,0.8,0.8371922969818115,200
小華（男性，22歲，大學生，個性幽默開朗，喜歡打電動與社交）,喜悅,拿到獎學金，感覺夢想成真。,"情緒：喜悅
程度：0.95",喜悅,0.95,1.2897939682006836,200
小華（男性，22歲，大學生，個性幽默開朗，喜歡打電動與社交）,喜悅,和心儀的人聊天，整天都好開心。,"情緒：喜悅
程度：0.9",喜悅,0.9,0.7986729145050049,200
小華（男性，22歲，大學生，個性幽默開朗，喜歡打電動與社交）,喜悅,期中考考得不錯，鬆了一口氣。,"情緒：喜悅
程度：0.7",喜悅,0.7,0.8793580532073975,200
小華（男性，22歲，大學生，個性幽默開朗，喜歡打電動與社交）,喜悅,新買的遊戲機終於到了，好期待。,"情緒：期待
程度：0.9",期待,0.9,0.7890031337738037,200
小華（男性，22歲，大學生，個性幽默開朗，喜歡打電動與社交）,喜悅,今天朋友送我生日禮物，超感動。,"情緒：喜悅
程度：0.9",喜悅,0.9,0.8101391792297363,200
小華（男性，22歲，大學生，個性幽默開朗，喜歡打電動與社交）,喜悅,在校園裡遇到老朋友，聊得很愉快。,"情緒：喜悅
程度：0.8",喜悅,0.8,0.9328031539916992,200
小華（男性，22歲，大學生，個性幽默開朗，喜歡打電動與社交）,喜悅,網路順暢，玩遊戲完全不卡，開心。,"情緒：喜悅
程度：0.9",喜悅,0.9,0.8853991031646729,200
小華（男性，22歲，大學生，個性幽默開朗，喜歡打電動與社交）,期待,聽說週五有系烤，我已經準備好空肚子了！,"情緒：期待
程度：0.8",期待,0.8,0.738062858581543,200
小華（男性，22歲，大學生，個性幽默開朗，喜歡打電動與社交）,期待,月底電玩展要到了，我超期待那款新遊戲的試玩。,"情緒：期待
程度：0.9",期待,0.9,1.34122896194458,200
小華（男性，22歲，大學生，個性幽默開朗，喜歡打電動與社交）,期待,今天下午沒課，我已經想好要躺到天荒地老。,"情緒：喜悅
程度：0.6",喜悅,0.6,0.8466088771820068,200
小華（男性，22歲，大學生，個性幽默開朗，喜歡打電動與社交）,期待,跟喜歡的那個人同組報告，欸嘿嘿有點期待欸。,"情緒：期待
程度：0.85",期待,0.85,2.4635088443756104,200
小華（男性，22歲，大學生，個性幽默開朗，喜歡打電動與社交）,期待,這次羽球比賽我有報名，期待至少贏一場啦。,"情緒：期待
程度：0.7",期待,0.7,1.0595848560333252,200
小華（男性，22歲，大學生，個性幽默開朗，喜歡打電動與社交）,期待,朋友說要帶我去吃一家超好吃的拉麵店，我等不及了。,"情緒：期待
程度：0.9",期待,0.9,1.0197718143463135,200
小華（男性，22歲，大學生，個性幽默開朗，喜歡打電動與社交）,期待,晚上開黑五排，今天非吃雞不可！,"情緒：期待
程度：0.8",期待,0.8,0.855010986328125,200
小華（男性，22歲，大學生，個性幽默開朗，喜歡打電動與社交）,期待,明天電腦課要教動畫特效，希望別讓我睡著。,"情緒：期待
程度：0.5",期待,0.5,0.9518740177154541,200
小華（男性，22歲，大學生，個性幽默開朗，喜歡打電動與社交）,期待,下禮拜期中考結束，我已經安排好三天不出門行程。,"情緒：期待
程度：0.6",期待,0.6,0.828794002532959,200
小華（男性，22歲，大學生，個性幽默開朗，喜歡打電動與社交）,期待,他說要請我吃燒肉慶生，我已經夢到烤牛舌了。,"情緒：期待
程度：0.9",期待,0.9,0.9387590885162354,200
小華（男性，22歲，大學生，個性幽默開朗，喜歡打電動與社交）,恐懼,我剛剛按到老師的FB好友邀請，我怕他會記我臉。,"情緒：恐懼
程度：0.7",恐懼,0.7,0.9461171627044678,200
小華（男性，22歲，大學生，個性幽默開朗，喜歡打電動與社交）,恐懼,那個報告我們還沒開始寫，我現在真的開始怕了。,"情緒：恐懼
程度：0.8",恐懼,0.8,1.0214600563049316,200
小華（男性，22歲，大學生，個性幽默開朗，喜歡打電動與社交）,恐懼,手機突然當掉，我怕遊戲沒存進度又要重來。,"情緒：恐懼
程度：0.65",恐懼,0.65,0.8576347827911377,200
小華（男性，22歲，大學生，個性幽默開朗，喜歡打電動與社交）,恐懼,剛剛發現交作業的按鈕我好像沒按到，我怕爆。,"情緒：恐懼
程度：0.85",恐懼,0.85,0.9443049430847168,200
小華（男性，22歲，大學生，個性幽默開朗，喜歡打電動與社交）,恐懼,明天要上台報告，我講話還會結巴，超怕出糗。,"情緒：恐懼
程度：0.85",恐懼,0.85,1.6374609470367432,200
小華（男性，22歲，大學生，個性幽默開朗，喜歡打電動與社交）,恐懼,我怕等一下分組又被分到都不做事的那群。,"情緒：恐懼
程度：0.7",恐懼,0.7,2.754969835281372,200
小華（男性，22歲，大學生，個性幽默開朗，喜歡打電動與社交）,恐懼,老師說要點名，我現在連人都還沒出門。,"情緒：驚奇
程度：0.6",驚奇,0.6,0.6468658447265625,200
小華（男性，22歲，大學生，個性幽默開朗，喜歡打電動與社交）,恐懼,今天早上出門前忘了帶學生證，進宿舍怕被擋。,"情緒：恐懼
程度：0.5",恐懼,0.5,0.8748459815979004,200
小華（男性，22歲，大學生，個性幽默開朗，喜歡打電動與社交）,恐懼,我帳戶只剩兩百，月底之前我真的會怕自己餓死。,"情緒：恐懼
程度：0.8",恐懼,0.8,1.6449339389801025,200
小華（男性，22歲，大學生，個性幽默開朗，喜歡打電動與社交）,恐懼,被她已讀不回三小時了，是不是我又講錯話了？,"情緒：恐懼
程度：0.7",恐懼,0.7,1.238213300704956,200
小華（男性，22歲，大學生，個性幽默開朗，喜歡打電動與社交）,厭惡,那些垃圾食堂的飯，真讓人噁心。,"情緒：厭惡
程度：0.85",厭惡,0.85,1.882599115371704,200
小華（男性，22歲，大學生，個性幽默開朗，喜歡打電動與社交）,厭惡,宿舍的衛生環境亂七八糟，受不了。,"情緒：厭惡
程度：0.8",厭惡,0.8,0.7259247303009033,200
小華（男性，22歲，大學生，個性幽默開朗，喜歡打電動與社交）,厭惡,有些同學講話超吵，煩死人了。,"情緒：厭惡
程度：0.8",厭惡,0.8,0.8436408042907715,200
小華（男性，22歲，大學生，個性幽默開朗，喜歡打電動與社交）,厭惡,電腦卡頓讓我抓狂。,"情緒：憤怒
程度：0.9",憤怒,0.9,1.803360939025879,200
小華（男性，22歲，大學生，個性幽默開朗，喜歡打電動與社交）,厭惡,不喜歡那種假假的社交場合。,"情緒：厭惡
程度：0.7",厭惡,0.7,0.7991371154785156,200
小華（男性，22歲，大學生，個性幽默開朗，喜歡打電動與社交）,厭惡,同學作弊讓人反感。,"情緒：厭惡
程度：0.7",厭惡,0.7,0.9913458824157715,200
小華（男性，22歲，大學生，個性幽默開朗，喜歡打電動與社交）,厭惡,洗澡間又髒又臭，完全不想用。,"情緒：厭惡
程度：0.85",厭惡,0.85,1.0944700241088867,200
小華（男性，22歲，大學生，個性幽默開朗，喜歡打電動與社交）,厭惡,那個遊戲更新後變爛了，討厭。,"情緒：厭惡
程度：0.8",厭惡,0.8,0.8400661945343018,200
小華（男性，22歲，大學生，個性幽默開朗，喜歡打電動與社交）,厭惡,被隊友拖累輸掉比賽，氣死我了。,"情緒：憤怒
程度：0.9",憤怒,0.9,0.7394440174102783,200
小華（男性，22歲，大學生，個性幽默開朗，喜歡打電動與社交）,厭惡,網路斷線真的是太煩人了。,"情緒：厭惡
程度：0.7",厭惡,0.7,1.243675947189331,200
阿玲（女性，38歲，銀行職員，細心謹慎，性格穩重，有些嚴肅但善解人意）,悲傷,今天工作出了錯，心情很沮喪。,"情緒：悲傷
程度：0.8",悲傷,0.8,1.0580017566680908,200
阿玲（女性，38歲，銀行職員，細心謹慎，性格穩重，有些嚴肅但善解人意）,悲傷,覺得努力了這麼久，卻沒有被看見。,"情緒：悲傷
程度：0.8",悲傷,0.8,1.0933549404144287,200
阿玲（女性，38歲，銀行職員，細心謹慎，性格穩重，有些嚴肅但善解人意）,悲傷,同事離職讓辦公室變得冷清。,"情緒：悲傷
程度：0.7",悲傷,0.7,0.8795828819274902,200
阿玲（女性，38歲，銀行職員，細心謹慎，性格穩重，有些嚴肅但善解人意）,悲傷,家裡孩子不舒服，讓我擔心不已。,"情緒：恐懼
程度：0.7",恐懼,0.7,1.5551660060882568,200
阿玲（女性，38歲，銀行職員，細心謹慎，性格穩重，有些嚴肅但善解人意）,悲傷,過去的錯誤一直揮之不去，心裡難過。,"情緒：悲傷
程度：0.8",悲傷,0.8,1.0434620380401611,200
阿玲（女性，38歲，銀行職員，細心謹慎，性格穩重，有些嚴肅但善解人意）,悲傷,看到客戶因財務問題難過，我也感同身受。,"情緒：悲傷
程度：0.7",悲傷,0.7,1.8671400547027588,200
阿玲（女性，38歲，銀行職員，細心謹慎，性格穩重，有些嚴肅但善解人意）,悲傷,工作壓力大到讓我心情沉重。,"情緒：悲傷
程度：0.8",悲傷,0.8,0.8328602313995361,200
阿玲（女性，38歲，銀行職員，細心謹慎，性格穩重，有些嚴肅但善解人意）,悲傷,家庭和工作間的平衡很難維持，覺得疲憊。,"情緒：悲傷
程度：0.7",悲傷,0.7,0.8407130241394043,200
阿玲（女性，38歲，銀行職員，細心謹慎，性格穩重，有些嚴肅但善解人意）,悲傷,今天聽到朋友的不幸消息，心裡很難受。,"情緒：悲傷
程度：0.8",悲傷,0.8,1.8517498970031738,200
阿玲（女性，38歲，銀行職員，細心謹慎，性格穩重，有些嚴肅但善解人意）,悲傷,想念過去快樂的日子，感到孤單。,"情緒：悲傷
程度：0.8",悲傷,0.8,1.1653549671173096,200
阿玲（女性，38歲，銀行職員，細心謹慎，性格穩重，有些嚴肅但善解人意）,憤怒,客戶資料錯誤居然沒人提醒，真讓人生氣。,"情緒：憤怒
程度：0.8",憤怒,0.8,1.0744497776031494,200
阿玲（女性，38歲，銀行職員，細心謹慎，性格穩重，有些嚴肅但善解人意）,憤怒,同事推卸責任，讓我感覺很不公平。,"情緒：憤怒
程度：0.8",憤怒,0.8,2.1036880016326904,200
阿玲（女性，38歲，銀行職員，細心謹慎，性格穩重，有些嚴肅但善解人意）,憤怒,系統當機，工作被耽誤，氣炸了。,"情緒：憤怒
程度：0.95",憤怒,0.95,1.3591248989105225,200
阿玲（女性，38歲，銀行職員，細心謹慎，性格穩重，有些嚴肅但善解人意）,憤怒,有人不遵守規章制度，讓團隊很困擾。,"情緒：憤怒
程度：0.7",憤怒,0.7,1.3505640029907227,200
阿玲（女性，38歲，銀行職員，細心謹慎，性格穩重，有些嚴肅但善解人意）,憤怒,老闆無理要求，讓我壓力倍增。,"情緒：憤怒
程度：0.8",憤怒,0.8,0.9615709781646729,200
阿玲（女性，38歲，銀行職員，細心謹慎，性格穩重，有些嚴肅但善解人意）,憤怒,明明說好的會議時間，竟然有人遲到。,"情緒：憤怒
程度：0.7",憤怒,0.7,1.7854161262512207,200
阿玲（女性，38歲，銀行職員，細心謹慎，性格穩重，有些嚴肅但善解人意）,憤怒,文件審核出了問題，害我得重做。,"情緒：憤怒
程度：0.7",憤怒,0.7,0.909959077835083,200
阿玲（女性，38歲，銀行職員，細心謹慎，性格穩重，有些嚴肅但善解人意）,憤怒,有些客戶態度不好，讓我很反感。,"情緒：厭惡
程度：0.7",厭惡,0.7,2.089110851287842,200
阿玲（女性，38歲，銀行職員，細心謹慎，性格穩重，有些嚴肅但善解人意）,憤怒,連續加班讓我忍不住生氣。,"情緒：憤怒
程度：0.85",憤怒,0.85,1.1217937469482422,200
阿玲（女性，38歲，銀行職員，細心謹慎，性格穩重，有些嚴肅但善解人意）,憤怒,電腦速度慢到讓我抓狂。,"情緒：憤怒
程度：0.9",憤怒,0.9,1.6572070121765137,200
阿玲（女性，38歲，銀行職員，細心謹慎，性格穩重，有些嚴肅但善解人意）,驚奇,沒想到今天的會議這麼順利。,"情緒：驚奇
程度：0.7",驚奇,0.7,1.2474150657653809,200
阿玲（女性，38歲，銀行職員，細心謹慎，性格穩重，有些嚴肅但善解人意）,驚奇,系統更新後功能居然變多了，挺驚喜。,"情緒：驚奇
程度：0.7",驚奇,0.7,0.8373692035675049,200
阿玲（女性，38歲，銀行職員，細心謹慎，性格穩重，有些嚴肅但善解人意）,驚奇,客戶意外答應了我們的方案，讓我很意外。,"情緒：驚奇
程度：0.8",驚奇,0.8,0.9428882598876953,200
阿玲（女性，38歲，銀行職員，細心謹慎，性格穩重，有些嚴肅但善解人意）,驚奇,同事居然主動幫忙，讓我感到驚訝。,"情緒：驚奇
程度：0.8",驚奇,0.8,0.7938318252563477,200
阿玲（女性，38歲，銀行職員，細心謹慎，性格穩重，有些嚴肅但善解人意）,驚奇,突然收到加薪通知，真沒想到。,"情緒：驚奇
程度：0.8",驚奇,0.8,0.7882916927337646,200
阿玲（女性，38歲，銀行職員，細心謹慎，性格穩重，有些嚴肅但善解人意）,驚奇,新的工作流程比以前有效率很多。,"情緒：信任
程度：0.7",信任,0.7,1.0465550422668457,200
阿玲（女性，38歲，銀行職員，細心謹慎，性格穩重，有些嚴肅但善解人意）,驚奇,今天遇到很有趣的客戶，讓我印象深刻。,"情緒：喜悅
程度：0.7",喜悅,0.7,1.3733279705047607,200
阿玲（女性，38歲，銀行職員，細心謹慎，性格穩重，有些嚴肅但善解人意）,驚奇,公司組織的活動比想像中還好玩。,"情緒：驚奇
程度：0.7",驚奇,0.7,0.765265941619873,200
阿玲（女性，38歲，銀行職員，細心謹慎，性格穩重，有些嚴肅但善解人意）,驚奇,看到年輕同事快速成長，感覺很驚奇。,"情緒：驚奇
程度：0.7",驚奇,0.7,0.893151044845581,200
阿玲（女性，38歲，銀行職員，細心謹慎，性格穩重，有些嚴肅但善解人意）,驚奇,電腦居然自己修好了，太神奇了。,"情緒：驚奇
程度：0.9",驚奇,0.9,0.7634851932525635,200
阿玲（女性，38歲，銀行職員，細心謹慎，性格穩重，有些嚴肅但善解人意）,信任,只要你把資料準備齊全，我相信流程會順利完成。,"情緒：信任
程度：0.8",信任,0.8,0.8984968662261963,200
阿玲（女性，38歲，銀行職員，細心謹慎，性格穩重，有些嚴肅但善解人意）,信任,這份文件我已經交給小周處理了，他做事很讓人放心。,"情緒：信任
程度：0.8",信任,0.8,0.7671401500701904,200
阿玲（女性，38歲，銀行職員，細心謹慎，性格穩重，有些嚴肅但善解人意）,信任,我相信你不是故意延遲回覆，一定是有狀況。,"情緒：信任
程度：0.8",信任,0.8,1.1148979663848877,200
阿玲（女性，38歲，銀行職員，細心謹慎，性格穩重，有些嚴肅但善解人意）,信任,這筆帳我有再三核對，你可以放心簽名。,"情緒：信任
程度：0.8",信任,0.8,1.1453032493591309,200
阿玲（女性，38歲，銀行職員，細心謹慎，性格穩重，有些嚴肅但善解人意）,信任,她是我們部門最穩的新人，我相信她做得來。,"情緒：信任
程度：0.85",信任,0.85,1.0642979145050049,200
阿玲（女性，38歲，銀行職員，細心謹慎，性格穩重，有些嚴肅但善解人意）,信任,雖然數字有誤差，但我信你會找出原因。,"情緒：信任
程度：0.8",信任,0.8,0.7122938632965088,200
阿玲（女性，38歲，銀行職員，細心謹慎，性格穩重，有些嚴肅但善解人意）,信任,他之前的表現很好，我相信這次只是小失誤。,"情緒：信任
程度：0.7",信任,0.7,1.1414740085601807,200
阿玲（女性，38歲，銀行職員，細心謹慎，性格穩重，有些嚴肅但善解人意）,信任,我知道你工作壓力很大，但我相信你會自己調整好。,"情緒：信任
程度：0.8",信任,0.8,1.040804147720337,200
阿玲（女性，38歲，銀行職員，細心謹慎，性格穩重，有些嚴肅但善解人意）,信任,這種狀況不是第一次了，我信你有處理的經驗。,"情緒：信任
程度：0.65",信任,0.65,0.9553148746490479,200
阿玲（女性，38歲，銀行職員，細心謹慎，性格穩重，有些嚴肅但善解人意）,信任,只要照程序走，結果我相信一定是公平的。,"情緒：信任
程度：0.85",信任,0.85,1.211327075958252,200
阿玲（女性，38歲，銀行職員，細心謹慎，性格穩重，有些嚴肅但善解人意）,喜悅,今天完成了重要的專案，感覺很有成就感。,"情緒：喜悅
程度：0.9",喜悅,0.9,1.2749059200286865,200
阿玲（女性，38歲，銀行職員，細心謹慎，性格穩重，有些嚴肅但善解人意）,喜悅,客戶對我們的服務很滿意，心情很好。,"情緒：喜悅
程度：0.9",喜悅,0.9,0.8148281574249268,200
阿玲（女性，38歲，銀行職員，細心謹慎，性格穩重，有些嚴肅但善解人意）,喜悅,同事之間合作順利，氣氛很愉快。,"情緒：喜悅
程度：0.8",喜悅,0.8,1.0860810279846191,200
阿玲（女性，38歲，銀行職員，細心謹慎，性格穩重，有些嚴肅但善解人意）,喜悅,收到同事的感謝信，覺得被肯定了。,"情緒：喜悅
程度：0.8",喜悅,0.8,1.1279661655426025,200
阿玲（女性，38歲，銀行職員，細心謹慎，性格穩重，有些嚴肅但善解人意）,喜悅,週末計劃好了，期待放鬆一下。,"情緒：期待
程度：0.8",期待,0.8,0.8220779895782471,200
阿玲（女性，38歲，銀行職員，細心謹慎，性格穩重，有些嚴肅但善解人意）,喜悅,主管表揚了我的表現，好開心。,"情緒：喜悅
程度：0.9",喜悅,0.9,0.9554939270019531,200
阿玲（女性，38歲，銀行職員，細心謹慎，性格穩重，有些嚴肅但善解人意）,喜悅,午餐時大家一起聊天，很開心。,"情緒：喜悅
程度：0.8",喜悅,0.8,1.0416021347045898,200
阿玲（女性，38歲，銀行職員，細心謹慎，性格穩重，有些嚴肅但善解人意）,喜悅,今天的工作進展順利，心情很輕鬆。,"情緒：喜悅
程度：0.7",喜悅,0.7,1.9651780128479004,200
阿玲（女性，38歲，銀行職員，細心謹慎，性格穩重，有些嚴肅但善解人意）,喜悅,見到了許久未見的朋友，感覺很開心。,"情緒：喜悅
程度：0.9",喜悅,0.9,0.9478359222412109,200
阿玲（女性，38歲，銀行職員，細心謹慎，性格穩重，有些嚴肅但善解人意）,喜悅,新的辦公設備很方便，讓人滿意。,"情緒：信任
程度：0.7",信任,0.7,1.5523090362548828,200
阿玲（女性，38歲，銀行職員，細心謹慎，性格穩重，有些嚴肅但善解人意）,期待,這次專案結束後，希望大家都能好好休息一下。,"情緒：信任
程度：0.4",信任,0.4,2.0672781467437744,200
阿玲（女性，38歲，銀行職員，細心謹慎，性格穩重，有些嚴肅但善解人意）,期待,下週的內部簡報，我還蠻期待你們的成果呈現。,"情緒：期待
程度：0.7",期待,0.7,1.9735159873962402,200
阿玲（女性，38歲，銀行職員，細心謹慎，性格穩重，有些嚴肅但善解人意）,期待,我約了久違的朋友吃飯，期待能聊聊近況。,"情緒：期待
程度：0.8",期待,0.8,0.8296802043914795,200
阿玲（女性，38歲，銀行職員，細心謹慎，性格穩重，有些嚴肅但善解人意）,期待,月底績效審核，希望這次能反映出大家的努力。,"情緒：期待
程度：0.7",期待,0.7,0.9429101943969727,200
阿玲（女性，38歲，銀行職員，細心謹慎，性格穩重，有些嚴肅但善解人意）,期待,這次系統升級，期待操作能更流暢一些。,"情緒：期待
程度：0.7",期待,0.7,0.9536080360412598,200
阿玲（女性，38歲，銀行職員，細心謹慎，性格穩重，有些嚴肅但善解人意）,期待,過幾天要帶爸媽去健康檢查，希望一切正常。,"情緒：期待
程度：0.6",期待,0.6,0.9284248352050781,200
阿玲（女性，38歲，銀行職員，細心謹慎，性格穩重，有些嚴肅但善解人意）,期待,新的主管下週上任，大家都蠻期待他的管理方式。,"情緒：期待
程度：0.7",期待,0.7,1.0420217514038086,200
阿玲（女性，38歲，銀行職員，細心謹慎，性格穩重，有些嚴肅但善解人意）,期待,她說這次會準時交報告，我願意再給一次期待。,"情緒：期待
程度：0.7",期待,0.7,0.8383681774139404,200
阿玲（女性，38歲，銀行職員，細心謹慎，性格穩重，有些嚴肅但善解人意）,期待,這次整理的流程指引，希望能真正幫到新人。,"情緒：信任
程度：0.5",信任,0.5,3.2966840267181396,200
阿玲（女性，38歲，銀行職員，細心謹慎，性格穩重，有些嚴肅但善解人意）,期待,每年都會發年終，雖然不多，但還是期待一下。,"情緒：期待
程度：0.6",期待,0.6,1.5588610172271729,200
阿玲（女性，38歲，銀行職員，細心謹慎，性格穩重，有些嚴肅但善解人意）,恐懼,這筆款項的異動記錄不完整，我有點擔心會出問題。,"情緒：恐懼
程度：0.6",恐懼,0.6,1.0394768714904785,200
阿玲（女性，38歲，銀行職員，細心謹慎，性格穩重，有些嚴肅但善解人意）,恐懼,最近詐騙手法很多，我很怕有客戶受騙。,"情緒：恐懼
程度：0.7",恐懼,0.7,1.7614469528198242,200
阿玲（女性，38歲，銀行職員，細心謹慎，性格穩重，有些嚴肅但善解人意）,恐懼,我最擔心的是同仁沒看清楚細節就簽了字。,"情緒：恐懼
程度：0.7",恐懼,0.7,0.9476480484008789,200
阿玲（女性，38歲，銀行職員，細心謹慎，性格穩重，有些嚴肅但善解人意）,恐懼,客戶的資金流向異常，我怕背後有風險。,"情緒：恐懼
程度：0.8",恐懼,0.8,1.1076269149780273,200
阿玲（女性，38歲，銀行職員，細心謹慎，性格穩重，有些嚴肅但善解人意）,恐懼,系統如果再當機，今天所有交易都可能延遲。,"情緒：恐懼
程度：0.7",恐懼,0.7,0.6470561027526855,200
阿玲（女性，38歲，銀行職員，細心謹慎，性格穩重，有些嚴肅但善解人意）,恐懼,這麼急的交期，我怕品質會有疏漏。,"情緒：恐懼
程度：0.7",恐懼,0.7,0.9032204151153564,200
阿玲（女性，38歲，銀行職員，細心謹慎，性格穩重，有些嚴肅但善解人意）,恐懼,剛剛報表資料跳出警示，我有點擔心是不是設定錯誤。,"情緒：恐懼
程度：0.6",恐懼,0.6,0.7780780792236328,200
阿玲（女性，38歲，銀行職員，細心謹慎，性格穩重，有些嚴肅但善解人意）,恐懼,她看起來最近情緒不太穩定，我擔心她撐得太久。,"情緒：恐懼
程度：0.7",恐懼,0.7,0.9417541027069092,200
阿玲（女性，38歲，銀行職員，細心謹慎，性格穩重，有些嚴肅但善解人意）,恐懼,如果政策突然改變，客戶可能會來投訴我們處理不當。,"情緒：恐懼
程度：0.6",恐懼,0.6,1.8572742938995361,200
阿玲（女性，38歲，銀行職員，細心謹慎，性格穩重，有些嚴肅但善解人意）,恐懼,我有點怕你把這件事想得太簡單，後面會很難收拾。,"情緒：恐懼
程度：0.6",恐懼,0.6,1.675213098526001,200
阿玲（女性，38歲，銀行職員，細心謹慎，性格穩重，有些嚴肅但善解人意）,厭惡,文件亂七八糟，讓人看了很不舒服。,"情緒：厭惡
程度：0.8",厭惡,0.8,0.9745430946350098,200
阿玲（女性，38歲，銀行職員，細心謹慎，性格穩重，有些嚴肅但善解人意）,厭惡,有些同事態度消極，讓人厭煩。,"情緒：厭惡
程度：0.7",厭惡,0.7,1.009092092514038,200
阿玲（女性，38歲，銀行職員，細心謹慎，性格穩重，有些嚴肅但善解人意）,厭惡,系統老是出問題，真讓人抓狂。,"情緒：憤怒
程度：0.85",憤怒,0.85,0.745762825012207,200
阿玲（女性，38歲，銀行職員，細心謹慎，性格穩重，有些嚴肅但善解人意）,厭惡,客戶無理的要求，讓我很反感。,"情緒：厭惡
程度：0.8",厭惡,0.8,1.3403100967407227,200
阿玲（女性，38歲，銀行職員，細心謹慎，性格穩重，有些嚴肅但善解人意）,厭惡,工作環境太吵，沒辦法專心。,"情緒：厭惡
程度：0.7",厭惡,0.7,1.8844420909881592,200
阿玲（女性，38歲，銀行職員，細心謹慎，性格穩重，有些嚴肅但善解人意）,厭惡,這種重複的工作真是無聊又討厭。,"情緒：厭惡
程度：0.8",厭惡,0.8,1.6723740100860596,200
阿玲（女性，38歲，銀行職員，細心謹慎，性格穩重，有些嚴肅但善解人意）,厭惡,有人遲到不說，還態度不好，令人厭惡。,"情緒：厭惡
程度：0.8",厭惡,0.8,0.7808480262756348,200
阿玲（女性，38歲，銀行職員，細心謹慎，性格穩重，有些嚴肅但善解人意）,厭惡,辦公室裡的爭吵讓氣氛很糟糕。,"情緒：厭惡
程度：0.7",厭惡,0.7,1.0741677284240723,200
阿玲（女性，38歲，銀行職員，細心謹慎，性格穩重，有些嚴肅但善解人意）,厭惡,某些不負責任的行為讓人火大。,"情緒：憤怒
程度：0.85",憤怒,0.85,0.6963789463043213,200
阿玲（女性，38歲，銀行職員，細心謹慎，性格穩重，有些嚴肅但善解人意）,厭惡,系統更新後的錯誤一直沒解決，超煩。,"情緒：憤怒
程度：0.8",憤怒,0.8,0.973560094833374,200
阿杰（男性，45歲，卡車司機，性格直爽，愛好釣魚與戶外，說話語氣粗獷但心地善良）,悲傷,今天路上堵車，耽誤了交貨時間，心裡真難過。,"情緒：悲傷
程度：0.8",悲傷,0.8,0.9387199878692627,200
阿杰（男性，45歲，卡車司機，性格直爽，愛好釣魚與戶外，說話語氣粗獷但心地善良）,悲傷,想念老爸，已經好多年沒回家了。,"情緒：悲傷
程度：0.8",悲傷,0.8,1.0428450107574463,200
阿杰（男性，45歲，卡車司機，性格直爽，愛好釣魚與戶外，說話語氣粗獷但心地善良）,悲傷,跟老婆吵架了，整晚沒睡好。,"情緒：悲傷
程度：0.8",悲傷,0.8,1.762341022491455,200
阿杰（男性，45歲，卡車司機，性格直爽，愛好釣魚與戶外，說話語氣粗獷但心地善良）,悲傷,釣魚失手，一整天都沒收穫，心情很低落。,"情緒：悲傷
程度：0.8",悲傷,0.8,1.1481707096099854,200
阿杰（男性，45歲，卡車司機，性格直爽，愛好釣魚與戶外，說話語氣粗獷但心地善良）,悲傷,工作壓力大，覺得有點撐不下去。,"情緒：悲傷
程度：0.8",悲傷,0.8,1.2323079109191895,200
阿杰（男性，45歲，卡車司機，性格直爽，愛好釣魚與戶外，說話語氣粗獷但心地善良）,悲傷,小孩生病了，讓我很擔心。,"情緒：恐懼
程度：0.7",恐懼,0.7,1.091919183731079,200
阿杰（男性，45歲，卡車司機，性格直爽，愛好釣魚與戶外，說話語氣粗獷但心地善良）,悲傷,老朋友搬走了，感覺孤單。,"情緒：悲傷
程度：0.8",悲傷,0.8,0.7608699798583984,200
阿杰（男性，45歲，卡車司機，性格直爽，愛好釣魚與戶外，說話語氣粗獷但心地善良）,悲傷,車子壞在半路，沒人幫忙，心裡難受。,"情緒：悲傷
程度：0.8",悲傷,0.8,0.9663679599761963,200
阿杰（男性，45歲，卡車司機，性格直爽，愛好釣魚與戶外，說話語氣粗獷但心地善良）,悲傷,想起過去的好時光，忍不住感傷。,"情緒：悲傷
程度：0.7",悲傷,0.7,1.1614370346069336,200
阿杰（男性，45歲，卡車司機，性格直爽，愛好釣魚與戶外，說話語氣粗獷但心地善良）,悲傷,家裡的狗狗不見了，心裡很空。,"情緒：悲傷
程度：0.8",悲傷,0.8,1.1429588794708252,200
阿杰（男性，45歲，卡車司機，性格直爽，愛好釣魚與戶外，說話語氣粗獷但心地善良）,憤怒,這路怎麼這麼爛，車子都快壞了！,"情緒：憤怒
程度：0.8",憤怒,0.8,1.2483570575714111,200
阿杰（男性，45歲，卡車司機，性格直爽，愛好釣魚與戶外，說話語氣粗獷但心地善良）,憤怒,客戶遲遲不付款，氣得我牙癢癢。,"情緒：憤怒
程度：0.85",憤怒,0.85,1.7841498851776123,200
阿杰（男性，45歲，卡車司機，性格直爽，愛好釣魚與戶外，說話語氣粗獷但心地善良）,憤怒,路上有人亂插隊，真是太沒禮貌了。,"情緒：憤怒
程度：0.8",憤怒,0.8,0.8094480037689209,200
阿杰（男性，45歲，卡車司機，性格直爽，愛好釣魚與戶外，說話語氣粗獷但心地善良）,憤怒,加油站人員態度差，讓我超級火大。,"情緒：憤怒
程度：0.9",憤怒,0.9,0.7319910526275635,200
阿杰（男性，45歲，卡車司機，性格直爽，愛好釣魚與戶外，說話語氣粗獷但心地善良）,憤怒,司機都亂按喇叭，吵死人了。,"情緒：憤怒
程度：0.8",憤怒,0.8,1.0444328784942627,200
阿杰（男性，45歲，卡車司機，性格直爽，愛好釣魚與戶外，說話語氣粗獷但心地善良）,憤怒,工地亂七八糟，連我都不想下車。,"情緒：厭惡
程度：0.7",厭惡,0.7,1.0840950012207031,200
阿杰（男性，45歲，卡車司機，性格直爽，愛好釣魚與戶外，說話語氣粗獷但心地善良）,憤怒,老闆交代的事做不完，壓力大得受不了。,"情緒：恐懼
程度：0.8",恐懼,0.8,1.0797739028930664,200
阿杰（男性，45歲，卡車司機，性格直爽，愛好釣魚與戶外，說話語氣粗獷但心地善良）,憤怒,路標不清楚，害我迷路，氣炸了。,"情緒：憤怒
程度：0.9",憤怒,0.9,0.7476799488067627,200
阿杰（男性，45歲，卡車司機，性格直爽，愛好釣魚與戶外，說話語氣粗獷但心地善良）,憤怒,有些同行只會搶生意，讓人看不慣。,"情緒：厭惡
程度：0.7",厭惡,0.7,0.9607939720153809,200
阿杰（男性，45歲，卡車司機，性格直爽，愛好釣魚與戶外，說話語氣粗獷但心地善良）,憤怒,停車位搶不到，真是煩死了。,"情緒：憤怒
程度：0.8",憤怒,0.8,1.256342887878418,200
阿杰（男性，45歲，卡車司機，性格直爽，愛好釣魚與戶外，說話語氣粗獷但心地善良）,驚奇,沒想到這條路這麼快就通了，真神奇。,"情緒：驚奇
程度：0.8",驚奇,0.8,1.0679941177368164,200
阿杰（男性，45歲，卡車司機，性格直爽，愛好釣魚與戶外，說話語氣粗獷但心地善良）,驚奇,今天遇到一隻大魚，嚇我一跳。,"情緒：驚奇
程度：0.7",驚奇,0.7,0.805830717086792,200
阿杰（男性，45歲，卡車司機，性格直爽，愛好釣魚與戶外，說話語氣粗獷但心地善良）,驚奇,客戶竟然給了我額外小費，太驚喜了。,"情緒：驚奇
程度：0.9",驚奇,0.9,0.9382169246673584,200
阿杰（男性，45歲，卡車司機，性格直爽，愛好釣魚與戶外，說話語氣粗獷但心地善良）,驚奇,車子居然自己修好了，真是幸運。,"情緒：喜悅
程度：0.7",喜悅,0.7,0.6820709705352783,200
阿杰（男性，45歲，卡車司機，性格直爽，愛好釣魚與戶外，說話語氣粗獷但心地善良）,驚奇,釣魚技術提升了，真不敢相信。,"情緒：驚奇
程度：0.7",驚奇,0.7,0.9109539985656738,200
阿杰（男性，45歲，卡車司機，性格直爽，愛好釣魚與戶外，說話語氣粗獷但心地善良）,驚奇,老朋友突然打電話來，讓我很驚訝。,"情緒：驚奇
程度：0.8",驚奇,0.8,1.4341492652893066,200
阿杰（男性，45歲，卡車司機，性格直爽，愛好釣魚與戶外，說話語氣粗獷但心地善良）,驚奇,今天天氣轉好，心情也跟著亮了起來。,"情緒：喜悅
程度：0.7",喜悅,0.7,0.7820780277252197,200
阿杰（男性，45歲，卡車司機，性格直爽，愛好釣魚與戶外，說話語氣粗獷但心地善良）,驚奇,看到小孩考上好學校，太意外了。,"情緒：驚奇
程度：0.9",驚奇,0.9,0.7121143341064453,200
阿杰（男性，45歲，卡車司機，性格直爽，愛好釣魚與戶外，說話語氣粗獷但心地善良）,驚奇,路邊的小攤美食竟然這麼好吃，太驚艷。,"情緒：驚奇
程度：0.9",驚奇,0.9,0.9187779426574707,200
阿杰（男性，45歲，卡車司機，性格直爽，愛好釣魚與戶外，說話語氣粗獷但心地善良）,驚奇,意外發現新的釣魚地點，超級開心。,"情緒：喜悅
程度：0.9",喜悅,0.9,1.250744104385376,200
阿杰（男性，45歲，卡車司機，性格直爽，愛好釣魚與戶外，說話語氣粗獷但心地善良）,信任,這條路我跑過上百回了，閉著眼睛都能開過去，放心啦。,"情緒：信任
程度：0.8",信任,0.8,1.7876918315887451,200
阿杰（男性，45歲，卡車司機，性格直爽，愛好釣魚與戶外，說話語氣粗獷但心地善良）,信任,你說要幫我顧車，我信你，別讓我多擔心就好。,"情緒：信任
程度：0.7",信任,0.7,2.657238006591797,200
阿杰（男性，45歲，卡車司機，性格直爽，愛好釣魚與戶外，說話語氣粗獷但心地善良）,信任,老張雖然嘴臭一點，人是靠得住的，我信他。,"情緒：信任
程度：0.8",信任,0.8,2.3738319873809814,200
阿杰（男性，45歲，卡車司機，性格直爽，愛好釣魚與戶外，說話語氣粗獷但心地善良）,信任,我跟釣友說好下週去東港，他說會帶餌，我信啦。,"情緒：信任
程度：0.8",信任,0.8,1.3915698528289795,200
阿杰（男性，45歲，卡車司機，性格直爽，愛好釣魚與戶外，說話語氣粗獷但心地善良）,信任,那修車師傅我認識二十年，他說沒問題就真沒問題。,"情緒：信任
程度：0.9",信任,0.9,0.706913948059082,200
阿杰（男性，45歲，卡車司機，性格直爽，愛好釣魚與戶外，說話語氣粗獷但心地善良）,信任,你是我兄弟，交代你的事我就不會再問第二次。,"情緒：信任
程度：0.8",信任,0.8,1.2322580814361572,200
阿杰（男性，45歲，卡車司機，性格直爽，愛好釣魚與戶外，說話語氣粗獷但心地善良）,信任,這趟貨雖然遠，但我信我的老夥計——這台車撐得住。,"情緒：信任
程度：0.8",信任,0.8,0.8397030830383301,200
阿杰（男性，45歲，卡車司機，性格直爽，愛好釣魚與戶外，說話語氣粗獷但心地善良）,信任,小玲雖然剛上車沒幾天，但做事細，我信她慢慢會上手。,"情緒：信任
程度：0.7",信任,0.7,1.1445708274841309,200
阿杰（男性，45歲，卡車司機，性格直爽，愛好釣魚與戶外，說話語氣粗獷但心地善良）,信任,我知道你不是那種說話不算話的人，我信你。,"情緒：信任
程度：0.8",信任,0.8,0.8409903049468994,200
阿杰（男性，45歲，卡車司機，性格直爽，愛好釣魚與戶外，說話語氣粗獷但心地善良）,信任,我老婆說這次會煮我最愛的菜，我信她沒忘記我生日。,"情緒：信任
程度：0.8",信任,0.8,0.770611047744751,200
阿杰（男性，45歲，卡車司機，性格直爽，愛好釣魚與戶外，說話語氣粗獷但心地善良）,喜悅,今天路上風景真美，心情大好。,"情緒：喜悅
程度：0.9",喜悅,0.9,0.8014750480651855,200
阿杰（男性，45歲，卡車司機，性格直爽，愛好釣魚與戶外，說話語氣粗獷但心地善良）,喜悅,釣到一條大魚，爽翻了。,"情緒：喜悅
程度：0.95",喜悅,0.95,0.9403789043426514,200
阿杰（男性，45歲，卡車司機，性格直爽，愛好釣魚與戶外，說話語氣粗獷但心地善良）,喜悅,客戶對我服務滿意，覺得很有成就感。,"情緒：喜悅
程度：0.9",喜悅,0.9,0.6933660507202148,200
阿杰（男性，45歲，卡車司機，性格直爽，愛好釣魚與戶外，說話語氣粗獷但心地善良）,喜悅,和老朋友聚會，聊得很開心。,"情緒：喜悅
程度：0.9",喜悅,0.9,1.166374921798706,200
阿杰（男性，45歲，卡車司機，性格直爽，愛好釣魚與戶外，說話語氣粗獷但心地善良）,喜悅,車子維修好了，感覺輕鬆多了。,"情緒：喜悅
程度：0.6",喜悅,0.6,1.047476053237915,200
阿杰（男性，45歲，卡車司機，性格直爽，愛好釣魚與戶外，說話語氣粗獷但心地善良）,喜悅,休假日終於到了，可以好好放鬆。,"情緒：喜悅
程度：0.8",喜悅,0.8,0.861135721206665,200
阿杰（男性，45歲，卡車司機，性格直爽，愛好釣魚與戶外，說話語氣粗獷但心地善良）,喜悅,孩子考試成績進步了，太開心了。,"情緒：喜悅
程度：0.9",喜悅,0.9,1.9650321006774902,200
阿杰（男性，45歲，卡車司機，性格直爽，愛好釣魚與戶外，說話語氣粗獷但心地善良）,喜悅,工作順利完成，心情很好。,"情緒：喜悅
程度：0.9",喜悅,0.9,0.8745620250701904,200
阿杰（男性，45歲，卡車司機，性格直爽，愛好釣魚與戶外，說話語氣粗獷但心地善良）,喜悅,週末去釣魚，玩得超開心。,"情緒：喜悅
程度：0.9",喜悅,0.9,1.722987174987793,200
阿杰（男性，45歲，卡車司機，性格直爽，愛好釣魚與戶外，說話語氣粗獷但心地善良）,喜悅,天氣好，心情自然就好。,"情緒：喜悅
程度：0.6",喜悅,0.6,1.144200086593628,200
阿杰（男性，45歲，卡車司機，性格直爽，愛好釣魚與戶外，說話語氣粗獷但心地善良）,期待,下個月有釣魚比賽，我已經磨好釣竿等著了！,"情緒：期待
程度：0.8",期待,0.8,0.9151039123535156,200
阿杰（男性，45歲，卡車司機，性格直爽，愛好釣魚與戶外，說話語氣粗獷但心地善良）,期待,明天拉完貨就放假，我要直接殺去溪邊紮營啦！,"情緒：期待
程度：0.85",期待,0.85,0.7729229927062988,200
阿杰（男性，45歲，卡車司機，性格直爽，愛好釣魚與戶外，說話語氣粗獷但心地善良）,期待,聽說那家牛肉麵換新老闆，我有點想去試試味道。,"情緒：期待
程度：0.6",期待,0.6,1.1008827686309814,200
阿杰（男性，45歲，卡車司機，性格直爽，愛好釣魚與戶外，說話語氣粗獷但心地善良）,期待,這趟跑完就能見到小孫子，我想他想得緊。,"情緒：期待
程度：0.8",期待,0.8,0.8829538822174072,200
阿杰（男性，45歲，卡車司機，性格直爽，愛好釣魚與戶外，說話語氣粗獷但心地善良）,期待,下次團聚你說要帶烤肉架，我已經開始流口水了。,"情緒：期待
程度：0.8",期待,0.8,3.082732915878296,200
阿杰（男性，45歲，卡車司機，性格直爽，愛好釣魚與戶外，說話語氣粗獷但心地善良）,期待,老婆說週末要全家一起去郊外走走，我超期待。,"情緒：期待
程度：0.9",期待,0.9,0.9395568370819092,200
阿杰（男性，45歲，卡車司機，性格直爽，愛好釣魚與戶外，說話語氣粗獷但心地善良）,期待,這次休假我打算去阿里山看看雲海，說走就走！,"情緒：期待
程度：0.8",期待,0.8,0.8390088081359863,200
阿杰（男性，45歲，卡車司機，性格直爽，愛好釣魚與戶外，說話語氣粗獷但心地善良）,期待,我訂的釣具快到了，到時候帶你們一起去試水。,"情緒：期待
程度：0.8",期待,0.8,0.8378119468688965,200
阿杰（男性，45歲，卡車司機，性格直爽，愛好釣魚與戶外，說話語氣粗獷但心地善良）,期待,聽說你新買的帳篷不錯，我等著看實戰表現。,"情緒：期待
程度：0.6",期待,0.6,1.522346019744873,200
阿杰（男性，45歲，卡車司機，性格直爽，愛好釣魚與戶外，說話語氣粗獷但心地善良）,期待,這批貨如果準時交完，老闆應該會請我們吃一頓吧？,"情緒：期待
程度：0.6",期待,0.6,0.8356101512908936,200
阿杰（男性，45歲，卡車司機，性格直爽，愛好釣魚與戶外，說話語氣粗獷但心地善良）,恐懼,剛剛下坡時煞車有點鬆，我有點怕是油壓問題。,"情緒：恐懼
程度：0.6",恐懼,0.6,1.7043261528015137,200
阿杰（男性，45歲，卡車司機，性格直爽，愛好釣魚與戶外，說話語氣粗獷但心地善良）,恐懼,最近一直咳，我怕是那年留下來的老毛病又犯了。,"情緒：恐懼
程度：0.7",恐懼,0.7,0.7284891605377197,200
阿杰（男性，45歲，卡車司機，性格直爽，愛好釣魚與戶外，說話語氣粗獷但心地善良）,恐懼,貨倉那邊說要臨檢，我心裡有點不踏實。,"情緒：恐懼
程度：0.6",恐懼,0.6,1.1445679664611816,200
阿杰（男性，45歲，卡車司機，性格直爽，愛好釣魚與戶外，說話語氣粗獷但心地善良）,恐懼,這雨下成這樣，山路開起來還真讓人捏把冷汗。,"情緒：恐懼
程度：0.7",恐懼,0.7,1.865238904953003,200
阿杰（男性，45歲，卡車司機，性格直爽，愛好釣魚與戶外，說話語氣粗獷但心地善良）,恐懼,剛剛差點被後面那輛大車追撞，嚇出一身汗。,"情緒：恐懼
程度：0.9",恐懼,0.9,1.0419509410858154,200
阿杰（男性，45歲，卡車司機，性格直爽，愛好釣魚與戶外，說話語氣粗獷但心地善良）,恐懼,我最怕的就是夜路看不清，有時候連路標都沒幾個。,"情緒：恐懼
程度：0.8",恐懼,0.8,1.2481670379638672,200
阿杰（男性，45歲，卡車司機，性格直爽，愛好釣魚與戶外，說話語氣粗獷但心地善良）,恐懼,車上那批玻璃器材很貴，抖太大力我真的怕碎了。,"情緒：恐懼
程度：0.7",恐懼,0.7,0.9457831382751465,200
阿杰（男性，45歲，卡車司機，性格直爽，愛好釣魚與戶外，說話語氣粗獷但心地善良）,恐懼,釣魚的時候要小心，我有次差點被鉤子刺進手裡。,"情緒：恐懼
程度：0.7",恐懼,0.7,0.8363561630249023,200
阿杰（男性，45歲，卡車司機，性格直爽，愛好釣魚與戶外，說話語氣粗獷但心地善良）,恐懼,我老婆最近總說頭暈，我有點怕她是過勞了。,"情緒：恐懼
程度：0.6",恐懼,0.6,1.0453369617462158,200
阿杰（男性，45歲，卡車司機，性格直爽，愛好釣魚與戶外，說話語氣粗獷但心地善良）,恐懼,我老哥最近聯絡不上，我怕他一個人在山上出什麼事。,"情緒：恐懼
程度：0.85",恐懼,0.85,2.635617971420288,200
阿杰（男性，45歲，卡車司機，性格直爽，愛好釣魚與戶外，說話語氣粗獷但心地善良）,厭惡,路上的垃圾亂丟，真是看了不爽。,"情緒：憤怒
程度：0.8",憤怒,0.8,0.688737154006958,200
阿杰（男性，45歲，卡車司機，性格直爽，愛好釣魚與戶外，說話語氣粗獷但心地善良）,厭惡,那些車子亂停車，害我沒地方停。,"情緒：憤怒
程度：0.8",憤怒,0.8,0.7993519306182861,200
阿杰（男性，45歲，卡車司機，性格直爽，愛好釣魚與戶外，說話語氣粗獷但心地善良）,厭惡,有些人開車超級沒禮貌，真討厭。,"情緒：厭惡
程度：0.8",厭惡,0.8,0.8699629306793213,200
阿杰（男性，45歲，卡車司機，性格直爽，愛好釣魚與戶外，說話語氣粗獷但心地善良）,厭惡,工作中遇到拖延的人，讓人火大。,"情緒：憤怒
程度：0.8",憤怒,0.8,1.9733519554138184,200
阿杰（男性，45歲，卡車司機，性格直爽，愛好釣魚與戶外，說話語氣粗獷但心地善良）,厭惡,路邊攤食物不衛生，根本吃不下。,"情緒：厭惡
程度：0.8",厭惡,0.8,0.6751618385314941,200
阿杰（男性，45歲，卡車司機，性格直爽，愛好釣魚與戶外，說話語氣粗獷但心地善良）,厭惡,天氣悶熱又不通風，讓人受不了。,"情緒：厭惡
程度：0.7",厭惡,0.7,2.125088930130005,200
阿杰（男性，45歲，卡車司機，性格直爽，愛好釣魚與戶外，說話語氣粗獷但心地善良）,厭惡,有些同行不誠實，讓人不信任。,"情緒：厭惡
程度：0.7",厭惡,0.7,1.862673044204712,200
阿杰（男性，45歲，卡車司機，性格直爽，愛好釣魚與戶外，說話語氣粗獷但心地善良）,厭惡,噪音太大，開車都無法專心。,"情緒：厭惡
程度：0.7",厭惡,0.7,0.9405760765075684,200
阿杰（男性，45歲，卡車司機，性格直爽，愛好釣魚與戶外，說話語氣粗獷但心地善良）,厭惡,車子老是故障，讓人煩躁。,"情緒：憤怒
程度：0.7",憤怒,0.7,1.0429620742797852,200
阿杰（男性，45歲，卡車司機，性格直爽，愛好釣魚與戶外，說話語氣粗獷但心地善良）,厭惡,遇到交通警察刁難，心情超差。,"情緒：憤怒
程度：0.85",憤怒,0.85,1.053999900817871,200
小玲（女性，29歲，幼兒園老師，性格溫柔有耐心，喜歡照顧小孩與手作）,悲傷,有小朋友生病了，心裡好難過。,"情緒：悲傷
程度：0.8",悲傷,0.8,0.8329269886016846,200
小玲（女性，29歲，幼兒園老師，性格溫柔有耐心，喜歡照顧小孩與手作）,悲傷,孩子哭了，我卻幫不上忙，感覺很無力。,"情緒：悲傷
程度：0.8",悲傷,0.8,0.7365021705627441,200
小玲（女性，29歲，幼兒園老師，性格溫柔有耐心，喜歡照顧小孩與手作）,悲傷,看著家長對我不滿，心裡有點難過。,"情緒：悲傷
程度：0.7",悲傷,0.7,1.963054895401001,200
小玲（女性，29歲，幼兒園老師，性格溫柔有耐心，喜歡照顧小孩與手作）,悲傷,今天班上的孩子不聽話，讓我有點失落。,"情緒：悲傷
程度：0.6",悲傷,0.6,1.2486510276794434,200
小玲（女性，29歲，幼兒園老師，性格溫柔有耐心，喜歡照顧小孩與手作）,悲傷,有些孩子因為家庭問題變得沉默，我很心疼。,"情緒：悲傷
程度：0.7",悲傷,0.7,1.6285240650177002,200
小玲（女性，29歲，幼兒園老師，性格溫柔有耐心，喜歡照顧小孩與手作）,悲傷,覺得自己教學不夠好，心裡很沮喪。,"情緒：悲傷
程度：0.8",悲傷,0.8,0.9707589149475098,200
小玲（女性，29歲，幼兒園老師，性格溫柔有耐心，喜歡照顧小孩與手作）,悲傷,有小朋友受傷了，我很自責。,"情緒：悲傷
程度：0.8",悲傷,0.8,1.5428471565246582,200
小玲（女性，29歲，幼兒園老師，性格溫柔有耐心，喜歡照顧小孩與手作）,悲傷,有時候想念自己的童年，覺得有點傷感。,"情緒：悲傷
程度：0.7",悲傷,0.7,0.7593309879302979,200
小玲（女性，29歲，幼兒園老師，性格溫柔有耐心，喜歡照顧小孩與手作）,悲傷,看著畢業的孩子離開，心中充滿不捨。,"情緒：悲傷
程度：0.8",悲傷,0.8,0.9340689182281494,200
小玲（女性，29歲，幼兒園老師，性格溫柔有耐心，喜歡照顧小孩與手作）,悲傷,孤單的時候，會想起那些可愛的小朋友們。,"情緒：悲傷
程度：0.6",悲傷,0.6,1.462920904159546,200
小玲（女性，29歲，幼兒園老師，性格溫柔有耐心，喜歡照顧小孩與手作）,憤怒,有家長無理取鬧，真的讓人火大。,"情緒：憤怒
程度：0.85",憤怒,0.85,0.8216919898986816,200
小玲（女性，29歲，幼兒園老師，性格溫柔有耐心，喜歡照顧小孩與手作）,憤怒,孩子不聽話，重複說了好多次還不改，氣死我了。,"情緒：憤怒
程度：0.9",憤怒,0.9,1.3503692150115967,200
小玲（女性，29歲，幼兒園老師，性格溫柔有耐心，喜歡照顧小孩與手作）,憤怒,同事不配合，工作變得很難做。,"情緒：憤怒
程度：0.7",憤怒,0.7,1.2211072444915771,200
小玲（女性，29歲，幼兒園老師，性格溫柔有耐心，喜歡照顧小孩與手作）,憤怒,有人亂丟玩具，讓教室變得很亂，真不爽。,"情緒：憤怒
程度：0.8",憤怒,0.8,0.968217134475708,200
小玲（女性，29歲，幼兒園老師，性格溫柔有耐心，喜歡照顧小孩與手作）,憤怒,被批評教學方式，心裡很不甘心。,"情緒：憤怒
程度：0.7",憤怒,0.7,0.9419889450073242,200
小玲（女性，29歲，幼兒園老師，性格溫柔有耐心，喜歡照顧小孩與手作）,憤怒,孩子間打架，我得一直勸解，真的很煩。,"情緒：厭惡
程度：0.7",厭惡,0.7,0.9398257732391357,200
小玲（女性，29歲，幼兒園老師，性格溫柔有耐心，喜歡照顧小孩與手作）,憤怒,有時候感覺被家長誤解，氣得說不出話。,"情緒：憤怒
程度：0.8",憤怒,0.8,0.7345929145812988,200
小玲（女性，29歲，幼兒園老師，性格溫柔有耐心，喜歡照顧小孩與手作）,憤怒,家長會議拖太久，累得要命。,"情緒：厭惡
程度：0.7",厭惡,0.7,1.8823778629302979,200
小玲（女性，29歲，幼兒園老師，性格溫柔有耐心，喜歡照顧小孩與手作）,憤怒,教具壞了卻沒人修，讓我超級不爽。,"情緒：憤怒
程度：0.9",憤怒,0.9,1.1896567344665527,200
小玲（女性，29歲，幼兒園老師，性格溫柔有耐心，喜歡照顧小孩與手作）,憤怒,有些家長不尊重老師，讓我很生氣。,"情緒：憤怒
程度：0.8",憤怒,0.8,0.882094144821167,200
小玲（女性，29歲，幼兒園老師，性格溫柔有耐心，喜歡照顧小孩與手作）,驚奇,今天孩子突然學會了一首新歌，真讓我驚喜,"情緒：驚奇
程度：0.9",驚奇,0.9,1.0310919284820557,200
小玲（女性，29歲，幼兒園老師，性格溫柔有耐心，喜歡照顧小孩與手作）,驚奇,有小朋友畫的畫比我想像中還棒，太驚艷了。,"情緒：驚奇
程度：0.9",驚奇,0.9,0.868994951248169,200
小玲（女性，29歲，幼兒園老師，性格溫柔有耐心，喜歡照顧小孩與手作）,驚奇,孩子們居然能自己整理教室，讓我很驚訝。,"情緒：驚奇
程度：0.8",驚奇,0.8,2.5609710216522217,200
小玲（女性，29歲，幼兒園老師，性格溫柔有耐心，喜歡照顧小孩與手作）,驚奇,家長居然主動幫忙，真讓我感動。,"情緒：驚奇
程度：0.8",驚奇,0.8,1.6572198867797852,200
小玲（女性，29歲，幼兒園老師，性格溫柔有耐心，喜歡照顧小孩與手作）,驚奇,今天的活動比預期還成功，超開心。,"情緒：喜悅
程度：0.9",喜悅,0.9,1.0304288864135742,200
小玲（女性，29歲，幼兒園老師，性格溫柔有耐心，喜歡照顧小孩與手作）,驚奇,小朋友居然懂得分享玩具，讓我很意外。,"情緒：驚奇
程度：0.8",驚奇,0.8,1.0944929122924805,200
小玲（女性，29歲，幼兒園老師，性格溫柔有耐心，喜歡照顧小孩與手作）,驚奇,老師會議上有人提出好點子，真讓我驚喜。,"情緒：驚奇
程度：0.8",驚奇,0.8,1.9158949851989746,200
小玲（女性，29歲，幼兒園老師，性格溫柔有耐心，喜歡照顧小孩與手作）,驚奇,有位新同事教學方式很特別，讓我眼睛一亮。,"情緒：驚奇
程度：0.7",驚奇,0.7,0.855769157409668,200
小玲（女性，29歲，幼兒園老師，性格溫柔有耐心，喜歡照顧小孩與手作）,驚奇,意外收到家長的感謝卡，感覺很幸福。,"情緒：喜悅
程度：0.9",喜悅,0.9,0.9080331325531006,200
小玲（女性，29歲，幼兒園老師，性格溫柔有耐心，喜歡照顧小孩與手作）,驚奇,今天的天氣好到讓我忍不住想帶孩子們出去玩。,"情緒：喜悅
程度：0.8",喜悅,0.8,0.7673537731170654,200
小玲（女性，29歲，幼兒園老師，性格溫柔有耐心，喜歡照顧小孩與手作）,信任,你今天有記得把玩具收好，老師知道你一定會越來越棒。,"情緒：信任
程度：0.8",信任,0.8,0.7298221588134766,200
小玲（女性，29歲，幼兒園老師，性格溫柔有耐心，喜歡照顧小孩與手作）,信任,雖然第一次做不太順利，但我相信你會越來越熟練的。,"情緒：信任
程度：0.7",信任,0.7,2.9798288345336914,200
小玲（女性，29歲，幼兒園老師，性格溫柔有耐心，喜歡照顧小孩與手作）,信任,我知道你不是故意不聽話，老師相信你只是心情不好。,"情緒：信任
程度：0.8",信任,0.8,0.8135411739349365,200
小玲（女性，29歲，幼兒園老師，性格溫柔有耐心，喜歡照顧小孩與手作）,信任,你已經試著自己綁鞋帶了，老師真的很為你開心。,"情緒：喜悅
程度：0.7",喜悅,0.7,0.9250049591064453,200
小玲（女性，29歲，幼兒園老師，性格溫柔有耐心，喜歡照顧小孩與手作）,信任,只要你慢慢來，我相信你一定做得到。,"情緒：信任
程度：0.85",信任,0.85,1.0308048725128174,200
小玲（女性，29歲，幼兒園老師，性格溫柔有耐心，喜歡照顧小孩與手作）,信任,她今天雖然有點害羞，但我相信她其實很想跟大家玩。,"情緒：信任
程度：0.7",信任,0.7,1.219681978225708,200
小玲（女性，29歲，幼兒園老師，性格溫柔有耐心，喜歡照顧小孩與手作）,信任,媽媽放心，小朋友今天有好好吃飯，也有午睡，我有一直注意她的狀況。,"情緒：信任
程度：0.9",信任,0.9,2.0196969509124756,200
小玲（女性，29歲，幼兒園老師，性格溫柔有耐心，喜歡照顧小孩與手作）,信任,老師相信你是一個會關心別人的小幫手。,"情緒：信任
程度：0.8",信任,0.8,1.055271863937378,200
小玲（女性，29歲，幼兒園老師，性格溫柔有耐心，喜歡照顧小孩與手作）,信任,這組拼圖有點難，但老師相信你可以一步一步完成。,"情緒：信任
程度：0.7",信任,0.7,1.1790931224822998,200
小玲（女性，29歲，幼兒園老師，性格溫柔有耐心，喜歡照顧小孩與手作）,信任,你把畫送給同學的時候很有禮貌，我相信你是一個溫暖的人。,"情緒：信任
程度：0.9",信任,0.9,0.7589952945709229,200
小玲（女性，29歲，幼兒園老師，性格溫柔有耐心，喜歡照顧小孩與手作）,喜悅,今天孩子們玩得好開心，我也很快樂。,"情緒：喜悅
程度：0.9",喜悅,0.9,1.0440819263458252,200
小玲（女性，29歲，幼兒園老師，性格溫柔有耐心，喜歡照顧小孩與手作）,喜悅,看見小朋友學會新東西，心裡很滿足。,"情緒：喜悅
程度：0.8",喜悅,0.8,0.9205727577209473,200
小玲（女性，29歲，幼兒園老師，性格溫柔有耐心，喜歡照顧小孩與手作）,喜悅,教室裡充滿笑聲，氣氛好棒。,"情緒：喜悅
程度：0.9",喜悅,0.9,2.349486827850342,200
小玲（女性，29歲，幼兒園老師，性格溫柔有耐心，喜歡照顧小孩與手作）,喜悅,收到孩子送的小禮物，好感動。,"情緒：喜悅
程度：0.9",喜悅,0.9,1.6365242004394531,200
小玲（女性，29歲，幼兒園老師，性格溫柔有耐心，喜歡照顧小孩與手作）,喜悅,見到家長的認可，覺得很開心。,"情緒：喜悅
程度：0.9",喜悅,0.9,1.1450166702270508,200
小玲（女性，29歲，幼兒園老師，性格溫柔有耐心，喜歡照顧小孩與手作）,喜悅,和同事一起準備活動，很有成就感。,"情緒：喜悅
程度：0.8",喜悅,0.8,0.9890317916870117,200
小玲（女性，29歲，幼兒園老師，性格溫柔有耐心，喜歡照顧小孩與手作）,喜悅,孩子們主動幫忙打掃，心情特別好。,"情緒：喜悅
程度：0.9",喜悅,0.9,0.9086508750915527,200
小玲（女性，29歲，幼兒園老師，性格溫柔有耐心，喜歡照顧小孩與手作）,喜悅,聽見孩子叫老師，覺得很幸福。,"情緒：喜悅
程度：0.9",喜悅,0.9,1.038158893585205,200
小玲（女性，29歲，幼兒園老師，性格溫柔有耐心，喜歡照顧小孩與手作）,喜悅,天氣好，帶孩子們戶外活動，超開心。,"情緒：喜悅
程度：0.9",喜悅,0.9,0.9710519313812256,200
小玲（女性，29歲，幼兒園老師，性格溫柔有耐心，喜歡照顧小孩與手作）,喜悅,每天都期待跟孩子們見面。,"情緒：期待
程度：0.8",期待,0.8,0.8445878028869629,200
小玲（女性，29歲，幼兒園老師，性格溫柔有耐心，喜歡照顧小孩與手作）,期待,下禮拜要換季節主題佈置了，老師好期待你們一起幫忙。,"情緒：期待
程度：0.8",期待,0.8,0.9385199546813965,200
小玲（女性，29歲，幼兒園老師，性格溫柔有耐心，喜歡照顧小孩與手作）,期待,明天我們要做黏土小動物，你想好要做什麼了嗎？,"情緒：期待
程度：0.7",期待,0.7,1.1452651023864746,200
小玲（女性，29歲，幼兒園老師，性格溫柔有耐心，喜歡照顧小孩與手作）,期待,今天有你最喜歡的故事書，我等一下唸給你聽喔。,"情緒：期待
程度：0.7",期待,0.7,1.373495101928711,200
小玲（女性，29歲，幼兒園老師，性格溫柔有耐心，喜歡照顧小孩與手作）,期待,這週末要做母親節卡片，我已經準備好好多漂亮的貼紙了。,"情緒：期待
程度：0.8",期待,0.8,0.7574729919433594,200
小玲（女性，29歲，幼兒園老師，性格溫柔有耐心，喜歡照顧小孩與手作）,期待,下個月是園遊會，我們要一起練跳舞，老師已經開始期待了！,"情緒：期待
程度：0.85",期待,0.85,0.7930707931518555,200
小玲（女性，29歲，幼兒園老師，性格溫柔有耐心，喜歡照顧小孩與手作）,期待,你說你會帶自己的作品來給大家看，老師很想看看喔。,"情緒：期待
程度：0.6",期待,0.6,1.4527051448822021,200
小玲（女性，29歲，幼兒園老師，性格溫柔有耐心，喜歡照顧小孩與手作）,期待,天氣變暖了，我們可以準備帶孩子們去戶外活動了，好期待。,"情緒：期待
程度：0.8",期待,0.8,1.0438480377197266,200
小玲（女性，29歲，幼兒園老師，性格溫柔有耐心，喜歡照顧小孩與手作）,期待,你說你喜歡種花，那下次來幫老師一起種盆栽好嗎？,"情緒：信任
程度：0.2",信任,0.2,0.8367869853973389,200
小玲（女性，29歲，幼兒園老師，性格溫柔有耐心，喜歡照顧小孩與手作）,期待,今天有新的色紙和亮片，我想你們一定會很喜歡。,"情緒：期待
程度：0.8",期待,0.8,1.8622820377349854,200
小玲（女性，29歲，幼兒園老師，性格溫柔有耐心，喜歡照顧小孩與手作）,期待,等大家睡醒，我們一起來做下午的小驚喜手工，好不好？,"情緒：期待
程度：0.8",期待,0.8,1.9057772159576416,200
小玲（女性，29歲，幼兒園老師，性格溫柔有耐心，喜歡照顧小孩與手作）,恐懼,你剛剛突然哭了，是不是有什麼事情讓你害怕？,"情緒：恐懼
程度：0.7",恐懼,0.7,1.658060073852539,200
小玲（女性，29歲，幼兒園老師，性格溫柔有耐心，喜歡照顧小孩與手作）,恐懼,老師剛剛看到你跌倒了，有沒有哪裡痛痛的？,"情緒：信任
程度：0.2",信任,0.2,0.8381381034851074,200
小玲（女性，29歲，幼兒園老師，性格溫柔有耐心，喜歡照顧小孩與手作）,恐懼,這幾天感冒的孩子比較多，我有點擔心大家會互相傳染。,"情緒：恐懼
程度：0.6",恐懼,0.6,1.1033971309661865,200
小玲（女性，29歲，幼兒園老師，性格溫柔有耐心，喜歡照顧小孩與手作）,恐懼,你剛剛咳嗽好幾聲，老師有點擔心你是不是不太舒服。,"情緒：信任
程度：0.3",信任,0.3,1.8668034076690674,200
小玲（女性，29歲，幼兒園老師，性格溫柔有耐心，喜歡照顧小孩與手作）,恐懼,今天下雨路滑，我怕你們跑太快會跌倒，要小心喔。,"情緒：恐懼
程度：0.6",恐懼,0.6,0.8394851684570312,200
小玲（女性，29歲，幼兒園老師，性格溫柔有耐心，喜歡照顧小孩與手作）,恐懼,我擔心這次的活動時間會太趕，小朋友可能會覺得很急促。,"情緒：恐懼
程度：0.7",恐懼,0.7,0.735220193862915,200
小玲（女性，29歲，幼兒園老師，性格溫柔有耐心，喜歡照顧小孩與手作）,恐懼,老師剛剛發現你的便當沒吃幾口，是不是肚子不舒服？,"情緒：信任
程度：0.2",信任,0.2,2.406109094619751,200
小玲（女性，29歲，幼兒園老師，性格溫柔有耐心，喜歡照顧小孩與手作）,恐懼,這麼晚還沒被接走，我有點擔心爸爸媽媽是不是遇到狀況了。,"情緒：恐懼
程度：0.7",恐懼,0.7,2.1528990268707275,200
小玲（女性，29歲，幼兒園老師，性格溫柔有耐心，喜歡照顧小孩與手作）,恐懼,老師最怕的是你們心裡不開心卻不說出來，我會很擔心喔。,"情緒：恐懼
程度：0.7",恐懼,0.7,0.7985899448394775,200
小玲（女性，29歲，幼兒園老師，性格溫柔有耐心，喜歡照顧小孩與手作）,恐懼,你說你夢到怪獸，那一定嚇到了吧？老師陪你不要怕。,"情緒：恐懼
程度：0.6",恐懼,0.6,1.0713460445404053,200
小玲（女性，29歲，幼兒園老師，性格溫柔有耐心，喜歡照顧小孩與手作）,厭惡,有些玩具壞了，讓我很煩。,"情緒：厭惡
程度：0.6",厭惡,0.6,0.9232950210571289,200
小玲（女性，29歲，幼兒園老師，性格溫柔有耐心，喜歡照顧小孩與手作）,厭惡,孩子吵鬧不停，讓我頭痛。,"情緒：厭惡
程度：0.7",厭惡,0.7,0.7705461978912354,200
小玲（女性，29歲，幼兒園老師，性格溫柔有耐心，喜歡照顧小孩與手作）,厭惡,有家長不遵守規定，真討厭。,"情緒：厭惡
程度：0.8",厭惡,0.8,0.8485209941864014,200
小玲（女性，29歲，幼兒園老師，性格溫柔有耐心，喜歡照顧小孩與手作）,厭惡,教室裡亂七八糟，看了很不舒服。,"情緒：厭惡
程度：0.7",厭惡,0.7,0.911592960357666,200
小玲（女性，29歲，幼兒園老師，性格溫柔有耐心，喜歡照顧小孩與手作）,厭惡,有小朋友不聽話，讓我很無奈。,"情緒：悲傷
程度：0.6",悲傷,0.6,0.8293912410736084,200
小玲（女性，29歲，幼兒園老師，性格溫柔有耐心，喜歡照顧小孩與手作）,厭惡,同事間的小吵鬧，讓氣氛很差。,"情緒：厭惡
程度：0.6",厭惡,0.6,0.8526508808135986,200
小玲（女性，29歲，幼兒園老師，性格溫柔有耐心，喜歡照顧小孩與手作）,厭惡,重複教同樣的內容，感覺很無趣。,"情緒：厭惡
程度：0.7",厭惡,0.7,1.0222399234771729,200
小玲（女性，29歲，幼兒園老師，性格溫柔有耐心，喜歡照顧小孩與手作）,厭惡,天氣太熱，孩子們都不舒服。,"情緒：悲傷
程度：0.5",悲傷,0.5,1.5632200241088867,200
小玲（女性，29歲，幼兒園老師，性格溫柔有耐心，喜歡照顧小孩與手作）,厭惡,有時候覺得被誤解，心裡不舒服。,"情緒：悲傷
程度：0.7",悲傷,0.7,0.9540748596191406,200
小玲（女性，29歲，幼兒園老師，性格溫柔有耐心，喜歡照顧小孩與手作）,厭惡,家長會拖太久，讓人厭煩。,"情緒：厭惡
程度：0.7",厭惡,0.7,0.7380616664886475,200
